row_id,actual,predicted_probability_logistic,predicted_class_logistic,predicted_probability_xgb,predicted_class_xgb,probability_difference,absolute_probability_difference,models_disagree_on_class
587,1,0.8819574371010273,1,0.6921309,1,-0.18982653710102726,0.18982653710102726,False
2610,1,0.8819574371010273,1,0.6921309,1,-0.18982653710102726,0.18982653710102726,False
2443,1,0.8094192778042747,1,0.62776345,1,-0.1816558278042747,0.1816558278042747,False
4533,1,0.7777167508826177,1,0.6105261,1,-0.16719065088261775,0.16719065088261775,False
602,1,0.846527733733776,1,0.7157218,1,-0.13080593373377603,0.13080593373377603,False
233,1,0.5530712395362687,1,0.6789834,1,0.12591216046373133,0.12591216046373133,False
3127,1,0.5530712395362687,1,0.6789834,1,0.12591216046373133,0.12591216046373133,False
3537,1,0.5530712395362687,1,0.6789834,1,0.12591216046373133,0.12591216046373133,False
1450,1,0.5530712395362687,1,0.6789834,1,0.12591216046373133,0.12591216046373133,False
2316,1,0.5530712395362687,1,0.6789834,1,0.12591216046373133,0.12591216046373133,False
5867,1,0.5530712395362687,1,0.6789834,1,0.12591216046373133,0.12591216046373133,False
2007,1,0.5530712395362687,1,0.6789834,1,0.12591216046373133,0.12591216046373133,False
3713,1,0.9181791470069716,1,0.79685426,1,-0.12132488700697153,0.12132488700697153,False
355,1,0.8700560437784681,1,0.75013965,1,-0.11991639377846808,0.11991639377846808,False
4729,0,0.4522051029077945,0,0.33274662,0,-0.11945848290779448,0.11945848290779448,False
368,0,0.4522051029077945,0,0.33274662,0,-0.11945848290779448,0.11945848290779448,False
1971,0,0.4522051029077945,0,0.33274662,0,-0.11945848290779448,0.11945848290779448,False
1905,1,0.4522051029077945,0,0.33274662,0,-0.11945848290779448,0.11945848290779448,False
4698,0,0.4522051029077945,0,0.33274662,0,-0.11945848290779448,0.11945848290779448,False
3418,0,0.4522051029077945,0,0.33274662,0,-0.11945848290779448,0.11945848290779448,False
2393,0,0.4522051029077945,0,0.33274662,0,-0.11945848290779448,0.11945848290779448,False
2178,1,0.4522051029077945,0,0.33274662,0,-0.11945848290779448,0.11945848290779448,False
3618,1,0.4522051029077945,0,0.33274662,0,-0.11945848290779448,0.11945848290779448,False
228,1,0.4522051029077945,0,0.33274662,0,-0.11945848290779448,0.11945848290779448,False
1785,0,0.4522051029077945,0,0.33274662,0,-0.11945848290779448,0.11945848290779448,False
5898,1,0.4522051029077945,0,0.33274662,0,-0.11945848290779448,0.11945848290779448,False
1337,0,0.4522051029077945,0,0.33274662,0,-0.11945848290779448,0.11945848290779448,False
645,0,0.4522051029077945,0,0.33274662,0,-0.11945848290779448,0.11945848290779448,False
3361,1,0.4522051029077945,0,0.33274662,0,-0.11945848290779448,0.11945848290779448,False
81,0,0.4522051029077945,0,0.33274662,0,-0.11945848290779448,0.11945848290779448,False
4485,0,0.5153326622751492,1,0.6331796,1,0.11784693772485078,0.11784693772485078,False
1554,1,0.5153326622751492,1,0.6331796,1,0.11784693772485078,0.11784693772485078,False
4511,1,0.5153326622751492,1,0.6331796,1,0.11784693772485078,0.11784693772485078,False
1607,1,0.5153326622751492,1,0.6331796,1,0.11784693772485078,0.11784693772485078,False
6150,1,0.5153326622751492,1,0.6331796,1,0.11784693772485078,0.11784693772485078,False
3775,1,0.5153326622751492,1,0.6331796,1,0.11784693772485078,0.11784693772485078,False
4097,1,0.5153326622751492,1,0.6331796,1,0.11784693772485078,0.11784693772485078,False
5017,1,0.5153326622751492,1,0.6331796,1,0.11784693772485078,0.11784693772485078,False
558,1,0.5153326622751492,1,0.6331796,1,0.11784693772485078,0.11784693772485078,False
2439,0,0.3886128044318243,0,0.27407077,0,-0.11454203443182426,0.11454203443182426,False
3188,0,0.3886128044318243,0,0.27407077,0,-0.11454203443182426,0.11454203443182426,False
817,1,0.3886128044318243,0,0.27407077,0,-0.11454203443182426,0.11454203443182426,False
1581,1,0.3886128044318243,0,0.27407077,0,-0.11454203443182426,0.11454203443182426,False
5126,0,0.3886128044318243,0,0.27407077,0,-0.11454203443182426,0.11454203443182426,False
5711,0,0.3886128044318243,0,0.27407077,0,-0.11454203443182426,0.11454203443182426,False
4549,0,0.3886128044318243,0,0.27407077,0,-0.11454203443182426,0.11454203443182426,False
5378,1,0.3886128044318243,0,0.27407077,0,-0.11454203443182426,0.11454203443182426,False
4623,0,0.3886128044318243,0,0.27407077,0,-0.11454203443182426,0.11454203443182426,False
4435,1,0.3886128044318243,0,0.27407077,0,-0.11454203443182426,0.11454203443182426,False
4478,0,0.3277737588034179,0,0.21620306,0,-0.11157069880341791,0.11157069880341791,False
5603,1,0.3277737588034179,0,0.21620306,0,-0.11157069880341791,0.11157069880341791,False
3556,1,0.3277737588034179,0,0.21620306,0,-0.11157069880341791,0.11157069880341791,False
5305,0,0.3277737588034179,0,0.21620306,0,-0.11157069880341791,0.11157069880341791,False
5866,0,0.3277737588034179,0,0.21620306,0,-0.11157069880341791,0.11157069880341791,False
1850,0,0.3277737588034179,0,0.21620306,0,-0.11157069880341791,0.11157069880341791,False
2726,0,0.3277737588034179,0,0.21620306,0,-0.11157069880341791,0.11157069880341791,False
899,0,0.3277737588034179,0,0.21620306,0,-0.11157069880341791,0.11157069880341791,False
894,0,0.3277737588034179,0,0.21620306,0,-0.11157069880341791,0.11157069880341791,False
1677,0,0.3277737588034179,0,0.21620306,0,-0.11157069880341791,0.11157069880341791,False
4943,1,0.3277737588034179,0,0.21620306,0,-0.11157069880341791,0.11157069880341791,False
5807,0,0.3277737588034179,0,0.21620306,0,-0.11157069880341791,0.11157069880341791,False
2346,0,0.3277737588034179,0,0.21620306,0,-0.11157069880341791,0.11157069880341791,False
45,0,0.3277737588034179,0,0.21620306,0,-0.11157069880341791,0.11157069880341791,False
1049,1,0.3277737588034179,0,0.21620306,0,-0.11157069880341791,0.11157069880341791,False
6024,0,0.3277737588034179,0,0.21620306,0,-0.11157069880341791,0.11157069880341791,False
2307,0,0.3277737588034179,0,0.21620306,0,-0.11157069880341791,0.11157069880341791,False
5105,1,0.6164410777994664,1,0.727349,1,0.11090792220053358,0.11090792220053358,False
4334,1,0.6164410777994664,1,0.727349,1,0.11090792220053358,0.11090792220053358,False
1190,1,0.6164410777994664,1,0.727349,1,0.11090792220053358,0.11090792220053358,False
1238,1,0.6164410777994664,1,0.727349,1,0.11090792220053358,0.11090792220053358,False
3612,1,0.6164410777994664,1,0.727349,1,0.11090792220053358,0.11090792220053358,False
4105,0,0.6164410777994664,1,0.727349,1,0.11090792220053358,0.11090792220053358,False
472,1,0.6164410777994664,1,0.727349,1,0.11090792220053358,0.11090792220053358,False
4100,1,0.6164410777994664,1,0.727349,1,0.11090792220053358,0.11090792220053358,False
1165,0,0.6164410777994664,1,0.727349,1,0.11090792220053358,0.11090792220053358,False
3076,1,0.6164410777994664,1,0.727349,1,0.11090792220053358,0.11090792220053358,False
4237,0,0.6164410777994664,1,0.727349,1,0.11090792220053358,0.11090792220053358,False
2934,1,0.6164410777994664,1,0.727349,1,0.11090792220053358,0.11090792220053358,False
302,1,0.6164410777994664,1,0.727349,1,0.11090792220053358,0.11090792220053358,False
3383,1,0.6164410777994664,1,0.727349,1,0.11090792220053358,0.11090792220053358,False
3323,1,0.6164410777994664,1,0.727349,1,0.11090792220053358,0.11090792220053358,False
1895,1,0.6164410777994664,1,0.727349,1,0.11090792220053358,0.11090792220053358,False
2509,1,0.6164410777994664,1,0.727349,1,0.11090792220053358,0.11090792220053358,False
1446,0,0.6164410777994664,1,0.727349,1,0.11090792220053358,0.11090792220053358,False
1547,1,0.6164410777994664,1,0.727349,1,0.11090792220053358,0.11090792220053358,False
2280,1,0.6164410777994664,1,0.727349,1,0.11090792220053358,0.11090792220053358,False
3828,0,0.7209008413095469,1,0.6105261,1,-0.11037474130954694,0.11037474130954694,False
1277,1,0.7209008413095469,1,0.6105261,1,-0.11037474130954694,0.11037474130954694,False
3069,0,0.7209008413095469,1,0.6105261,1,-0.11037474130954694,0.11037474130954694,False
5153,1,0.7209008413095469,1,0.6105261,1,-0.11037474130954694,0.11037474130954694,False
2060,1,0.7209008413095469,1,0.6105261,1,-0.11037474130954694,0.11037474130954694,False
5885,1,0.8543103580802365,1,0.7464607,1,-0.1078496580802365,0.1078496580802365,False
1830,0,0.8543103580802365,1,0.7464607,1,-0.1078496580802365,0.1078496580802365,False
6047,0,0.4674412067867433,0,0.5735298,1,0.1060885932132567,0.1060885932132567,True
1865,0,0.5799898600671817,1,0.6852471,1,0.10525723993281833,0.10525723993281833,False
2394,1,0.5799898600671817,1,0.6852471,1,0.10525723993281833,0.10525723993281833,False
846,0,0.5799898600671817,1,0.6852471,1,0.10525723993281833,0.10525723993281833,False
3466,1,0.5799898600671817,1,0.6852471,1,0.10525723993281833,0.10525723993281833,False
5059,1,0.5799898600671817,1,0.6852471,1,0.10525723993281833,0.10525723993281833,False
3893,1,0.5799898600671817,1,0.6852471,1,0.10525723993281833,0.10525723993281833,False
4538,1,0.5799898600671817,1,0.6852471,1,0.10525723993281833,0.10525723993281833,False
4402,1,0.5799898600671817,1,0.6852471,1,0.10525723993281833,0.10525723993281833,False
3718,1,0.5799898600671817,1,0.6852471,1,0.10525723993281833,0.10525723993281833,False
1498,0,0.5799898600671817,1,0.6852471,1,0.10525723993281833,0.10525723993281833,False
3090,1,0.5799898600671817,1,0.6852471,1,0.10525723993281833,0.10525723993281833,False
5251,0,0.5799898600671817,1,0.6852471,1,0.10525723993281833,0.10525723993281833,False
3201,1,0.5799898600671817,1,0.6852471,1,0.10525723993281833,0.10525723993281833,False
4866,1,0.5799898600671817,1,0.6852471,1,0.10525723993281833,0.10525723993281833,False
3548,1,0.5799898600671817,1,0.6852471,1,0.10525723993281833,0.10525723993281833,False
4111,1,0.5799898600671817,1,0.6852471,1,0.10525723993281833,0.10525723993281833,False
4312,0,0.2729605969300023,0,0.16814317,0,-0.10481742693000229,0.10481742693000229,False
3260,0,0.2729605969300023,0,0.16814317,0,-0.10481742693000229,0.10481742693000229,False
4222,0,0.2729605969300023,0,0.16814317,0,-0.10481742693000229,0.10481742693000229,False
1549,0,0.2729605969300023,0,0.16814317,0,-0.10481742693000229,0.10481742693000229,False
2043,0,0.2729605969300023,0,0.16814317,0,-0.10481742693000229,0.10481742693000229,False
2144,0,0.2729605969300023,0,0.16814317,0,-0.10481742693000229,0.10481742693000229,False
1860,1,0.2729605969300023,0,0.16814317,0,-0.10481742693000229,0.10481742693000229,False
2254,0,0.2729605969300023,0,0.16814317,0,-0.10481742693000229,0.10481742693000229,False
1839,0,0.2729605969300023,0,0.16814317,0,-0.10481742693000229,0.10481742693000229,False
2470,0,0.2729605969300023,0,0.16814317,0,-0.10481742693000229,0.10481742693000229,False
2708,0,0.2729605969300023,0,0.16814317,0,-0.10481742693000229,0.10481742693000229,False
2724,0,0.2729605969300023,0,0.16814317,0,-0.10481742693000229,0.10481742693000229,False
2955,0,0.2729605969300023,0,0.16814317,0,-0.10481742693000229,0.10481742693000229,False
4072,0,0.2729605969300023,0,0.16814317,0,-0.10481742693000229,0.10481742693000229,False
1500,0,0.2729605969300023,0,0.16814317,0,-0.10481742693000229,0.10481742693000229,False
3091,1,0.2729605969300023,0,0.16814317,0,-0.10481742693000229,0.10481742693000229,False
3155,1,0.2729605969300023,0,0.16814317,0,-0.10481742693000229,0.10481742693000229,False
3436,0,0.2729605969300023,0,0.16814317,0,-0.10481742693000229,0.10481742693000229,False
3629,0,0.2729605969300023,0,0.16814317,0,-0.10481742693000229,0.10481742693000229,False
3715,0,0.2729605969300023,0,0.16814317,0,-0.10481742693000229,0.10481742693000229,False
3770,0,0.2729605969300023,0,0.16814317,0,-0.10481742693000229,0.10481742693000229,False
3787,1,0.2729605969300023,0,0.16814317,0,-0.10481742693000229,0.10481742693000229,False
4791,0,0.2729605969300023,0,0.16814317,0,-0.10481742693000229,0.10481742693000229,False
2000,1,0.2729605969300023,0,0.16814317,0,-0.10481742693000229,0.10481742693000229,False
5152,0,0.2729605969300023,0,0.16814317,0,-0.10481742693000229,0.10481742693000229,False
5439,0,0.2729605969300023,0,0.16814317,0,-0.10481742693000229,0.10481742693000229,False
488,0,0.2729605969300023,0,0.16814317,0,-0.10481742693000229,0.10481742693000229,False
4955,0,0.2729605969300023,0,0.16814317,0,-0.10481742693000229,0.10481742693000229,False
5246,1,0.2729605969300023,0,0.16814317,0,-0.10481742693000229,0.10481742693000229,False
5747,1,0.2729605969300023,0,0.16814317,0,-0.10481742693000229,0.10481742693000229,False
4908,1,0.2729605969300023,0,0.16814317,0,-0.10481742693000229,0.10481742693000229,False
5213,0,0.2729605969300023,0,0.16814317,0,-0.10481742693000229,0.10481742693000229,False
5814,0,0.2729605969300023,0,0.16814317,0,-0.10481742693000229,0.10481742693000229,False
6032,1,0.6516289627757721,1,0.75630265,1,0.10467368722422787,0.10467368722422787,False
5155,1,0.6516289627757721,1,0.75630265,1,0.10467368722422787,0.10467368722422787,False
5388,1,0.6516289627757721,1,0.75630265,1,0.10467368722422787,0.10467368722422787,False
5165,1,0.6516289627757721,1,0.75630265,1,0.10467368722422787,0.10467368722422787,False
5712,0,0.6516289627757721,1,0.75630265,1,0.10467368722422787,0.10467368722422787,False
4739,1,0.8768191561666936,1,0.7725351,1,-0.10428405616669356,0.10428405616669356,False
2098,1,0.8768191561666936,1,0.7725351,1,-0.10428405616669356,0.10428405616669356,False
5414,1,0.5953161070243558,1,0.697803,1,0.10248689297564417,0.10248689297564417,False
2768,0,0.4774184123713099,0,0.5789623,1,0.10154388762869015,0.10154388762869015,True
2799,1,0.4774184123713099,0,0.5789623,1,0.10154388762869015,0.10154388762869015,True
5125,1,0.4774184123713099,0,0.5789623,1,0.10154388762869015,0.10154388762869015,True
5793,0,0.4774184123713099,0,0.5789623,1,0.10154388762869015,0.10154388762869015,True
5908,0,0.4774184123713099,0,0.5789623,1,0.10154388762869015,0.10154388762869015,True
4381,1,0.4774184123713099,0,0.5789623,1,0.10154388762869015,0.10154388762869015,True
2294,0,0.4774184123713099,0,0.5789623,1,0.10154388762869015,0.10154388762869015,True
372,1,0.4774184123713099,0,0.5789623,1,0.10154388762869015,0.10154388762869015,True
2710,0,0.4774184123713099,0,0.5789623,1,0.10154388762869015,0.10154388762869015,True
3268,1,0.4774184123713099,0,0.5789623,1,0.10154388762869015,0.10154388762869015,True
2722,1,0.4774184123713099,0,0.5789623,1,0.10154388762869015,0.10154388762869015,True
5817,0,0.4774184123713099,0,0.5789623,1,0.10154388762869015,0.10154388762869015,True
2411,1,0.4774184123713099,0,0.5789623,1,0.10154388762869015,0.10154388762869015,True
1935,0,0.4774184123713099,0,0.5789623,1,0.10154388762869015,0.10154388762869015,True
2140,0,0.4774184123713099,0,0.5789623,1,0.10154388762869015,0.10154388762869015,True
5281,0,0.4774184123713099,0,0.5789623,1,0.10154388762869015,0.10154388762869015,True
1991,1,0.8257621366712007,1,0.72624713,1,-0.09951500667120072,0.09951500667120072,False
706,0,0.9260476375528351,1,0.82780135,1,-0.09824628755283515,0.09824628755283515,False
2104,1,0.9260476375528351,1,0.82780135,1,-0.09824628755283515,0.09824628755283515,False
5285,0,0.9260476375528351,1,0.82780135,1,-0.09824628755283515,0.09824628755283515,False
2543,1,0.946499201761406,1,0.8521751,1,-0.09432410176140604,0.09432410176140604,False
2858,1,0.4346120910237269,0,0.52734274,1,0.09273064897627314,0.09273064897627314,True
5649,1,0.4346120910237269,0,0.52734274,1,0.09273064897627314,0.09273064897627314,True
3008,0,0.4346120910237269,0,0.52734274,1,0.09273064897627314,0.09273064897627314,True
834,0,0.4346120910237269,0,0.52734274,1,0.09273064897627314,0.09273064897627314,True
3596,0,0.4346120910237269,0,0.52734274,1,0.09273064897627314,0.09273064897627314,True
1416,0,0.9433144692651984,1,0.8510542,1,-0.09226026926519837,0.09226026926519837,False
5496,0,0.9433144692651984,1,0.8510542,1,-0.09226026926519837,0.09226026926519837,False
2804,1,0.6654222671363806,1,0.573611,1,-0.09181126713638066,0.09181126713638066,False
5829,1,0.9913574505851386,1,0.9004006,1,-0.09095685058513858,0.09095685058513858,False
2179,1,0.6611225705367865,1,0.7511257,1,0.09000312946321354,0.09000312946321354,False
2658,0,0.486993746213914,0,0.5765499,1,0.08955615378608595,0.08955615378608595,True
5195,0,0.486993746213914,0,0.5765499,1,0.08955615378608595,0.08955615378608595,True
3534,1,0.486993746213914,0,0.5765499,1,0.08955615378608595,0.08955615378608595,True
5352,1,0.486993746213914,0,0.5765499,1,0.08955615378608595,0.08955615378608595,True
4081,1,0.486993746213914,0,0.5765499,1,0.08955615378608595,0.08955615378608595,True
1224,1,0.486993746213914,0,0.5765499,1,0.08955615378608595,0.08955615378608595,True
1507,1,0.486993746213914,0,0.5765499,1,0.08955615378608595,0.08955615378608595,True
2812,0,0.486993746213914,0,0.5765499,1,0.08955615378608595,0.08955615378608595,True
239,0,0.486993746213914,0,0.5765499,1,0.08955615378608595,0.08955615378608595,True
3552,1,0.486993746213914,0,0.5765499,1,0.08955615378608595,0.08955615378608595,True
578,0,0.486993746213914,0,0.5765499,1,0.08955615378608595,0.08955615378608595,True
6104,0,0.486993746213914,0,0.5765499,1,0.08955615378608595,0.08955615378608595,True
5901,1,0.486993746213914,0,0.5765499,1,0.08955615378608595,0.08955615378608595,True
4130,0,0.486993746213914,0,0.5765499,1,0.08955615378608595,0.08955615378608595,True
937,0,0.486993746213914,0,0.5765499,1,0.08955615378608595,0.08955615378608595,True
5416,0,0.486993746213914,0,0.5765499,1,0.08955615378608595,0.08955615378608595,True
3169,0,0.486993746213914,0,0.5765499,1,0.08955615378608595,0.08955615378608595,True
4411,1,0.486993746213914,0,0.5765499,1,0.08955615378608595,0.08955615378608595,True
718,0,0.486993746213914,0,0.5765499,1,0.08955615378608595,0.08955615378608595,True
4916,0,0.486993746213914,0,0.5765499,1,0.08955615378608595,0.08955615378608595,True
5072,0,0.486993746213914,0,0.5765499,1,0.08955615378608595,0.08955615378608595,True
767,1,0.486993746213914,0,0.5765499,1,0.08955615378608595,0.08955615378608595,True
3728,1,0.8260366514716188,1,0.7372632,1,-0.08877345147161875,0.08877345147161875,False
4624,1,0.4222805084562859,0,0.5109686,1,0.0886880915437141,0.0886880915437141,True
507,1,0.4222805084562859,0,0.5109686,1,0.0886880915437141,0.0886880915437141,True
5698,1,0.4222805084562859,0,0.5109686,1,0.0886880915437141,0.0886880915437141,True
2278,1,0.4222805084562859,0,0.5109686,1,0.0886880915437141,0.0886880915437141,True
4615,1,0.4222805084562859,0,0.5109686,1,0.0886880915437141,0.0886880915437141,True
5732,0,0.4222805084562859,0,0.5109686,1,0.0886880915437141,0.0886880915437141,True
4388,0,0.4222805084562859,0,0.5109686,1,0.0886880915437141,0.0886880915437141,True
3861,1,0.4222805084562859,0,0.5109686,1,0.0886880915437141,0.0886880915437141,True
5069,1,0.4222805084562859,0,0.5109686,1,0.0886880915437141,0.0886880915437141,True
5756,0,0.4222805084562859,0,0.5109686,1,0.0886880915437141,0.0886880915437141,True
5761,1,0.4222805084562859,0,0.5109686,1,0.0886880915437141,0.0886880915437141,True
1614,1,0.8343917839658128,1,0.7464607,1,-0.08793108396581284,0.08793108396581284,False
5569,1,0.8343917839658128,1,0.7464607,1,-0.08793108396581284,0.08793108396581284,False
73,1,0.8343917839658128,1,0.7464607,1,-0.08793108396581284,0.08793108396581284,False
331,1,0.8343917839658128,1,0.7464607,1,-0.08793108396581284,0.08793108396581284,False
4845,1,0.8343917839658128,1,0.7464607,1,-0.08793108396581284,0.08793108396581284,False
797,1,0.8343917839658128,1,0.7464607,1,-0.08793108396581284,0.08793108396581284,False
5224,1,0.4721985921412168,0,0.55973744,1,0.08753884785878324,0.08753884785878324,True
618,1,0.4721985921412168,0,0.55973744,1,0.08753884785878324,0.08753884785878324,True
895,1,0.4721985921412168,0,0.55973744,1,0.08753884785878324,0.08753884785878324,True
4382,0,0.4721985921412168,0,0.55973744,1,0.08753884785878324,0.08753884785878324,True
3365,0,0.4721985921412168,0,0.55973744,1,0.08753884785878324,0.08753884785878324,True
3048,0,0.4721985921412168,0,0.55973744,1,0.08753884785878324,0.08753884785878324,True
1491,1,0.375838428444568,0,0.29059476,0,-0.08524366844456799,0.08524366844456799,False
1501,0,0.375838428444568,0,0.29059476,0,-0.08524366844456799,0.08524366844456799,False
3225,0,0.375838428444568,0,0.29059476,0,-0.08524366844456799,0.08524366844456799,False
5615,0,0.375838428444568,0,0.29059476,0,-0.08524366844456799,0.08524366844456799,False
334,0,0.375838428444568,0,0.29059476,0,-0.08524366844456799,0.08524366844456799,False
3111,1,0.375838428444568,0,0.29059476,0,-0.08524366844456799,0.08524366844456799,False
7,0,0.375838428444568,0,0.29059476,0,-0.08524366844456799,0.08524366844456799,False
5637,0,0.375838428444568,0,0.29059476,0,-0.08524366844456799,0.08524366844456799,False
743,0,0.375838428444568,0,0.29059476,0,-0.08524366844456799,0.08524366844456799,False
206,1,0.375838428444568,0,0.29059476,0,-0.08524366844456799,0.08524366844456799,False
3043,0,0.375838428444568,0,0.29059476,0,-0.08524366844456799,0.08524366844456799,False
5690,1,0.375838428444568,0,0.29059476,0,-0.08524366844456799,0.08524366844456799,False
2028,0,0.375838428444568,0,0.29059476,0,-0.08524366844456799,0.08524366844456799,False
1989,0,0.375838428444568,0,0.29059476,0,-0.08524366844456799,0.08524366844456799,False
2040,0,0.375838428444568,0,0.29059476,0,-0.08524366844456799,0.08524366844456799,False
2085,0,0.375838428444568,0,0.29059476,0,-0.08524366844456799,0.08524366844456799,False
2122,0,0.375838428444568,0,0.29059476,0,-0.08524366844456799,0.08524366844456799,False
39,1,0.375838428444568,0,0.29059476,0,-0.08524366844456799,0.08524366844456799,False
6045,0,0.375838428444568,0,0.29059476,0,-0.08524366844456799,0.08524366844456799,False
1874,0,0.375838428444568,0,0.29059476,0,-0.08524366844456799,0.08524366844456799,False
2236,1,0.375838428444568,0,0.29059476,0,-0.08524366844456799,0.08524366844456799,False
2282,0,0.375838428444568,0,0.29059476,0,-0.08524366844456799,0.08524366844456799,False
5886,0,0.375838428444568,0,0.29059476,0,-0.08524366844456799,0.08524366844456799,False
142,0,0.375838428444568,0,0.29059476,0,-0.08524366844456799,0.08524366844456799,False
1760,0,0.375838428444568,0,0.29059476,0,-0.08524366844456799,0.08524366844456799,False
5850,0,0.375838428444568,0,0.29059476,0,-0.08524366844456799,0.08524366844456799,False
1735,0,0.375838428444568,0,0.29059476,0,-0.08524366844456799,0.08524366844456799,False
1711,0,0.375838428444568,0,0.29059476,0,-0.08524366844456799,0.08524366844456799,False
5811,0,0.375838428444568,0,0.29059476,0,-0.08524366844456799,0.08524366844456799,False
2487,0,0.375838428444568,0,0.29059476,0,-0.08524366844456799,0.08524366844456799,False
2716,0,0.375838428444568,0,0.29059476,0,-0.08524366844456799,0.08524366844456799,False
5720,0,0.375838428444568,0,0.29059476,0,-0.08524366844456799,0.08524366844456799,False
1544,0,0.375838428444568,0,0.29059476,0,-0.08524366844456799,0.08524366844456799,False
363,0,0.375838428444568,0,0.29059476,0,-0.08524366844456799,0.08524366844456799,False
3293,0,0.375838428444568,0,0.29059476,0,-0.08524366844456799,0.08524366844456799,False
3895,0,0.375838428444568,0,0.29059476,0,-0.08524366844456799,0.08524366844456799,False
4034,1,0.375838428444568,0,0.29059476,0,-0.08524366844456799,0.08524366844456799,False
1132,0,0.375838428444568,0,0.29059476,0,-0.08524366844456799,0.08524366844456799,False
4028,0,0.375838428444568,0,0.29059476,0,-0.08524366844456799,0.08524366844456799,False
3585,1,0.375838428444568,0,0.29059476,0,-0.08524366844456799,0.08524366844456799,False
3931,1,0.375838428444568,0,0.29059476,0,-0.08524366844456799,0.08524366844456799,False
4715,0,0.375838428444568,0,0.29059476,0,-0.08524366844456799,0.08524366844456799,False
5000,0,0.375838428444568,0,0.29059476,0,-0.08524366844456799,0.08524366844456799,False
3277,1,0.375838428444568,0,0.29059476,0,-0.08524366844456799,0.08524366844456799,False
888,0,0.375838428444568,0,0.29059476,0,-0.08524366844456799,0.08524366844456799,False
4994,1,0.375838428444568,0,0.29059476,0,-0.08524366844456799,0.08524366844456799,False
1124,1,0.375838428444568,0,0.29059476,0,-0.08524366844456799,0.08524366844456799,False
5218,0,0.375838428444568,0,0.29059476,0,-0.08524366844456799,0.08524366844456799,False
5002,0,0.375838428444568,0,0.29059476,0,-0.08524366844456799,0.08524366844456799,False
3729,1,0.375838428444568,0,0.29059476,0,-0.08524366844456799,0.08524366844456799,False
4587,0,0.375838428444568,0,0.29059476,0,-0.08524366844456799,0.08524366844456799,False
3763,0,0.375838428444568,0,0.29059476,0,-0.08524366844456799,0.08524366844456799,False
1150,0,0.375838428444568,0,0.29059476,0,-0.08524366844456799,0.08524366844456799,False
5173,0,0.375838428444568,0,0.29059476,0,-0.08524366844456799,0.08524366844456799,False
3883,0,0.375838428444568,0,0.29059476,0,-0.08524366844456799,0.08524366844456799,False
5198,0,0.375838428444568,0,0.29059476,0,-0.08524366844456799,0.08524366844456799,False
827,0,0.375838428444568,0,0.29059476,0,-0.08524366844456799,0.08524366844456799,False
729,0,0.375838428444568,0,0.29059476,0,-0.08524366844456799,0.08524366844456799,False
5196,1,0.375838428444568,0,0.29059476,0,-0.08524366844456799,0.08524366844456799,False
3390,1,0.375838428444568,0,0.29059476,0,-0.08524366844456799,0.08524366844456799,False
420,0,0.375838428444568,0,0.29059476,0,-0.08524366844456799,0.08524366844456799,False
4486,0,0.375838428444568,0,0.29059476,0,-0.08524366844456799,0.08524366844456799,False
5026,0,0.375838428444568,0,0.29059476,0,-0.08524366844456799,0.08524366844456799,False
4429,1,0.375838428444568,0,0.29059476,0,-0.08524366844456799,0.08524366844456799,False
4822,1,0.375838428444568,0,0.29059476,0,-0.08524366844456799,0.08524366844456799,False
1376,0,0.375838428444568,0,0.29059476,0,-0.08524366844456799,0.08524366844456799,False
5139,0,0.375838428444568,0,0.29059476,0,-0.08524366844456799,0.08524366844456799,False
3305,0,0.375838428444568,0,0.29059476,0,-0.08524366844456799,0.08524366844456799,False
1355,0,0.375838428444568,0,0.29059476,0,-0.08524366844456799,0.08524366844456799,False
737,1,0.375838428444568,0,0.29059476,0,-0.08524366844456799,0.08524366844456799,False
4295,0,0.375838428444568,0,0.29059476,0,-0.08524366844456799,0.08524366844456799,False
1272,0,0.375838428444568,0,0.29059476,0,-0.08524366844456799,0.08524366844456799,False
2029,0,0.4569783225504711,0,0.54144865,1,0.08447032744952887,0.08447032744952887,True
4770,1,0.4569783225504711,0,0.54144865,1,0.08447032744952887,0.08447032744952887,True
38,0,0.4569783225504711,0,0.54144865,1,0.08447032744952887,0.08447032744952887,True
2404,1,0.7950593465539475,1,0.7114591,1,-0.08360024655394749,0.08360024655394749,False
5957,0,0.5478914799327439,1,0.63057315,1,0.08268167006725613,0.08268167006725613,False
3574,1,0.5478914799327439,1,0.63057315,1,0.08268167006725613,0.08268167006725613,False
424,1,0.9817234160315996,1,0.9004006,1,-0.08132281603159963,0.08132281603159963,False
1004,0,0.3718145879635556,0,0.45169258,0,0.07987799203644441,0.07987799203644441,False
4507,1,0.3718145879635556,0,0.45169258,0,0.07987799203644441,0.07987799203644441,False
5029,0,0.3718145879635556,0,0.45169258,0,0.07987799203644441,0.07987799203644441,False
3030,1,0.3718145879635556,0,0.45169258,0,0.07987799203644441,0.07987799203644441,False
2434,1,0.3718145879635556,0,0.45169258,0,0.07987799203644441,0.07987799203644441,False
2255,1,0.5851358005861632,1,0.6649559,1,0.07982009941383683,0.07982009941383683,False
1869,1,0.5851358005861632,1,0.6649559,1,0.07982009941383683,0.07982009941383683,False
5012,1,0.5851358005861632,1,0.6649559,1,0.07982009941383683,0.07982009941383683,False
5620,1,0.5851358005861632,1,0.6649559,1,0.07982009941383683,0.07982009941383683,False
4971,1,0.6449714178554717,1,0.72476834,1,0.07979692214452827,0.07979692214452827,False
2548,0,0.6449714178554717,1,0.72476834,1,0.07979692214452827,0.07979692214452827,False
5622,1,0.6449714178554717,1,0.72476834,1,0.07979692214452827,0.07979692214452827,False
1146,1,0.5249046157994184,1,0.6045388,1,0.07963418420058166,0.07963418420058166,False
404,1,0.5249046157994184,1,0.6045388,1,0.07963418420058166,0.07963418420058166,False
4887,1,0.5249046157994184,1,0.6045388,1,0.07963418420058166,0.07963418420058166,False
1780,0,0.5249046157994184,1,0.6045388,1,0.07963418420058166,0.07963418420058166,False
1773,0,0.5249046157994184,1,0.6045388,1,0.07963418420058166,0.07963418420058166,False
995,1,0.5249046157994184,1,0.6045388,1,0.07963418420058166,0.07963418420058166,False
4307,1,0.5249046157994184,1,0.6045388,1,0.07963418420058166,0.07963418420058166,False
2038,1,0.5249046157994184,1,0.6045388,1,0.07963418420058166,0.07963418420058166,False
6157,0,0.5249046157994184,1,0.6045388,1,0.07963418420058166,0.07963418420058166,False
5985,1,0.5249046157994184,1,0.6045388,1,0.07963418420058166,0.07963418420058166,False
418,1,0.5249046157994184,1,0.6045388,1,0.07963418420058166,0.07963418420058166,False
3057,0,0.5249046157994184,1,0.6045388,1,0.07963418420058166,0.07963418420058166,False
1855,0,0.5249046157994184,1,0.6045388,1,0.07963418420058166,0.07963418420058166,False
2958,0,0.5249046157994184,1,0.6045388,1,0.07963418420058166,0.07963418420058166,False
1241,1,0.5249046157994184,1,0.6045388,1,0.07963418420058166,0.07963418420058166,False
4700,1,0.5249046157994184,1,0.6045388,1,0.07963418420058166,0.07963418420058166,False
5221,0,0.5249046157994184,1,0.6045388,1,0.07963418420058166,0.07963418420058166,False
5252,0,0.5249046157994184,1,0.6045388,1,0.07963418420058166,0.07963418420058166,False
5253,0,0.8968621990803755,1,0.8175837,1,-0.07927849908037543,0.07927849908037543,False
6005,0,0.3167751481853326,0,0.23778884,0,-0.07898630818533259,0.07898630818533259,False
2031,0,0.3167751481853326,0,0.23778884,0,-0.07898630818533259,0.07898630818533259,False
4872,0,0.3167751481853326,0,0.23778884,0,-0.07898630818533259,0.07898630818533259,False
4905,0,0.3167751481853326,0,0.23778884,0,-0.07898630818533259,0.07898630818533259,False
4917,1,0.3167751481853326,0,0.23778884,0,-0.07898630818533259,0.07898630818533259,False
4996,0,0.3167751481853326,0,0.23778884,0,-0.07898630818533259,0.07898630818533259,False
4570,1,0.3167751481853326,0,0.23778884,0,-0.07898630818533259,0.07898630818533259,False
6148,0,0.3167751481853326,0,0.23778884,0,-0.07898630818533259,0.07898630818533259,False
6126,0,0.3167751481853326,0,0.23778884,0,-0.07898630818533259,0.07898630818533259,False
2164,0,0.3167751481853326,0,0.23778884,0,-0.07898630818533259,0.07898630818533259,False
3273,0,0.3167751481853326,0,0.23778884,0,-0.07898630818533259,0.07898630818533259,False
4458,0,0.3167751481853326,0,0.23778884,0,-0.07898630818533259,0.07898630818533259,False
3084,0,0.3167751481853326,0,0.23778884,0,-0.07898630818533259,0.07898630818533259,False
5689,1,0.3167751481853326,0,0.23778884,0,-0.07898630818533259,0.07898630818533259,False
3058,0,0.3167751481853326,0,0.23778884,0,-0.07898630818533259,0.07898630818533259,False
5673,0,0.3167751481853326,0,0.23778884,0,-0.07898630818533259,0.07898630818533259,False
3071,0,0.3167751481853326,0,0.23778884,0,-0.07898630818533259,0.07898630818533259,False
3546,0,0.3167751481853326,0,0.23778884,0,-0.07898630818533259,0.07898630818533259,False
3420,1,0.3167751481853326,0,0.23778884,0,-0.07898630818533259,0.07898630818533259,False
5370,0,0.3167751481853326,0,0.23778884,0,-0.07898630818533259,0.07898630818533259,False
4266,0,0.3167751481853326,0,0.23778884,0,-0.07898630818533259,0.07898630818533259,False
3396,1,0.3167751481853326,0,0.23778884,0,-0.07898630818533259,0.07898630818533259,False
3300,1,0.3167751481853326,0,0.23778884,0,-0.07898630818533259,0.07898630818533259,False
3185,1,0.3167751481853326,0,0.23778884,0,-0.07898630818533259,0.07898630818533259,False
5419,1,0.3167751481853326,0,0.23778884,0,-0.07898630818533259,0.07898630818533259,False
3224,0,0.3167751481853326,0,0.23778884,0,-0.07898630818533259,0.07898630818533259,False
3281,0,0.3167751481853326,0,0.23778884,0,-0.07898630818533259,0.07898630818533259,False
2931,1,0.3167751481853326,0,0.23778884,0,-0.07898630818533259,0.07898630818533259,False
3598,0,0.3167751481853326,0,0.23778884,0,-0.07898630818533259,0.07898630818533259,False
5697,0,0.3167751481853326,0,0.23778884,0,-0.07898630818533259,0.07898630818533259,False
2865,1,0.3167751481853326,0,0.23778884,0,-0.07898630818533259,0.07898630818533259,False
3721,1,0.3167751481853326,0,0.23778884,0,-0.07898630818533259,0.07898630818533259,False
3754,0,0.3167751481853326,0,0.23778884,0,-0.07898630818533259,0.07898630818533259,False
5744,0,0.3167751481853326,0,0.23778884,0,-0.07898630818533259,0.07898630818533259,False
2637,0,0.3167751481853326,0,0.23778884,0,-0.07898630818533259,0.07898630818533259,False
5750,1,0.3167751481853326,0,0.23778884,0,-0.07898630818533259,0.07898630818533259,False
2574,0,0.3167751481853326,0,0.23778884,0,-0.07898630818533259,0.07898630818533259,False
2563,0,0.3167751481853326,0,0.23778884,0,-0.07898630818533259,0.07898630818533259,False
3903,1,0.3167751481853326,0,0.23778884,0,-0.07898630818533259,0.07898630818533259,False
2501,0,0.3167751481853326,0,0.23778884,0,-0.07898630818533259,0.07898630818533259,False
3986,1,0.3167751481853326,0,0.23778884,0,-0.07898630818533259,0.07898630818533259,False
4076,0,0.3167751481853326,0,0.23778884,0,-0.07898630818533259,0.07898630818533259,False
5142,1,0.3167751481853326,0,0.23778884,0,-0.07898630818533259,0.07898630818533259,False
4161,0,0.3167751481853326,0,0.23778884,0,-0.07898630818533259,0.07898630818533259,False
3,0,0.3167751481853326,0,0.23778884,0,-0.07898630818533259,0.07898630818533259,False
6165,1,0.3167751481853326,0,0.23778884,0,-0.07898630818533259,0.07898630818533259,False
1479,0,0.3167751481853326,0,0.23778884,0,-0.07898630818533259,0.07898630818533259,False
962,0,0.3167751481853326,0,0.23778884,0,-0.07898630818533259,0.07898630818533259,False
1265,0,0.3167751481853326,0,0.23778884,0,-0.07898630818533259,0.07898630818533259,False
1107,0,0.3167751481853326,0,0.23778884,0,-0.07898630818533259,0.07898630818533259,False
48,0,0.3167751481853326,0,0.23778884,0,-0.07898630818533259,0.07898630818533259,False
1070,0,0.3167751481853326,0,0.23778884,0,-0.07898630818533259,0.07898630818533259,False
607,1,0.3167751481853326,0,0.23778884,0,-0.07898630818533259,0.07898630818533259,False
571,1,0.3167751481853326,0,0.23778884,0,-0.07898630818533259,0.07898630818533259,False
1323,1,0.3167751481853326,0,0.23778884,0,-0.07898630818533259,0.07898630818533259,False
1366,0,0.3167751481853326,0,0.23778884,0,-0.07898630818533259,0.07898630818533259,False
531,0,0.3167751481853326,0,0.23778884,0,-0.07898630818533259,0.07898630818533259,False
369,0,0.3167751481853326,0,0.23778884,0,-0.07898630818533259,0.07898630818533259,False
1625,0,0.3167751481853326,0,0.23778884,0,-0.07898630818533259,0.07898630818533259,False
1034,0,0.3167751481853326,0,0.23778884,0,-0.07898630818533259,0.07898630818533259,False
1534,0,0.3167751481853326,0,0.23778884,0,-0.07898630818533259,0.07898630818533259,False
497,1,0.3167751481853326,0,0.23778884,0,-0.07898630818533259,0.07898630818533259,False
292,0,0.3167751481853326,0,0.23778884,0,-0.07898630818533259,0.07898630818533259,False
354,1,0.3167751481853326,0,0.23778884,0,-0.07898630818533259,0.07898630818533259,False
291,0,0.3167751481853326,0,0.23778884,0,-0.07898630818533259,0.07898630818533259,False
260,1,0.3167751481853326,0,0.23778884,0,-0.07898630818533259,0.07898630818533259,False
1411,1,0.3167751481853326,0,0.23778884,0,-0.07898630818533259,0.07898630818533259,False
1451,1,0.3167751481853326,0,0.23778884,0,-0.07898630818533259,0.07898630818533259,False
998,0,0.3167751481853326,0,0.23778884,0,-0.07898630818533259,0.07898630818533259,False
23,0,0.3167751481853326,0,0.23778884,0,-0.07898630818533259,0.07898630818533259,False
1795,0,0.3167751481853326,0,0.23778884,0,-0.07898630818533259,0.07898630818533259,False
1158,0,0.3167751481853326,0,0.23778884,0,-0.07898630818533259,0.07898630818533259,False
1570,0,0.3167751481853326,0,0.23778884,0,-0.07898630818533259,0.07898630818533259,False
2647,1,0.9357906090028348,1,0.85715646,1,-0.07863414900283483,0.07863414900283483,False
4972,1,0.9149606383980844,1,0.83664376,1,-0.07831687839808443,0.07831687839808443,False
4881,0,0.9149606383980844,1,0.83664376,1,-0.07831687839808443,0.07831687839808443,False
4399,1,0.4596675931858843,0,0.53725266,1,0.07758506681411576,0.07758506681411576,True
1853,1,0.4596675931858843,0,0.53725266,1,0.07758506681411576,0.07758506681411576,True
5479,1,0.4596675931858843,0,0.53725266,1,0.07758506681411576,0.07758506681411576,True
782,1,0.4596675931858843,0,0.53725266,1,0.07758506681411576,0.07758506681411576,True
1106,1,0.4596675931858843,0,0.53725266,1,0.07758506681411576,0.07758506681411576,True
5483,0,0.4596675931858843,0,0.53725266,1,0.07758506681411576,0.07758506681411576,True
3350,0,0.4596675931858843,0,0.53725266,1,0.07758506681411576,0.07758506681411576,True
892,1,0.4596675931858843,0,0.53725266,1,0.07758506681411576,0.07758506681411576,True
3470,1,0.4596675931858843,0,0.53725266,1,0.07758506681411576,0.07758506681411576,True
713,0,0.4596675931858843,0,0.53725266,1,0.07758506681411576,0.07758506681411576,True
4150,1,0.4596675931858843,0,0.53725266,1,0.07758506681411576,0.07758506681411576,True
3571,1,0.7170108997353044,1,0.79447633,1,0.07746543026469555,0.07746543026469555,False
1128,0,0.7170108997353044,1,0.79447633,1,0.07746543026469555,0.07746543026469555,False
620,1,0.7170108997353044,1,0.79447633,1,0.07746543026469555,0.07746543026469555,False
2528,1,0.6852370319090995,1,0.76233375,1,0.07709671809090057,0.07709671809090057,False
1203,0,0.5426446544088313,1,0.6189006,1,0.07625594559116877,0.07625594559116877,False
2661,0,0.5426446544088313,1,0.6189006,1,0.07625594559116877,0.07625594559116877,False
5068,0,0.5426446544088313,1,0.6189006,1,0.07625594559116877,0.07625594559116877,False
1246,0,0.5426446544088313,1,0.6189006,1,0.07625594559116877,0.07625594559116877,False
5130,1,0.5426446544088313,1,0.6189006,1,0.07625594559116877,0.07625594559116877,False
612,0,0.5426446544088313,1,0.6189006,1,0.07625594559116877,0.07625594559116877,False
5104,0,0.5426446544088313,1,0.6189006,1,0.07625594559116877,0.07625594559116877,False
1684,0,0.5426446544088313,1,0.6189006,1,0.07625594559116877,0.07625594559116877,False
4919,0,0.5426446544088313,1,0.6189006,1,0.07625594559116877,0.07625594559116877,False
5144,0,0.5426446544088313,1,0.6189006,1,0.07625594559116877,0.07625594559116877,False
3303,0,0.5426446544088313,1,0.6189006,1,0.07625594559116877,0.07625594559116877,False
5759,0,0.5426446544088313,1,0.6189006,1,0.07625594559116877,0.07625594559116877,False
2524,1,0.5426446544088313,1,0.6189006,1,0.07625594559116877,0.07625594559116877,False
5367,1,0.5426446544088313,1,0.6189006,1,0.07625594559116877,0.07625594559116877,False
399,1,0.5426446544088313,1,0.6189006,1,0.07625594559116877,0.07625594559116877,False
5235,1,0.5426446544088313,1,0.6189006,1,0.07625594559116877,0.07625594559116877,False
5240,1,0.5426446544088313,1,0.6189006,1,0.07625594559116877,0.07625594559116877,False
1661,1,0.5426446544088313,1,0.6189006,1,0.07625594559116877,0.07625594559116877,False
3184,0,0.5426446544088313,1,0.6189006,1,0.07625594559116877,0.07625594559116877,False
2571,1,0.5426446544088313,1,0.6189006,1,0.07625594559116877,0.07625594559116877,False
4934,0,0.5426446544088313,1,0.6189006,1,0.07625594559116877,0.07625594559116877,False
4120,1,0.5426446544088313,1,0.6189006,1,0.07625594559116877,0.07625594559116877,False
1053,1,0.5426446544088313,1,0.6189006,1,0.07625594559116877,0.07625594559116877,False
3887,1,0.5426446544088313,1,0.6189006,1,0.07625594559116877,0.07625594559116877,False
4639,0,0.5426446544088313,1,0.6189006,1,0.07625594559116877,0.07625594559116877,False
6084,1,0.5426446544088313,1,0.6189006,1,0.07625594559116877,0.07625594559116877,False
4159,0,0.5426446544088313,1,0.6189006,1,0.07625594559116877,0.07625594559116877,False
1496,0,0.5426446544088313,1,0.6189006,1,0.07625594559116877,0.07625594559116877,False
350,1,0.5426446544088313,1,0.6189006,1,0.07625594559116877,0.07625594559116877,False
4220,1,0.5426446544088313,1,0.6189006,1,0.07625594559116877,0.07625594559116877,False
1943,1,0.5426446544088313,1,0.6189006,1,0.07625594559116877,0.07625594559116877,False
4568,0,0.5426446544088313,1,0.6189006,1,0.07625594559116877,0.07625594559116877,False
4560,0,0.5426446544088313,1,0.6189006,1,0.07625594559116877,0.07625594559116877,False
1023,1,0.5426446544088313,1,0.6189006,1,0.07625594559116877,0.07625594559116877,False
1977,0,0.5426446544088313,1,0.6189006,1,0.07625594559116877,0.07625594559116877,False
1982,1,0.5426446544088313,1,0.6189006,1,0.07625594559116877,0.07625594559116877,False
2033,1,0.5426446544088313,1,0.6189006,1,0.07625594559116877,0.07625594559116877,False
1986,1,0.5426446544088313,1,0.6189006,1,0.07625594559116877,0.07625594559116877,False
18,1,0.5426446544088313,1,0.6189006,1,0.07625594559116877,0.07625594559116877,False
2922,1,0.5426446544088313,1,0.6189006,1,0.07625594559116877,0.07625594559116877,False
3772,1,0.5426446544088313,1,0.6189006,1,0.07625594559116877,0.07625594559116877,False
733,1,0.5426446544088313,1,0.6189006,1,0.07625594559116877,0.07625594559116877,False
5396,1,0.5426446544088313,1,0.6189006,1,0.07625594559116877,0.07625594559116877,False
1818,1,0.5426446544088313,1,0.6189006,1,0.07625594559116877,0.07625594559116877,False
5427,1,0.5426446544088313,1,0.6189006,1,0.07625594559116877,0.07625594559116877,False
1957,1,0.8031432500577751,1,0.72849745,1,-0.0746458000577751,0.0746458000577751,False
1706,0,0.4078882048485039,0,0.48160845,0,0.07372024515149611,0.07372024515149611,False
31,1,0.4078882048485039,0,0.48160845,0,0.07372024515149611,0.07372024515149611,False
3756,0,0.4078882048485039,0,0.48160845,0,0.07372024515149611,0.07372024515149611,False
4395,1,0.4078882048485039,0,0.48160845,0,0.07372024515149611,0.07372024515149611,False
2010,1,0.6312828055512658,1,0.70465595,1,0.07337314444873422,0.07337314444873422,False
4373,1,0.4827001872589906,0,0.55378485,1,0.07108466274100939,0.07108466274100939,True
6089,1,0.4827001872589906,0,0.55378485,1,0.07108466274100939,0.07108466274100939,True
710,1,0.5201395219599414,1,0.5909684,1,0.07082887804005855,0.07082887804005855,False
1206,0,0.5201395219599414,1,0.5909684,1,0.07082887804005855,0.07082887804005855,False
5571,1,0.9084888814625772,1,0.8383859,1,-0.07010298146257721,0.07010298146257721,False
1371,0,0.5994505883542959,1,0.6691475,1,0.06969691164570413,0.06969691164570413,False
4328,1,0.5994505883542959,1,0.6691475,1,0.06969691164570413,0.06969691164570413,False
5345,1,0.5994505883542959,1,0.6691475,1,0.06969691164570413,0.06969691164570413,False
4849,1,0.5994505883542959,1,0.6691475,1,0.06969691164570413,0.06969691164570413,False
1129,0,0.5994505883542959,1,0.6691475,1,0.06969691164570413,0.06969691164570413,False
3457,1,0.5994505883542959,1,0.6691475,1,0.06969691164570413,0.06969691164570413,False
5769,0,0.5994505883542959,1,0.6691475,1,0.06969691164570413,0.06969691164570413,False
4649,1,0.5994505883542959,1,0.6691475,1,0.06969691164570413,0.06969691164570413,False
2299,1,0.5994505883542959,1,0.6691475,1,0.06969691164570413,0.06969691164570413,False
2285,0,0.5994505883542959,1,0.6691475,1,0.06969691164570413,0.06969691164570413,False
1240,0,0.5994505883542959,1,0.6691475,1,0.06969691164570413,0.06969691164570413,False
4489,1,0.5994505883542959,1,0.6691475,1,0.06969691164570413,0.06969691164570413,False
4391,1,0.2253638289515352,0,0.15594135,0,-0.0694224789515352,0.0694224789515352,False
1513,1,0.2253638289515352,0,0.15594135,0,-0.0694224789515352,0.0694224789515352,False
3706,0,0.2253638289515352,0,0.15594135,0,-0.0694224789515352,0.0694224789515352,False
5383,0,0.2253638289515352,0,0.15594135,0,-0.0694224789515352,0.0694224789515352,False
229,0,0.2253638289515352,0,0.15594135,0,-0.0694224789515352,0.0694224789515352,False
3690,0,0.2253638289515352,0,0.15594135,0,-0.0694224789515352,0.0694224789515352,False
5984,0,0.2253638289515352,0,0.15594135,0,-0.0694224789515352,0.0694224789515352,False
5377,1,0.2253638289515352,0,0.15594135,0,-0.0694224789515352,0.0694224789515352,False
5591,0,0.2253638289515352,0,0.15594135,0,-0.0694224789515352,0.0694224789515352,False
2431,0,0.2253638289515352,0,0.15594135,0,-0.0694224789515352,0.0694224789515352,False
5621,0,0.2253638289515352,0,0.15594135,0,-0.0694224789515352,0.0694224789515352,False
923,0,0.5353893591742198,1,0.60448784,1,0.06909848082578018,0.06909848082578018,False
1042,0,0.5353893591742198,1,0.60448784,1,0.06909848082578018,0.06909848082578018,False
5966,1,0.5353893591742198,1,0.60448784,1,0.06909848082578018,0.06909848082578018,False
3178,1,0.5353893591742198,1,0.60448784,1,0.06909848082578018,0.06909848082578018,False
2839,1,0.5353893591742198,1,0.60448784,1,0.06909848082578018,0.06909848082578018,False
4010,1,0.5353893591742198,1,0.60448784,1,0.06909848082578018,0.06909848082578018,False
3558,1,0.5353893591742198,1,0.60448784,1,0.06909848082578018,0.06909848082578018,False
156,1,0.9006913379062822,1,0.8338411,1,-0.0668502379062822,0.0668502379062822,False
5326,0,0.5728606670284996,1,0.6374721,1,0.0646114329715004,0.0646114329715004,False
3637,1,0.5728606670284996,1,0.6374721,1,0.0646114329715004,0.0646114329715004,False
6127,1,0.5728606670284996,1,0.6374721,1,0.0646114329715004,0.0646114329715004,False
432,0,0.5728606670284996,1,0.6374721,1,0.0646114329715004,0.0646114329715004,False
2249,1,0.5728606670284996,1,0.6374721,1,0.0646114329715004,0.0646114329715004,False
5590,1,0.8123481285202495,1,0.7485545,1,-0.0637936285202495,0.0637936285202495,False
2184,1,0.8123481285202495,1,0.7485545,1,-0.0637936285202495,0.0637936285202495,False
1532,1,0.8123481285202495,1,0.7485545,1,-0.0637936285202495,0.0637936285202495,False
4182,1,0.8123481285202495,1,0.7485545,1,-0.0637936285202495,0.0637936285202495,False
41,1,0.8123481285202495,1,0.7485545,1,-0.0637936285202495,0.0637936285202495,False
703,1,0.8123481285202495,1,0.7485545,1,-0.0637936285202495,0.0637936285202495,False
3808,1,0.8123481285202495,1,0.7485545,1,-0.0637936285202495,0.0637936285202495,False
1422,1,0.8123481285202495,1,0.7485545,1,-0.0637936285202495,0.0637936285202495,False
740,1,0.8123481285202495,1,0.7485545,1,-0.0637936285202495,0.0637936285202495,False
3310,0,0.8123481285202495,1,0.7485545,1,-0.0637936285202495,0.0637936285202495,False
101,1,0.9768289143275816,1,0.9141008,1,-0.06272811432758152,0.06272811432758152,False
5587,1,0.6308383129948633,1,0.56814444,1,-0.06269387299486329,0.06269387299486329,False
3891,1,0.6023306812177442,1,0.6648328,1,0.06250211878225576,0.06250211878225576,False
4890,1,0.6023306812177442,1,0.6648328,1,0.06250211878225576,0.06250211878225576,False
3960,1,0.5383753586935437,1,0.59961104,1,0.06123568130645629,0.06123568130645629,False
2671,0,0.5005165473512992,1,0.56170774,1,0.061191192648700765,0.061191192648700765,False
4070,0,0.1830140111877966,0,0.12182751,0,-0.06118650118779659,0.06118650118779659,False
4667,0,0.1830140111877966,0,0.12182751,0,-0.06118650118779659,0.06118650118779659,False
5543,0,0.1830140111877966,0,0.12182751,0,-0.06118650118779659,0.06118650118779659,False
1384,1,0.1830140111877966,0,0.12182751,0,-0.06118650118779659,0.06118650118779659,False
5150,1,0.1830140111877966,0,0.12182751,0,-0.06118650118779659,0.06118650118779659,False
3187,0,0.1830140111877966,0,0.12182751,0,-0.06118650118779659,0.06118650118779659,False
542,1,0.1830140111877966,0,0.12182751,0,-0.06118650118779659,0.06118650118779659,False
967,0,0.1830140111877966,0,0.12182751,0,-0.06118650118779659,0.06118650118779659,False
515,0,0.1830140111877966,0,0.12182751,0,-0.06118650118779659,0.06118650118779659,False
5261,0,0.1830140111877966,0,0.12182751,0,-0.06118650118779659,0.06118650118779659,False
83,0,0.1830140111877966,0,0.12182751,0,-0.06118650118779659,0.06118650118779659,False
2019,0,0.1830140111877966,0,0.12182751,0,-0.06118650118779659,0.06118650118779659,False
2621,0,0.1830140111877966,0,0.12182751,0,-0.06118650118779659,0.06118650118779659,False
5810,0,0.1830140111877966,0,0.12182751,0,-0.06118650118779659,0.06118650118779659,False
6025,0,0.1830140111877966,0,0.12182751,0,-0.06118650118779659,0.06118650118779659,False
301,0,0.1830140111877966,0,0.12182751,0,-0.06118650118779659,0.06118650118779659,False
1295,0,0.2643158814888737,0,0.20538253,0,-0.058933351488873686,0.058933351488873686,False
5692,0,0.2643158814888737,0,0.20538253,0,-0.058933351488873686,0.058933351488873686,False
1154,0,0.2643158814888737,0,0.20538253,0,-0.058933351488873686,0.058933351488873686,False
4941,0,0.2643158814888737,0,0.20538253,0,-0.058933351488873686,0.058933351488873686,False
5014,0,0.2643158814888737,0,0.20538253,0,-0.058933351488873686,0.058933351488873686,False
1730,0,0.2643158814888737,0,0.20538253,0,-0.058933351488873686,0.058933351488873686,False
5836,0,0.2643158814888737,0,0.20538253,0,-0.058933351488873686,0.058933351488873686,False
2963,0,0.2643158814888737,0,0.20538253,0,-0.058933351488873686,0.058933351488873686,False
617,1,0.2643158814888737,0,0.20538253,0,-0.058933351488873686,0.058933351488873686,False
719,0,0.2643158814888737,0,0.20538253,0,-0.058933351488873686,0.058933351488873686,False
196,0,0.2643158814888737,0,0.20538253,0,-0.058933351488873686,0.058933351488873686,False
4914,1,0.2643158814888737,0,0.20538253,0,-0.058933351488873686,0.058933351488873686,False
1316,0,0.2643158814888737,0,0.20538253,0,-0.058933351488873686,0.058933351488873686,False
3431,0,0.2643158814888737,0,0.20538253,0,-0.058933351488873686,0.058933351488873686,False
3318,0,0.2643158814888737,0,0.20538253,0,-0.058933351488873686,0.058933351488873686,False
1673,1,0.2643158814888737,0,0.20538253,0,-0.058933351488873686,0.058933351488873686,False
5204,0,0.2643158814888737,0,0.20538253,0,-0.058933351488873686,0.058933351488873686,False
254,0,0.2643158814888737,0,0.20538253,0,-0.058933351488873686,0.058933351488873686,False
5267,0,0.2643158814888737,0,0.20538253,0,-0.058933351488873686,0.058933351488873686,False
1463,0,0.2643158814888737,0,0.20538253,0,-0.058933351488873686,0.058933351488873686,False
5077,0,0.2643158814888737,0,0.20538253,0,-0.058933351488873686,0.058933351488873686,False
1465,0,0.2643158814888737,0,0.20538253,0,-0.058933351488873686,0.058933351488873686,False
4648,0,0.2643158814888737,0,0.20538253,0,-0.058933351488873686,0.058933351488873686,False
4032,0,0.2643158814888737,0,0.20538253,0,-0.058933351488873686,0.058933351488873686,False
4605,0,0.2643158814888737,0,0.20538253,0,-0.058933351488873686,0.058933351488873686,False
5574,0,0.2643158814888737,0,0.20538253,0,-0.058933351488873686,0.058933351488873686,False
2735,0,0.2643158814888737,0,0.20538253,0,-0.058933351488873686,0.058933351488873686,False
3797,0,0.2643158814888737,0,0.20538253,0,-0.058933351488873686,0.058933351488873686,False
5619,0,0.2643158814888737,0,0.20538253,0,-0.058933351488873686,0.058933351488873686,False
6039,0,0.2643158814888737,0,0.20538253,0,-0.058933351488873686,0.058933351488873686,False
4709,0,0.2643158814888737,0,0.20538253,0,-0.058933351488873686,0.058933351488873686,False
2147,0,0.2643158814888737,0,0.20538253,0,-0.058933351488873686,0.058933351488873686,False
4066,1,0.2643158814888737,0,0.20538253,0,-0.058933351488873686,0.058933351488873686,False
5520,0,0.2643158814888737,0,0.20538253,0,-0.058933351488873686,0.058933351488873686,False
3977,0,0.2643158814888737,0,0.20538253,0,-0.058933351488873686,0.058933351488873686,False
2185,0,0.2643158814888737,0,0.20538253,0,-0.058933351488873686,0.058933351488873686,False
1863,0,0.2643158814888737,0,0.20538253,0,-0.058933351488873686,0.058933351488873686,False
975,0,0.2643158814888737,0,0.20538253,0,-0.058933351488873686,0.058933351488873686,False
4589,0,0.2643158814888737,0,0.20538253,0,-0.058933351488873686,0.058933351488873686,False
3229,0,0.4445110629212012,0,0.50246656,1,0.05795549707879882,0.05795549707879882,True
1120,0,0.3480262357399758,0,0.4059065,0,0.05788026426002418,0.05788026426002418,False
1509,1,0.3480262357399758,0,0.4059065,0,0.05788026426002418,0.05788026426002418,False
4797,1,0.6897831902144635,1,0.74753,1,0.05774680978553648,0.05774680978553648,False
547,0,0.6897831902144635,1,0.74753,1,0.05774680978553648,0.05774680978553648,False
2912,1,0.5702080119945607,1,0.62725824,1,0.05705022800543924,0.05705022800543924,False
5258,1,0.7023240829046975,1,0.75870305,1,0.056378967095302546,0.056378967095302546,False
1460,0,0.7023240829046975,1,0.75870305,1,0.056378967095302546,0.056378967095302546,False
2054,1,0.7023240829046975,1,0.75870305,1,0.056378967095302546,0.056378967095302546,False
3796,1,0.7023240829046975,1,0.75870305,1,0.056378967095302546,0.056378967095302546,False
1933,1,0.7023240829046975,1,0.75870305,1,0.056378967095302546,0.056378967095302546,False
2561,0,0.7023240829046975,1,0.75870305,1,0.056378967095302546,0.056378967095302546,False
2553,1,0.7023240829046975,1,0.75870305,1,0.056378967095302546,0.056378967095302546,False
1375,1,0.7023240829046975,1,0.75870305,1,0.056378967095302546,0.056378967095302546,False
5988,0,0.7023240829046975,1,0.75870305,1,0.056378967095302546,0.056378967095302546,False
5609,1,0.7023240829046975,1,0.75870305,1,0.056378967095302546,0.056378967095302546,False
986,1,0.7023240829046975,1,0.75870305,1,0.056378967095302546,0.056378967095302546,False
2780,1,0.7023240829046975,1,0.75870305,1,0.056378967095302546,0.056378967095302546,False
2877,0,0.7023240829046975,1,0.75870305,1,0.056378967095302546,0.056378967095302546,False
5547,0,0.7023240829046975,1,0.75870305,1,0.056378967095302546,0.056378967095302546,False
4950,0,0.314435379329245,0,0.37058395,0,0.056148570670755016,0.056148570670755016,False
4183,1,0.7692282471117087,1,0.71373105,1,-0.05549719711170864,0.05549719711170864,False
2292,1,0.7692282471117087,1,0.71373105,1,-0.05549719711170864,0.05549719711170864,False
1405,1,0.95829183451629,1,0.90334624,1,-0.05494559451629,0.05494559451629,False
4110,1,0.95829183451629,1,0.90334624,1,-0.05494559451629,0.05494559451629,False
4090,1,0.95829183451629,1,0.90334624,1,-0.05494559451629,0.05494559451629,False
1525,1,0.95829183451629,1,0.90334624,1,-0.05494559451629,0.05494559451629,False
2405,1,0.4074271986437556,0,0.46214244,0,0.05471524135624439,0.05471524135624439,False
466,0,0.4717228074554178,0,0.52597463,1,0.05425182254458222,0.05425182254458222,True
60,1,0.4717228074554178,0,0.52597463,1,0.05425182254458222,0.05425182254458222,True
5166,0,0.4717228074554178,0,0.52597463,1,0.05425182254458222,0.05425182254458222,True
2838,0,0.6352749555444859,1,0.6893579,1,0.05408294445551409,0.05408294445551409,False
2699,0,0.6352749555444859,1,0.6893579,1,0.05408294445551409,0.05408294445551409,False
2351,0,0.6352749555444859,1,0.6893579,1,0.05408294445551409,0.05408294445551409,False
2491,1,0.6352749555444859,1,0.6893579,1,0.05408294445551409,0.05408294445551409,False
2946,1,0.6352749555444859,1,0.6893579,1,0.05408294445551409,0.05408294445551409,False
2220,0,0.6352749555444859,1,0.6893579,1,0.05408294445551409,0.05408294445551409,False
4018,1,0.6352749555444859,1,0.6893579,1,0.05408294445551409,0.05408294445551409,False
3414,0,0.6352749555444859,1,0.6893579,1,0.05408294445551409,0.05408294445551409,False
4713,1,0.6352749555444859,1,0.6893579,1,0.05408294445551409,0.05408294445551409,False
4867,1,0.6352749555444859,1,0.6893579,1,0.05408294445551409,0.05408294445551409,False
2881,0,0.6352749555444859,1,0.6893579,1,0.05408294445551409,0.05408294445551409,False
4762,1,0.6352749555444859,1,0.6893579,1,0.05408294445551409,0.05408294445551409,False
1603,1,0.6352749555444859,1,0.6893579,1,0.05408294445551409,0.05408294445551409,False
4044,1,0.6352749555444859,1,0.6893579,1,0.05408294445551409,0.05408294445551409,False
1144,1,0.6352749555444859,1,0.6893579,1,0.05408294445551409,0.05408294445551409,False
6123,1,0.6352749555444859,1,0.6893579,1,0.05408294445551409,0.05408294445551409,False
2368,1,0.6352749555444859,1,0.6893579,1,0.05408294445551409,0.05408294445551409,False
2103,1,0.6352749555444859,1,0.6893579,1,0.05408294445551409,0.05408294445551409,False
5338,0,0.6352749555444859,1,0.6893579,1,0.05408294445551409,0.05408294445551409,False
2585,1,0.6352749555444859,1,0.6893579,1,0.05408294445551409,0.05408294445551409,False
1637,1,0.6352749555444859,1,0.6893579,1,0.05408294445551409,0.05408294445551409,False
6081,0,0.5101029434821712,1,0.56394315,1,0.053840206517828726,0.053840206517828726,False
6016,1,0.5101029434821712,1,0.56394315,1,0.053840206517828726,0.053840206517828726,False
5859,1,0.5101029434821712,1,0.56394315,1,0.053840206517828726,0.053840206517828726,False
3953,0,0.2948553196833726,0,0.24204431,0,-0.05281100968337257,0.05281100968337257,False
867,1,0.2948553196833726,0,0.24204431,0,-0.05281100968337257,0.05281100968337257,False
3651,1,0.2948553196833726,0,0.24204431,0,-0.05281100968337257,0.05281100968337257,False
2890,0,0.2948553196833726,0,0.24204431,0,-0.05281100968337257,0.05281100968337257,False
1907,0,0.2948553196833726,0,0.24204431,0,-0.05281100968337257,0.05281100968337257,False
440,1,0.2948553196833726,0,0.24204431,0,-0.05281100968337257,0.05281100968337257,False
3266,0,0.2948553196833726,0,0.24204431,0,-0.05281100968337257,0.05281100968337257,False
752,0,0.2948553196833726,0,0.24204431,0,-0.05281100968337257,0.05281100968337257,False
4963,0,0.2948553196833726,0,0.24204431,0,-0.05281100968337257,0.05281100968337257,False
359,1,0.2948553196833726,0,0.24204431,0,-0.05281100968337257,0.05281100968337257,False
1415,1,0.2948553196833726,0,0.24204431,0,-0.05281100968337257,0.05281100968337257,False
2041,0,0.2948553196833726,0,0.24204431,0,-0.05281100968337257,0.05281100968337257,False
4278,0,0.2948553196833726,0,0.24204431,0,-0.05281100968337257,0.05281100968337257,False
3473,0,0.2948553196833726,0,0.24204431,0,-0.05281100968337257,0.05281100968337257,False
3578,0,0.2948553196833726,0,0.24204431,0,-0.05281100968337257,0.05281100968337257,False
1078,0,0.2948553196833726,0,0.24204431,0,-0.05281100968337257,0.05281100968337257,False
2055,0,0.2948553196833726,0,0.24204431,0,-0.05281100968337257,0.05281100968337257,False
5855,0,0.2948553196833726,0,0.24204431,0,-0.05281100968337257,0.05281100968337257,False
2426,1,0.2948553196833726,0,0.24204431,0,-0.05281100968337257,0.05281100968337257,False
1704,0,0.2948553196833726,0,0.24204431,0,-0.05281100968337257,0.05281100968337257,False
4151,1,0.7135099406096532,1,0.76614505,1,0.05263510939034677,0.05263510939034677,False
2011,1,0.6789052724469297,1,0.73124534,1,0.0523400675530703,0.0523400675530703,False
3430,1,0.6789052724469297,1,0.73124534,1,0.0523400675530703,0.0523400675530703,False
790,1,0.6789052724469297,1,0.73124534,1,0.0523400675530703,0.0523400675530703,False
1571,1,0.6789052724469297,1,0.73124534,1,0.0523400675530703,0.0523400675530703,False
665,0,0.6559864361168679,1,0.605207,1,-0.05077943611686786,0.05077943611686786,False
5928,0,0.6559864361168679,1,0.605207,1,-0.05077943611686786,0.05077943611686786,False
1322,1,0.5278985807558041,1,0.5779713,1,0.050072719244195874,0.050072719244195874,False
5611,1,0.5278985807558041,1,0.5779713,1,0.050072719244195874,0.050072719244195874,False
2823,1,0.5278985807558041,1,0.5779713,1,0.050072719244195874,0.050072719244195874,False
4423,1,0.5278985807558041,1,0.5779713,1,0.050072719244195874,0.050072719244195874,False
5005,0,0.2166938965019053,0,0.16785425,0,-0.04883964650190528,0.04883964650190528,False
1893,0,0.2166938965019053,0,0.16785425,0,-0.04883964650190528,0.04883964650190528,False
2662,0,0.2166938965019053,0,0.16785425,0,-0.04883964650190528,0.04883964650190528,False
1142,0,0.2166938965019053,0,0.16785425,0,-0.04883964650190528,0.04883964650190528,False
2947,0,0.2166938965019053,0,0.16785425,0,-0.04883964650190528,0.04883964650190528,False
2325,1,0.2166938965019053,0,0.16785425,0,-0.04883964650190528,0.04883964650190528,False
2697,0,0.2166938965019053,0,0.16785425,0,-0.04883964650190528,0.04883964650190528,False
5008,0,0.2166938965019053,0,0.16785425,0,-0.04883964650190528,0.04883964650190528,False
1541,0,0.2166938965019053,0,0.16785425,0,-0.04883964650190528,0.04883964650190528,False
5306,0,0.2166938965019053,0,0.16785425,0,-0.04883964650190528,0.04883964650190528,False
3454,0,0.2166938965019053,0,0.16785425,0,-0.04883964650190528,0.04883964650190528,False
2129,0,0.2166938965019053,0,0.16785425,0,-0.04883964650190528,0.04883964650190528,False
3107,1,0.2166938965019053,0,0.16785425,0,-0.04883964650190528,0.04883964650190528,False
4461,0,0.2166938965019053,0,0.16785425,0,-0.04883964650190528,0.04883964650190528,False
2584,1,0.2166938965019053,0,0.16785425,0,-0.04883964650190528,0.04883964650190528,False
1645,0,0.2166938965019053,0,0.16785425,0,-0.04883964650190528,0.04883964650190528,False
4308,0,0.2166938965019053,0,0.16785425,0,-0.04883964650190528,0.04883964650190528,False
3051,0,0.2166938965019053,0,0.16785425,0,-0.04883964650190528,0.04883964650190528,False
2565,1,0.2166938965019053,0,0.16785425,0,-0.04883964650190528,0.04883964650190528,False
4509,1,0.2166938965019053,0,0.16785425,0,-0.04883964650190528,0.04883964650190528,False
919,0,0.2166938965019053,0,0.16785425,0,-0.04883964650190528,0.04883964650190528,False
4620,0,0.2166938965019053,0,0.16785425,0,-0.04883964650190528,0.04883964650190528,False
4628,0,0.2166938965019053,0,0.16785425,0,-0.04883964650190528,0.04883964650190528,False
5724,0,0.2166938965019053,0,0.16785425,0,-0.04883964650190528,0.04883964650190528,False
1410,0,0.2166938965019053,0,0.16785425,0,-0.04883964650190528,0.04883964650190528,False
5212,0,0.2166938965019053,0,0.16785425,0,-0.04883964650190528,0.04883964650190528,False
5491,0,0.2166938965019053,0,0.16785425,0,-0.04883964650190528,0.04883964650190528,False
3038,0,0.2166938965019053,0,0.16785425,0,-0.04883964650190528,0.04883964650190528,False
5199,0,0.2166938965019053,0,0.16785425,0,-0.04883964650190528,0.04883964650190528,False
5763,0,0.2166938965019053,0,0.16785425,0,-0.04883964650190528,0.04883964650190528,False
1635,0,0.2166938965019053,0,0.16785425,0,-0.04883964650190528,0.04883964650190528,False
1675,0,0.2166938965019053,0,0.16785425,0,-0.04883964650190528,0.04883964650190528,False
1362,0,0.2166938965019053,0,0.16785425,0,-0.04883964650190528,0.04883964650190528,False
5775,0,0.2166938965019053,0,0.16785425,0,-0.04883964650190528,0.04883964650190528,False
342,0,0.2166938965019053,0,0.16785425,0,-0.04883964650190528,0.04883964650190528,False
1897,0,0.2166938965019053,0,0.16785425,0,-0.04883964650190528,0.04883964650190528,False
4720,1,0.2166938965019053,0,0.16785425,0,-0.04883964650190528,0.04883964650190528,False
849,0,0.2166938965019053,0,0.16785425,0,-0.04883964650190528,0.04883964650190528,False
2727,0,0.2166938965019053,0,0.16785425,0,-0.04883964650190528,0.04883964650190528,False
6004,0,0.9517872357083078,1,0.90334624,1,-0.048440995708307844,0.048440995708307844,False
4685,1,0.778046615903012,1,0.730686,1,-0.047360615903012104,0.047360615903012104,False
5857,0,0.2609867787969186,0,0.30818713,0,0.04720035120308136,0.04720035120308136,False
2150,0,0.5625305804131113,1,0.6086158,1,0.046085219586888715,0.046085219586888715,False
480,0,0.5625305804131113,1,0.6086158,1,0.046085219586888715,0.046085219586888715,False
5122,0,0.5625305804131113,1,0.6086158,1,0.046085219586888715,0.046085219586888715,False
649,1,0.5625305804131113,1,0.6086158,1,0.046085219586888715,0.046085219586888715,False
2648,0,0.5625305804131113,1,0.6086158,1,0.046085219586888715,0.046085219586888715,False
3908,1,0.5625305804131113,1,0.6086158,1,0.046085219586888715,0.046085219586888715,False
799,1,0.5625305804131113,1,0.6086158,1,0.046085219586888715,0.046085219586888715,False
3938,1,0.5625305804131113,1,0.6086158,1,0.046085219586888715,0.046085219586888715,False
2492,1,0.5625305804131113,1,0.6086158,1,0.046085219586888715,0.046085219586888715,False
1539,0,0.5625305804131113,1,0.6086158,1,0.046085219586888715,0.046085219586888715,False
4653,0,0.5625305804131113,1,0.6086158,1,0.046085219586888715,0.046085219586888715,False
2109,1,0.5625305804131113,1,0.6086158,1,0.046085219586888715,0.046085219586888715,False
3231,1,0.5625305804131113,1,0.6086158,1,0.046085219586888715,0.046085219586888715,False
96,1,0.5625305804131113,1,0.6086158,1,0.046085219586888715,0.046085219586888715,False
2564,1,0.5625305804131113,1,0.6086158,1,0.046085219586888715,0.046085219586888715,False
5347,1,0.5625305804131113,1,0.6086158,1,0.046085219586888715,0.046085219586888715,False
2607,1,0.5625305804131113,1,0.6086158,1,0.046085219586888715,0.046085219586888715,False
16,1,0.5625305804131113,1,0.6086158,1,0.046085219586888715,0.046085219586888715,False
5062,1,0.5625305804131113,1,0.6086158,1,0.046085219586888715,0.046085219586888715,False
3072,0,0.5096258435951663,1,0.5543242,1,0.04469835640483377,0.04469835640483377,False
4368,0,0.5096258435951663,1,0.5543242,1,0.04469835640483377,0.04469835640483377,False
5112,1,0.5096258435951663,1,0.5543242,1,0.04469835640483377,0.04469835640483377,False
2972,0,0.5096258435951663,1,0.5543242,1,0.04469835640483377,0.04469835640483377,False
2503,0,0.9320142150928242,1,0.88814074,1,-0.04387347509282424,0.04387347509282424,False
1320,1,0.9320142150928242,1,0.88814074,1,-0.04387347509282424,0.04387347509282424,False
4141,0,0.7881154028186959,1,0.74433106,1,-0.04378434281869581,0.04378434281869581,False
3400,1,0.7881154028186959,1,0.74433106,1,-0.04378434281869581,0.04378434281869581,False
3755,1,0.7881154028186959,1,0.74433106,1,-0.04378434281869581,0.04378434281869581,False
286,1,0.7881154028186959,1,0.74433106,1,-0.04378434281869581,0.04378434281869581,False
1900,1,0.3036821495833687,0,0.34738106,0,0.04369891041663132,0.04369891041663132,False
3428,0,0.3036821495833687,0,0.34738106,0,0.04369891041663132,0.04369891041663132,False
5915,1,0.3036821495833687,0,0.34738106,0,0.04369891041663132,0.04369891041663132,False
2557,0,0.3036821495833687,0,0.34738106,0,0.04369891041663132,0.04369891041663132,False
1111,0,0.3831997740958463,0,0.42596424,0,0.04276446590415367,0.04276446590415367,False
2749,1,0.5846722773591856,1,0.6273569,1,0.04268462264081441,0.04268462264081441,False
2367,1,0.5846722773591856,1,0.6273569,1,0.04268462264081441,0.04268462264081441,False
5844,1,0.8881807332504541,1,0.8455517,1,-0.042629033250454085,0.042629033250454085,False
4428,1,0.8881807332504541,1,0.8455517,1,-0.042629033250454085,0.042629033250454085,False
3551,1,0.4948062963310148,0,0.53700817,1,0.0422018736689852,0.0422018736689852,True
5418,1,0.3615962271883873,0,0.40365833,0,0.04206210281161271,0.04206210281161271,False
2465,0,0.3615962271883873,0,0.40365833,0,0.04206210281161271,0.04206210281161271,False
3010,0,0.3615962271883873,0,0.40365833,0,0.04206210281161271,0.04206210281161271,False
4093,1,0.3615962271883873,0,0.40365833,0,0.04206210281161271,0.04206210281161271,False
2646,0,0.3615962271883873,0,0.40365833,0,0.04206210281161271,0.04206210281161271,False
3382,0,0.3615962271883873,0,0.40365833,0,0.04206210281161271,0.04206210281161271,False
403,0,0.3615962271883873,0,0.40365833,0,0.04206210281161271,0.04206210281161271,False
1003,0,0.3615962271883873,0,0.40365833,0,0.04206210281161271,0.04206210281161271,False
3491,0,0.3615962271883873,0,0.40365833,0,0.04206210281161271,0.04206210281161271,False
5741,1,0.3615962271883873,0,0.40365833,0,0.04206210281161271,0.04206210281161271,False
2681,0,0.3615962271883873,0,0.40365833,0,0.04206210281161271,0.04206210281161271,False
1303,0,0.3615962271883873,0,0.40365833,0,0.04206210281161271,0.04206210281161271,False
1239,0,0.3615962271883873,0,0.40365833,0,0.04206210281161271,0.04206210281161271,False
5737,0,0.4120463680250191,0,0.37221253,0,-0.03983383802501911,0.03983383802501911,False
3607,0,0.4120463680250191,0,0.37221253,0,-0.03983383802501911,0.03983383802501911,False
2636,0,0.4120463680250191,0,0.37221253,0,-0.03983383802501911,0.03983383802501911,False
3232,0,0.4120463680250191,0,0.37221253,0,-0.03983383802501911,0.03983383802501911,False
4627,0,0.4120463680250191,0,0.37221253,0,-0.03983383802501911,0.03983383802501911,False
5227,1,0.4120463680250191,0,0.37221253,0,-0.03983383802501911,0.03983383802501911,False
5926,1,0.4120463680250191,0,0.37221253,0,-0.03983383802501911,0.03983383802501911,False
1207,1,0.4120463680250191,0,0.37221253,0,-0.03983383802501911,0.03983383802501911,False
2008,0,0.4120463680250191,0,0.37221253,0,-0.03983383802501911,0.03983383802501911,False
44,1,0.4120463680250191,0,0.37221253,0,-0.03983383802501911,0.03983383802501911,False
4248,0,0.4120463680250191,0,0.37221253,0,-0.03983383802501911,0.03983383802501911,False
880,0,0.4120463680250191,0,0.37221253,0,-0.03983383802501911,0.03983383802501911,False
6124,0,0.4120463680250191,0,0.37221253,0,-0.03983383802501911,0.03983383802501911,False
5290,0,0.4120463680250191,0,0.37221253,0,-0.03983383802501911,0.03983383802501911,False
3641,1,0.4120463680250191,0,0.37221253,0,-0.03983383802501911,0.03983383802501911,False
4426,1,0.4120463680250191,0,0.37221253,0,-0.03983383802501911,0.03983383802501911,False
4358,0,0.4120463680250191,0,0.37221253,0,-0.03983383802501911,0.03983383802501911,False
2782,1,0.4120463680250191,0,0.37221253,0,-0.03983383802501911,0.03983383802501911,False
1996,0,0.4120463680250191,0,0.37221253,0,-0.03983383802501911,0.03983383802501911,False
1201,0,0.4120463680250191,0,0.37221253,0,-0.03983383802501911,0.03983383802501911,False
450,1,0.4120463680250191,0,0.37221253,0,-0.03983383802501911,0.03983383802501911,False
3044,0,0.4120463680250191,0,0.37221253,0,-0.03983383802501911,0.03983383802501911,False
452,0,0.4120463680250191,0,0.37221253,0,-0.03983383802501911,0.03983383802501911,False
3214,0,0.4120463680250191,0,0.37221253,0,-0.03983383802501911,0.03983383802501911,False
2056,0,0.4120463680250191,0,0.37221253,0,-0.03983383802501911,0.03983383802501911,False
4254,1,0.4120463680250191,0,0.37221253,0,-0.03983383802501911,0.03983383802501911,False
4573,0,0.4120463680250191,0,0.37221253,0,-0.03983383802501911,0.03983383802501911,False
2753,0,0.4120463680250191,0,0.37221253,0,-0.03983383802501911,0.03983383802501911,False
4204,0,0.4120463680250191,0,0.37221253,0,-0.03983383802501911,0.03983383802501911,False
1621,1,0.4120463680250191,0,0.37221253,0,-0.03983383802501911,0.03983383802501911,False
2265,0,0.4120463680250191,0,0.37221253,0,-0.03983383802501911,0.03983383802501911,False
5760,0,0.4120463680250191,0,0.37221253,0,-0.03983383802501911,0.03983383802501911,False
4016,0,0.4120463680250191,0,0.37221253,0,-0.03983383802501911,0.03983383802501911,False
751,0,0.4120463680250191,0,0.37221253,0,-0.03983383802501911,0.03983383802501911,False
2966,1,0.4120463680250191,0,0.37221253,0,-0.03983383802501911,0.03983383802501911,False
3867,1,0.4120463680250191,0,0.37221253,0,-0.03983383802501911,0.03983383802501911,False
3881,1,0.4120463680250191,0,0.37221253,0,-0.03983383802501911,0.03983383802501911,False
2288,0,0.4120463680250191,0,0.37221253,0,-0.03983383802501911,0.03983383802501911,False
4844,0,0.4120463680250191,0,0.37221253,0,-0.03983383802501911,0.03983383802501911,False
4840,1,0.4120463680250191,0,0.37221253,0,-0.03983383802501911,0.03983383802501911,False
86,0,0.4120463680250191,0,0.37221253,0,-0.03983383802501911,0.03983383802501911,False
201,0,0.4120463680250191,0,0.37221253,0,-0.03983383802501911,0.03983383802501911,False
5362,0,0.4120463680250191,0,0.37221253,0,-0.03983383802501911,0.03983383802501911,False
1591,1,0.4120463680250191,0,0.37221253,0,-0.03983383802501911,0.03983383802501911,False
1682,0,0.4120463680250191,0,0.37221253,0,-0.03983383802501911,0.03983383802501911,False
3994,0,0.4120463680250191,0,0.37221253,0,-0.03983383802501911,0.03983383802501911,False
2447,1,0.4120463680250191,0,0.37221253,0,-0.03983383802501911,0.03983383802501911,False
3759,0,0.4120463680250191,0,0.37221253,0,-0.03983383802501911,0.03983383802501911,False
5891,0,0.4120463680250191,0,0.37221253,0,-0.03983383802501911,0.03983383802501911,False
1093,0,0.4120463680250191,0,0.37221253,0,-0.03983383802501911,0.03983383802501911,False
3327,1,0.4120463680250191,0,0.37221253,0,-0.03983383802501911,0.03983383802501911,False
4049,0,0.4120463680250191,0,0.37221253,0,-0.03983383802501911,0.03983383802501911,False
1199,1,0.621431921438939,1,0.66096246,1,0.039530538561061035,0.039530538561061035,False
5906,1,0.621431921438939,1,0.66096246,1,0.039530538561061035,0.039530538561061035,False
3974,1,0.3366884157710653,0,0.37590092,0,0.03921250422893474,0.03921250422893474,False
714,0,0.3366884157710653,0,0.37590092,0,0.03921250422893474,0.03921250422893474,False
2745,0,0.3973054738773966,0,0.43627948,0,0.03897400612260338,0.03897400612260338,False
373,0,0.3973054738773966,0,0.43627948,0,0.03897400612260338,0.03897400612260338,False
6086,1,0.3973054738773966,0,0.43627948,0,0.03897400612260338,0.03897400612260338,False
4004,0,0.3973054738773966,0,0.43627948,0,0.03897400612260338,0.03897400612260338,False
3927,1,0.3973054738773966,0,0.43627948,0,0.03897400612260338,0.03897400612260338,False
4853,0,0.3973054738773966,0,0.43627948,0,0.03897400612260338,0.03897400612260338,False
3252,0,0.3973054738773966,0,0.43627948,0,0.03897400612260338,0.03897400612260338,False
3041,0,0.3973054738773966,0,0.43627948,0,0.03897400612260338,0.03897400612260338,False
3793,0,0.3973054738773966,0,0.43627948,0,0.03897400612260338,0.03897400612260338,False
1998,0,0.3973054738773966,0,0.43627948,0,0.03897400612260338,0.03897400612260338,False
3621,1,0.3973054738773966,0,0.43627948,0,0.03897400612260338,0.03897400612260338,False
6102,0,0.3973054738773966,0,0.43627948,0,0.03897400612260338,0.03897400612260338,False
1474,0,0.3973054738773966,0,0.43627948,0,0.03897400612260338,0.03897400612260338,False
4056,1,0.4975142229163287,0,0.5363862,1,0.03887197708367135,0.03887197708367135,True
2428,1,0.4975142229163287,0,0.5363862,1,0.03887197708367135,0.03887197708367135,True
6106,0,0.4975142229163287,0,0.5363862,1,0.03887197708367135,0.03887197708367135,True
3168,1,0.4975142229163287,0,0.5363862,1,0.03887197708367135,0.03887197708367135,True
5375,0,0.4975142229163287,0,0.5363862,1,0.03887197708367135,0.03887197708367135,True
694,1,0.4975142229163287,0,0.5363862,1,0.03887197708367135,0.03887197708367135,True
2816,0,0.2529501230710407,0,0.21575177,0,-0.03719835307104069,0.03719835307104069,False
1332,0,0.2529501230710407,0,0.21575177,0,-0.03719835307104069,0.03719835307104069,False
2080,0,0.2529501230710407,0,0.21575177,0,-0.03719835307104069,0.03719835307104069,False
5785,0,0.2529501230710407,0,0.21575177,0,-0.03719835307104069,0.03719835307104069,False
4571,1,0.2529501230710407,0,0.21575177,0,-0.03719835307104069,0.03719835307104069,False
1245,0,0.2529501230710407,0,0.21575177,0,-0.03719835307104069,0.03719835307104069,False
6099,1,0.2529501230710407,0,0.21575177,0,-0.03719835307104069,0.03719835307104069,False
5993,0,0.3620370584475973,0,0.32486385,0,-0.037173208447597306,0.037173208447597306,False
5070,0,0.3620370584475973,0,0.32486385,0,-0.037173208447597306,0.037173208447597306,False
4735,1,0.3620370584475973,0,0.32486385,0,-0.037173208447597306,0.037173208447597306,False
103,0,0.3620370584475973,0,0.32486385,0,-0.037173208447597306,0.037173208447597306,False
5632,0,0.3620370584475973,0,0.32486385,0,-0.037173208447597306,0.037173208447597306,False
3115,0,0.3620370584475973,0,0.32486385,0,-0.037173208447597306,0.037173208447597306,False
1440,1,0.3620370584475973,0,0.32486385,0,-0.037173208447597306,0.037173208447597306,False
3204,0,0.3620370584475973,0,0.32486385,0,-0.037173208447597306,0.037173208447597306,False
1014,0,0.3620370584475973,0,0.32486385,0,-0.037173208447597306,0.037173208447597306,False
1715,0,0.3620370584475973,0,0.32486385,0,-0.037173208447597306,0.037173208447597306,False
2243,0,0.3620370584475973,0,0.32486385,0,-0.037173208447597306,0.037173208447597306,False
2496,1,0.3620370584475973,0,0.32486385,0,-0.037173208447597306,0.037173208447597306,False
2340,1,0.3620370584475973,0,0.32486385,0,-0.037173208447597306,0.037173208447597306,False
3765,0,0.3620370584475973,0,0.32486385,0,-0.037173208447597306,0.037173208447597306,False
1157,0,0.3620370584475973,0,0.32486385,0,-0.037173208447597306,0.037173208447597306,False
3727,0,0.3620370584475973,0,0.32486385,0,-0.037173208447597306,0.037173208447597306,False
189,0,0.4449825201243728,0,0.4807386,0,0.035756079875627234,0.035756079875627234,False
4926,1,0.6095140425119235,1,0.6434233,1,0.033909257488076494,0.033909257488076494,False
5936,1,0.6095140425119235,1,0.6434233,1,0.033909257488076494,0.033909257488076494,False
2954,0,0.6095140425119235,1,0.6434233,1,0.033909257488076494,0.033909257488076494,False
5248,0,0.6095140425119235,1,0.6434233,1,0.033909257488076494,0.033909257488076494,False
3451,1,0.6095140425119235,1,0.6434233,1,0.033909257488076494,0.033909257488076494,False
4404,1,0.6095140425119235,1,0.6434233,1,0.033909257488076494,0.033909257488076494,False
1264,1,0.6095140425119235,1,0.6434233,1,0.033909257488076494,0.033909257488076494,False
2296,1,0.6095140425119235,1,0.6434233,1,0.033909257488076494,0.033909257488076494,False
2349,1,0.6095140425119235,1,0.6434233,1,0.033909257488076494,0.033909257488076494,False
5704,1,0.9281602018435416,1,0.8944696,1,-0.03369060184354167,0.03369060184354167,False
1442,1,0.9217461409734186,1,0.88814074,1,-0.033605400973418575,0.033605400973418575,False
1531,1,0.9217461409734186,1,0.88814074,1,-0.033605400973418575,0.033605400973418575,False
152,1,0.2435525951926886,0,0.21146952,0,-0.032083075192688604,0.032083075192688604,False
3141,0,0.2435525951926886,0,0.21146952,0,-0.032083075192688604,0.032083075192688604,False
4817,0,0.2435525951926886,0,0.21146952,0,-0.032083075192688604,0.032083075192688604,False
208,0,0.2435525951926886,0,0.21146952,0,-0.032083075192688604,0.032083075192688604,False
4003,0,0.2435525951926886,0,0.21146952,0,-0.032083075192688604,0.032083075192688604,False
2569,0,0.2435525951926886,0,0.21146952,0,-0.032083075192688604,0.032083075192688604,False
5833,0,0.2435525951926886,0,0.21146952,0,-0.032083075192688604,0.032083075192688604,False
2002,1,0.2435525951926886,0,0.21146952,0,-0.032083075192688604,0.032083075192688604,False
4690,0,0.2435525951926886,0,0.21146952,0,-0.032083075192688604,0.032083075192688604,False
1425,0,0.2435525951926886,0,0.21146952,0,-0.032083075192688604,0.032083075192688604,False
5063,0,0.2435525951926886,0,0.21146952,0,-0.032083075192688604,0.032083075192688604,False
2094,0,0.2435525951926886,0,0.21146952,0,-0.032083075192688604,0.032083075192688604,False
4360,0,0.2435525951926886,0,0.21146952,0,-0.032083075192688604,0.032083075192688604,False
2148,0,0.2435525951926886,0,0.21146952,0,-0.032083075192688604,0.032083075192688604,False
2526,1,0.2435525951926886,0,0.21146952,0,-0.032083075192688604,0.032083075192688604,False
3748,0,0.2435525951926886,0,0.21146952,0,-0.032083075192688604,0.032083075192688604,False
5309,1,0.7412011396778109,1,0.70915,1,-0.032051139677810925,0.032051139677810925,False
951,1,0.7412011396778109,1,0.70915,1,-0.032051139677810925,0.032051139677810925,False
1894,1,0.7330450631148275,1,0.7646408,1,0.031595736885172476,0.031595736885172476,False
5816,1,0.7330450631148275,1,0.7646408,1,0.031595736885172476,0.031595736885172476,False
4502,1,0.7330450631148275,1,0.7646408,1,0.031595736885172476,0.031595736885172476,False
2590,1,0.7330450631148275,1,0.7646408,1,0.031595736885172476,0.031595736885172476,False
2845,1,0.7330450631148275,1,0.7646408,1,0.031595736885172476,0.031595736885172476,False
4788,1,0.7330450631148275,1,0.7646408,1,0.031595736885172476,0.031595736885172476,False
5222,1,0.7330450631148275,1,0.7646408,1,0.031595736885172476,0.031595736885172476,False
5233,1,0.7330450631148275,1,0.7646408,1,0.031595736885172476,0.031595736885172476,False
1457,0,0.7330450631148275,1,0.7646408,1,0.031595736885172476,0.031595736885172476,False
2290,0,0.7330450631148275,1,0.7646408,1,0.031595736885172476,0.031595736885172476,False
387,1,0.7330450631148275,1,0.7646408,1,0.031595736885172476,0.031595736885172476,False
3746,1,0.7330450631148275,1,0.7646408,1,0.031595736885172476,0.031595736885172476,False
2173,1,0.7330450631148275,1,0.7646408,1,0.031595736885172476,0.031595736885172476,False
5286,0,0.3040860068246899,0,0.27506346,0,-0.02902254682468991,0.02902254682468991,False
3813,0,0.3040860068246899,0,0.27506346,0,-0.02902254682468991,0.02902254682468991,False
2763,1,0.3040860068246899,0,0.27506346,0,-0.02902254682468991,0.02902254682468991,False
3086,0,0.3040860068246899,0,0.27506346,0,-0.02902254682468991,0.02902254682468991,False
679,0,0.3040860068246899,0,0.27506346,0,-0.02902254682468991,0.02902254682468991,False
5158,0,0.3040860068246899,0,0.27506346,0,-0.02902254682468991,0.02902254682468991,False
5093,1,0.3040860068246899,0,0.27506346,0,-0.02902254682468991,0.02902254682468991,False
4249,0,0.3040860068246899,0,0.27506346,0,-0.02902254682468991,0.02902254682468991,False
2474,0,0.3040860068246899,0,0.27506346,0,-0.02902254682468991,0.02902254682468991,False
76,0,0.3040860068246899,0,0.27506346,0,-0.02902254682468991,0.02902254682468991,False
6018,0,0.3040860068246899,0,0.27506346,0,-0.02902254682468991,0.02902254682468991,False
6033,0,0.3040860068246899,0,0.27506346,0,-0.02902254682468991,0.02902254682468991,False
5094,0,0.8229748099878158,1,0.8515565,1,0.028581690012184247,0.028581690012184247,False
5454,1,0.7743708388434728,1,0.8014026,1,0.027031761156527168,0.027031761156527168,False
4781,0,0.4252130149099434,0,0.4521176,0,0.02690458509005661,0.02690458509005661,False
277,0,0.4252130149099434,0,0.4521176,0,0.02690458509005661,0.02690458509005661,False
1122,0,0.4252130149099434,0,0.4521176,0,0.02690458509005661,0.02690458509005661,False
6010,0,0.4252130149099434,0,0.4521176,0,0.02690458509005661,0.02690458509005661,False
2863,0,0.4252130149099434,0,0.4521176,0,0.02690458509005661,0.02690458509005661,False
3545,1,0.5948560826257822,1,0.56814444,1,-0.026711642625782184,0.026711642625782184,False
4602,1,0.4822234888282414,0,0.50892675,1,0.026703261171758585,0.026703261171758585,True
3928,0,0.4822234888282414,0,0.50892675,1,0.026703261171758585,0.026703261171758585,True
160,1,0.4822234888282414,0,0.50892675,1,0.026703261171758585,0.026703261171758585,True
4357,1,0.4822234888282414,0,0.50892675,1,0.026703261171758585,0.026703261171758585,True
4132,0,0.4822234888282414,0,0.50892675,1,0.026703261171758585,0.026703261171758585,True
4665,1,0.8629615982035872,1,0.8379342,1,-0.025027398203587237,0.025027398203587237,False
6129,0,0.2068002863982732,0,0.18186648,0,-0.024933806398273195,0.024933806398273195,False
4938,0,0.3504881727840456,0,0.32700974,0,-0.0234784327840456,0.0234784327840456,False
916,0,0.3504881727840456,0,0.32700974,0,-0.0234784327840456,0.0234784327840456,False
1027,0,0.3504881727840456,0,0.32700974,0,-0.0234784327840456,0.0234784327840456,False
6134,0,0.3504881727840456,0,0.32700974,0,-0.0234784327840456,0.0234784327840456,False
5962,1,0.3504881727840456,0,0.32700974,0,-0.0234784327840456,0.0234784327840456,False
4497,0,0.3504881727840456,0,0.32700974,0,-0.0234784327840456,0.0234784327840456,False
2050,0,0.3504881727840456,0,0.32700974,0,-0.0234784327840456,0.0234784327840456,False
3314,1,0.3504881727840456,0,0.32700974,0,-0.0234784327840456,0.0234784327840456,False
696,1,0.3504881727840456,0,0.32700974,0,-0.0234784327840456,0.0234784327840456,False
6023,0,0.3504881727840456,0,0.32700974,0,-0.0234784327840456,0.0234784327840456,False
2087,0,0.3504881727840456,0,0.32700974,0,-0.0234784327840456,0.0234784327840456,False
1929,0,0.3504881727840456,0,0.32700974,0,-0.0234784327840456,0.0234784327840456,False
5162,0,0.3504881727840456,0,0.32700974,0,-0.0234784327840456,0.0234784327840456,False
3634,0,0.3504881727840456,0,0.32700974,0,-0.0234784327840456,0.0234784327840456,False
1204,1,0.3504881727840456,0,0.32700974,0,-0.0234784327840456,0.0234784327840456,False
110,0,0.3504881727840456,0,0.32700974,0,-0.0234784327840456,0.0234784327840456,False
3441,0,0.3504881727840456,0,0.32700974,0,-0.0234784327840456,0.0234784327840456,False
1084,1,0.3504881727840456,0,0.32700974,0,-0.0234784327840456,0.0234784327840456,False
243,1,0.3504881727840456,0,0.32700974,0,-0.0234784327840456,0.0234784327840456,False
3520,1,0.3504881727840456,0,0.32700974,0,-0.0234784327840456,0.0234784327840456,False
4005,0,0.3504881727840456,0,0.32700974,0,-0.0234784327840456,0.0234784327840456,False
3083,0,0.3504881727840456,0,0.32700974,0,-0.0234784327840456,0.0234784327840456,False
4211,0,0.3504881727840456,0,0.32700974,0,-0.0234784327840456,0.0234784327840456,False
3077,0,0.3504881727840456,0,0.32700974,0,-0.0234784327840456,0.0234784327840456,False
5853,1,0.3504881727840456,0,0.32700974,0,-0.0234784327840456,0.0234784327840456,False
2407,0,0.3504881727840456,0,0.32700974,0,-0.0234784327840456,0.0234784327840456,False
5564,0,0.3504881727840456,0,0.32700974,0,-0.0234784327840456,0.0234784327840456,False
882,1,0.3504881727840456,0,0.32700974,0,-0.0234784327840456,0.0234784327840456,False
2852,0,0.3504881727840456,0,0.32700974,0,-0.0234784327840456,0.0234784327840456,False
3295,1,0.3977627149432517,0,0.42099956,0,0.02323684505674828,0.02323684505674828,False
3680,1,0.3977627149432517,0,0.42099956,0,0.02323684505674828,0.02323684505674828,False
3446,0,0.3977627149432517,0,0.42099956,0,0.02323684505674828,0.02323684505674828,False
2795,1,0.3977627149432517,0,0.42099956,0,0.02323684505674828,0.02323684505674828,False
1381,0,0.3977627149432517,0,0.42099956,0,0.02323684505674828,0.02323684505674828,False
5638,1,0.3977627149432517,0,0.42099956,0,0.02323684505674828,0.02323684505674828,False
3835,1,0.3977627149432517,0,0.42099956,0,0.02323684505674828,0.02323684505674828,False
188,0,0.3977627149432517,0,0.42099956,0,0.02323684505674828,0.02323684505674828,False
2421,0,0.4341430267170424,0,0.45668432,0,0.022541293282957564,0.022541293282957564,False
5355,0,0.4341430267170424,0,0.45668432,0,0.022541293282957564,0.022541293282957564,False
5495,1,0.4492319337578394,0,0.47042882,0,0.02119688624216065,0.02119688624216065,False
5342,1,0.4492319337578394,0,0.47042882,0,0.02119688624216065,0.02119688624216065,False
3490,0,0.4492319337578394,0,0.47042882,0,0.02119688624216065,0.02119688624216065,False
2581,1,0.4492319337578394,0,0.47042882,0,0.02119688624216065,0.02119688624216065,False
5119,0,0.4492319337578394,0,0.47042882,0,0.02119688624216065,0.02119688624216065,False
5939,1,0.4492319337578394,0,0.47042882,0,0.02119688624216065,0.02119688624216065,False
5300,1,0.4492319337578394,0,0.47042882,0,0.02119688624216065,0.02119688624216065,False
322,0,0.4492319337578394,0,0.47042882,0,0.02119688624216065,0.02119688624216065,False
3368,0,0.4492319337578394,0,0.47042882,0,0.02119688624216065,0.02119688624216065,False
221,1,0.4492319337578394,0,0.47042882,0,0.02119688624216065,0.02119688624216065,False
5440,0,0.4492319337578394,0,0.47042882,0,0.02119688624216065,0.02119688624216065,False
6091,1,0.4492319337578394,0,0.47042882,0,0.02119688624216065,0.02119688624216065,False
2821,1,0.4492319337578394,0,0.47042882,0,0.02119688624216065,0.02119688624216065,False
2436,0,0.4492319337578394,0,0.47042882,0,0.02119688624216065,0.02119688624216065,False
6083,1,0.4492319337578394,0,0.47042882,0,0.02119688624216065,0.02119688624216065,False
1731,0,0.4492319337578394,0,0.47042882,0,0.02119688624216065,0.02119688624216065,False
5723,0,0.4492319337578394,0,0.47042882,0,0.02119688624216065,0.02119688624216065,False
4390,1,0.4492319337578394,0,0.47042882,0,0.02119688624216065,0.02119688624216065,False
3789,0,0.4492319337578394,0,0.47042882,0,0.02119688624216065,0.02119688624216065,False
4669,0,0.4492319337578394,0,0.47042882,0,0.02119688624216065,0.02119688624216065,False
3646,0,0.4492319337578394,0,0.47042882,0,0.02119688624216065,0.02119688624216065,False
3934,0,0.4492319337578394,0,0.47042882,0,0.02119688624216065,0.02119688624216065,False
856,0,0.4492319337578394,0,0.47042882,0,0.02119688624216065,0.02119688624216065,False
4374,0,0.4492319337578394,0,0.47042882,0,0.02119688624216065,0.02119688624216065,False
4463,0,0.4492319337578394,0,0.47042882,0,0.02119688624216065,0.02119688624216065,False
4695,0,0.4492319337578394,0,0.47042882,0,0.02119688624216065,0.02119688624216065,False
4691,0,0.4492319337578394,0,0.47042882,0,0.02119688624216065,0.02119688624216065,False
1256,0,0.4492319337578394,0,0.47042882,0,0.02119688624216065,0.02119688624216065,False
1086,1,0.4492319337578394,0,0.47042882,0,0.02119688624216065,0.02119688624216065,False
4112,0,0.4492319337578394,0,0.47042882,0,0.02119688624216065,0.02119688624216065,False
4723,0,0.4492319337578394,0,0.47042882,0,0.02119688624216065,0.02119688624216065,False
4830,0,0.4492319337578394,0,0.47042882,0,0.02119688624216065,0.02119688624216065,False
907,0,0.4492319337578394,0,0.47042882,0,0.02119688624216065,0.02119688624216065,False
3920,1,0.3857633069996263,0,0.40536317,0,0.019599863000373696,0.019599863000373696,False
1709,0,0.3857633069996263,0,0.40536317,0,0.019599863000373696,0.019599863000373696,False
890,1,0.3857633069996263,0,0.40536317,0,0.019599863000373696,0.019599863000373696,False
1043,1,0.3857633069996263,0,0.40536317,0,0.019599863000373696,0.019599863000373696,False
2541,1,0.3857633069996263,0,0.40536317,0,0.019599863000373696,0.019599863000373696,False
461,1,0.3857633069996263,0,0.40536317,0,0.019599863000373696,0.019599863000373696,False
5843,1,0.3857633069996263,0,0.40536317,0,0.019599863000373696,0.019599863000373696,False
803,1,0.3857633069996263,0,0.40536317,0,0.019599863000373696,0.019599863000373696,False
5189,0,0.3857633069996263,0,0.40536317,0,0.019599863000373696,0.019599863000373696,False
5897,1,0.3857633069996263,0,0.40536317,0,0.019599863000373696,0.019599863000373696,False
4462,0,0.3857633069996263,0,0.40536317,0,0.019599863000373696,0.019599863000373696,False
1740,0,0.3857633069996263,0,0.40536317,0,0.019599863000373696,0.019599863000373696,False
2471,1,0.3857633069996263,0,0.40536317,0,0.019599863000373696,0.019599863000373696,False
5490,0,0.3857633069996263,0,0.40536317,0,0.019599863000373696,0.019599863000373696,False
5438,0,0.3857633069996263,0,0.40536317,0,0.019599863000373696,0.019599863000373696,False
3480,0,0.3857633069996263,0,0.40536317,0,0.019599863000373696,0.019599863000373696,False
300,0,0.3857633069996263,0,0.40536317,0,0.019599863000373696,0.019599863000373696,False
5876,0,0.3857633069996263,0,0.40536317,0,0.019599863000373696,0.019599863000373696,False
522,1,0.3857633069996263,0,0.40536317,0,0.019599863000373696,0.019599863000373696,False
37,1,0.3857633069996263,0,0.40536317,0,0.019599863000373696,0.019599863000373696,False
4811,0,0.3857633069996263,0,0.40536317,0,0.019599863000373696,0.019599863000373696,False
2143,1,0.3857633069996263,0,0.40536317,0,0.019599863000373696,0.019599863000373696,False
1672,0,0.3713687815830862,0,0.39055616,0,0.01918737841691376,0.01918737841691376,False
879,0,0.3713687815830862,0,0.39055616,0,0.01918737841691376,0.01918737841691376,False
1566,0,0.7616714357867165,1,0.74433106,1,-0.017340375786716433,0.017340375786716433,False
6098,0,0.7616714357867165,1,0.74433106,1,-0.017340375786716433,0.017340375786716433,False
5114,1,0.7616714357867165,1,0.74433106,1,-0.017340375786716433,0.017340375786716433,False
5111,1,0.7616714357867165,1,0.74433106,1,-0.017340375786716433,0.017340375786716433,False
2035,1,0.7616714357867165,1,0.74433106,1,-0.017340375786716433,0.017340375786716433,False
3889,0,0.3273532402652095,0,0.31046292,0,-0.016890320265209535,0.016890320265209535,False
3142,0,0.3273532402652095,0,0.31046292,0,-0.016890320265209535,0.016890320265209535,False
164,0,0.3273532402652095,0,0.31046292,0,-0.016890320265209535,0.016890320265209535,False
902,0,0.3273532402652095,0,0.31046292,0,-0.016890320265209535,0.016890320265209535,False
4611,1,0.3273532402652095,0,0.31046292,0,-0.016890320265209535,0.016890320265209535,False
2935,0,0.3273532402652095,0,0.31046292,0,-0.016890320265209535,0.016890320265209535,False
1674,0,0.3273532402652095,0,0.31046292,0,-0.016890320265209535,0.016890320265209535,False
1810,0,0.3273532402652095,0,0.31046292,0,-0.016890320265209535,0.016890320265209535,False
2237,1,0.3273532402652095,0,0.31046292,0,-0.016890320265209535,0.016890320265209535,False
462,1,0.3273532402652095,0,0.31046292,0,-0.016890320265209535,0.016890320265209535,False
699,0,0.3273532402652095,0,0.31046292,0,-0.016890320265209535,0.016890320265209535,False
3296,1,0.3273532402652095,0,0.31046292,0,-0.016890320265209535,0.016890320265209535,False
3345,0,0.3273532402652095,0,0.31046292,0,-0.016890320265209535,0.016890320265209535,False
1060,0,0.3273532402652095,0,0.31046292,0,-0.016890320265209535,0.016890320265209535,False
2045,0,0.3273532402652095,0,0.31046292,0,-0.016890320265209535,0.016890320265209535,False
5768,1,0.3273532402652095,0,0.31046292,0,-0.016890320265209535,0.016890320265209535,False
2391,0,0.3273532402652095,0,0.31046292,0,-0.016890320265209535,0.016890320265209535,False
1550,1,0.6696609221850104,1,0.6855177,1,0.01585677781498962,0.01585677781498962,False
3016,1,0.6696609221850104,1,0.6855177,1,0.01585677781498962,0.01585677781498962,False
393,1,0.6696609221850104,1,0.6855177,1,0.01585677781498962,0.01585677781498962,False
4245,0,0.6696609221850104,1,0.6855177,1,0.01585677781498962,0.01585677781498962,False
910,1,0.6696609221850104,1,0.6855177,1,0.01585677781498962,0.01585677781498962,False
1471,0,0.6696609221850104,1,0.6855177,1,0.01585677781498962,0.01585677781498962,False
351,1,0.6696609221850104,1,0.6855177,1,0.01585677781498962,0.01585677781498962,False
5907,1,0.6696609221850104,1,0.6855177,1,0.01585677781498962,0.01585677781498962,False
4380,1,0.6696609221850104,1,0.6855177,1,0.01585677781498962,0.01585677781498962,False
2796,1,0.6696609221850104,1,0.6855177,1,0.01585677781498962,0.01585677781498962,False
4064,1,0.6696609221850104,1,0.6855177,1,0.01585677781498962,0.01585677781498962,False
6063,1,0.6696609221850104,1,0.6855177,1,0.01585677781498962,0.01585677781498962,False
3836,1,0.6696609221850104,1,0.6855177,1,0.01585677781498962,0.01585677781498962,False
2687,1,0.6696609221850104,1,0.6855177,1,0.01585677781498962,0.01585677781498962,False
4418,1,0.6696609221850104,1,0.6855177,1,0.01585677781498962,0.01585677781498962,False
2644,0,0.5048139313448838,1,0.49073556,0,-0.014078371344883822,0.014078371344883822,True
1608,1,0.5048139313448838,1,0.49073556,0,-0.014078371344883822,0.014078371344883822,True
226,0,0.5048139313448838,1,0.49073556,0,-0.014078371344883822,0.014078371344883822,True
5758,0,0.5048139313448838,1,0.49073556,0,-0.014078371344883822,0.014078371344883822,True
4014,0,0.5048139313448838,1,0.49073556,0,-0.014078371344883822,0.014078371344883822,True
281,0,0.5048139313448838,1,0.49073556,0,-0.014078371344883822,0.014078371344883822,True
2515,0,0.5048139313448838,1,0.49073556,0,-0.014078371344883822,0.014078371344883822,True
250,0,0.5048139313448838,1,0.49073556,0,-0.014078371344883822,0.014078371344883822,True
2520,1,0.5048139313448838,1,0.49073556,0,-0.014078371344883822,0.014078371344883822,True
2518,0,0.5048139313448838,1,0.49073556,0,-0.014078371344883822,0.014078371344883822,True
3529,1,0.5048139313448838,1,0.49073556,0,-0.014078371344883822,0.014078371344883822,True
1072,1,0.5048139313448838,1,0.49073556,0,-0.014078371344883822,0.014078371344883822,True
2194,1,0.5048139313448838,1,0.49073556,0,-0.014078371344883822,0.014078371344883822,True
2025,1,0.5048139313448838,1,0.49073556,0,-0.014078371344883822,0.014078371344883822,True
982,0,0.5048139313448838,1,0.49073556,0,-0.014078371344883822,0.014078371344883822,True
2036,0,0.5048139313448838,1,0.49073556,0,-0.014078371344883822,0.014078371344883822,True
1983,0,0.5048139313448838,1,0.49073556,0,-0.014078371344883822,0.014078371344883822,True
2086,1,0.5048139313448838,1,0.49073556,0,-0.014078371344883822,0.014078371344883822,True
977,1,0.5048139313448838,1,0.49073556,0,-0.014078371344883822,0.014078371344883822,True
4355,1,0.5048139313448838,1,0.49073556,0,-0.014078371344883822,0.014078371344883822,True
968,1,0.5048139313448838,1,0.49073556,0,-0.014078371344883822,0.014078371344883822,True
2145,1,0.5048139313448838,1,0.49073556,0,-0.014078371344883822,0.014078371344883822,True
4451,0,0.5048139313448838,1,0.49073556,0,-0.014078371344883822,0.014078371344883822,True
6031,1,0.5048139313448838,1,0.49073556,0,-0.014078371344883822,0.014078371344883822,True
4476,0,0.5048139313448838,1,0.49073556,0,-0.014078371344883822,0.014078371344883822,True
939,1,0.5048139313448838,1,0.49073556,0,-0.014078371344883822,0.014078371344883822,True
5996,0,0.5048139313448838,1,0.49073556,0,-0.014078371344883822,0.014078371344883822,True
1679,0,0.5048139313448838,1,0.49073556,0,-0.014078371344883822,0.014078371344883822,True
1851,0,0.5048139313448838,1,0.49073556,0,-0.014078371344883822,0.014078371344883822,True
4311,1,0.5048139313448838,1,0.49073556,0,-0.014078371344883822,0.014078371344883822,True
4541,1,0.5048139313448838,1,0.49073556,0,-0.014078371344883822,0.014078371344883822,True
1779,0,0.5048139313448838,1,0.49073556,0,-0.014078371344883822,0.014078371344883822,True
2320,0,0.5048139313448838,1,0.49073556,0,-0.014078371344883822,0.014078371344883822,True
5895,0,0.5048139313448838,1,0.49073556,0,-0.014078371344883822,0.014078371344883822,True
4565,0,0.5048139313448838,1,0.49073556,0,-0.014078371344883822,0.014078371344883822,True
5071,0,0.5048139313448838,1,0.49073556,0,-0.014078371344883822,0.014078371344883822,True
2386,1,0.5048139313448838,1,0.49073556,0,-0.014078371344883822,0.014078371344883822,True
4201,1,0.5048139313448838,1,0.49073556,0,-0.014078371344883822,0.014078371344883822,True
4622,0,0.5048139313448838,1,0.49073556,0,-0.014078371344883822,0.014078371344883822,True
4200,0,0.5048139313448838,1,0.49073556,0,-0.014078371344883822,0.014078371344883822,True
4191,0,0.5048139313448838,1,0.49073556,0,-0.014078371344883822,0.014078371344883822,True
5629,1,0.5048139313448838,1,0.49073556,0,-0.014078371344883822,0.014078371344883822,True
444,0,0.5048139313448838,1,0.49073556,0,-0.014078371344883822,0.014078371344883822,True
3834,1,0.5048139313448838,1,0.49073556,0,-0.014078371344883822,0.014078371344883822,True
3479,1,0.5048139313448838,1,0.49073556,0,-0.014078371344883822,0.014078371344883822,True
519,1,0.5048139313448838,1,0.49073556,0,-0.014078371344883822,0.014078371344883822,True
3007,1,0.5048139313448838,1,0.49073556,0,-0.014078371344883822,0.014078371344883822,True
4828,1,0.5048139313448838,1,0.49073556,0,-0.014078371344883822,0.014078371344883822,True
2879,1,0.5048139313448838,1,0.49073556,0,-0.014078371344883822,0.014078371344883822,True
677,0,0.5048139313448838,1,0.49073556,0,-0.014078371344883822,0.014078371344883822,True
3056,0,0.5048139313448838,1,0.49073556,0,-0.014078371344883822,0.014078371344883822,True
1514,0,0.5048139313448838,1,0.49073556,0,-0.014078371344883822,0.014078371344883822,True
1324,1,0.5048139313448838,1,0.49073556,0,-0.014078371344883822,0.014078371344883822,True
3437,1,0.5048139313448838,1,0.49073556,0,-0.014078371344883822,0.014078371344883822,True
4776,1,0.5048139313448838,1,0.49073556,0,-0.014078371344883822,0.014078371344883822,True
3898,0,0.5048139313448838,1,0.49073556,0,-0.014078371344883822,0.014078371344883822,True
1131,1,0.5048139313448838,1,0.49073556,0,-0.014078371344883822,0.014078371344883822,True
601,1,0.5048139313448838,1,0.49073556,0,-0.014078371344883822,0.014078371344883822,True
3617,1,0.5048139313448838,1,0.49073556,0,-0.014078371344883822,0.014078371344883822,True
3104,0,0.5048139313448838,1,0.49073556,0,-0.014078371344883822,0.014078371344883822,True
347,0,0.5048139313448838,1,0.49073556,0,-0.014078371344883822,0.014078371344883822,True
5612,1,0.5048139313448838,1,0.49073556,0,-0.014078371344883822,0.014078371344883822,True
1587,1,0.5048139313448838,1,0.49073556,0,-0.014078371344883822,0.014078371344883822,True
2731,0,0.5048139313448838,1,0.49073556,0,-0.014078371344883822,0.014078371344883822,True
3773,0,0.5048139313448838,1,0.49073556,0,-0.014078371344883822,0.014078371344883822,True
5618,1,0.5048139313448838,1,0.49073556,0,-0.014078371344883822,0.014078371344883822,True
1139,0,0.5048139313448838,1,0.49073556,0,-0.014078371344883822,0.014078371344883822,True
3732,0,0.5048139313448838,1,0.49073556,0,-0.014078371344883822,0.014078371344883822,True
5242,0,0.5048139313448838,1,0.49073556,0,-0.014078371344883822,0.014078371344883822,True
1191,0,0.5048139313448838,1,0.49073556,0,-0.014078371344883822,0.014078371344883822,True
3547,0,0.5048139313448838,1,0.49073556,0,-0.014078371344883822,0.014078371344883822,True
3816,1,0.5048139313448838,1,0.49073556,0,-0.014078371344883822,0.014078371344883822,True
5607,0,0.5048139313448838,1,0.49073556,0,-0.014078371344883822,0.014078371344883822,True
3244,0,0.6209826834020424,1,0.63497174,1,0.013989056597957572,0.013989056597957572,False
5263,1,0.6209826834020424,1,0.63497174,1,0.013989056597957572,0.013989056597957572,False
1590,1,0.6209826834020424,1,0.63497174,1,0.013989056597957572,0.013989056597957572,False
3176,1,0.6209826834020424,1,0.63497174,1,0.013989056597957572,0.013989056597957572,False
6059,1,0.6209826834020424,1,0.63497174,1,0.013989056597957572,0.013989056597957572,False
2014,0,0.6209826834020424,1,0.63497174,1,0.013989056597957572,0.013989056597957572,False
4952,0,0.4899944924167888,0,0.5032052,1,0.013210707583211245,0.013210707583211245,True
701,0,0.4899944924167888,0,0.5032052,1,0.013210707583211245,0.013210707583211245,True
4619,1,0.4899944924167888,0,0.5032052,1,0.013210707583211245,0.013210707583211245,True
2587,1,0.4899944924167888,0,0.5032052,1,0.013210707583211245,0.013210707583211245,True
1406,0,0.4899944924167888,0,0.5032052,1,0.013210707583211245,0.013210707583211245,True
4256,0,0.337114916189016,0,0.34932998,0,0.012215063810983973,0.012215063810983973,False
3539,0,0.337114916189016,0,0.34932998,0,0.012215063810983973,0.012215063810983973,False
3584,0,0.337114916189016,0,0.34932998,0,0.012215063810983973,0.012215063810983973,False
1341,0,0.337114916189016,0,0.34932998,0,0.012215063810983973,0.012215063810983973,False
235,0,0.337114916189016,0,0.34932998,0,0.012215063810983973,0.012215063810983973,False
1508,0,0.337114916189016,0,0.34932998,0,0.012215063810983973,0.012215063810983973,False
1237,1,0.8290241712516995,1,0.8173102,1,-0.011713971251699484,0.011713971251699484,False
5693,0,0.2725818858766395,0,0.26148152,0,-0.011100365876639484,0.011100365876639484,False
5100,1,0.2725818858766395,0,0.26148152,0,-0.011100365876639484,0.011100365876639484,False
1551,1,0.2725818858766395,0,0.26148152,0,-0.011100365876639484,0.011100365876639484,False
2196,0,0.2725818858766395,0,0.26148152,0,-0.011100365876639484,0.011100365876639484,False
1786,0,0.2725818858766395,0,0.26148152,0,-0.011100365876639484,0.011100365876639484,False
4807,0,0.2725818858766395,0,0.26148152,0,-0.011100365876639484,0.011100365876639484,False
1391,0,0.2725818858766395,0,0.26148152,0,-0.011100365876639484,0.011100365876639484,False
4322,0,0.2725818858766395,0,0.26148152,0,-0.011100365876639484,0.011100365876639484,False
2176,1,0.2725818858766395,0,0.26148152,0,-0.011100365876639484,0.011100365876639484,False
4314,1,0.2725818858766395,0,0.26148152,0,-0.011100365876639484,0.011100365876639484,False
3289,1,0.439762605971454,0,0.43124583,0,-0.008516775971454005,0.008516775971454005,False
5177,0,0.439762605971454,0,0.43124583,0,-0.008516775971454005,0.008516775971454005,False
1008,1,0.439762605971454,0,0.43124583,0,-0.008516775971454005,0.008516775971454005,False
609,0,0.439762605971454,0,0.43124583,0,-0.008516775971454005,0.008516775971454005,False
2111,0,0.439762605971454,0,0.43124583,0,-0.008516775971454005,0.008516775971454005,False
5004,0,0.439762605971454,0,0.43124583,0,-0.008516775971454005,0.008516775971454005,False
5120,0,0.439762605971454,0,0.43124583,0,-0.008516775971454005,0.008516775971454005,False
2042,0,0.439762605971454,0,0.43124583,0,-0.008516775971454005,0.008516775971454005,False
4408,1,0.439762605971454,0,0.43124583,0,-0.008516775971454005,0.008516775971454005,False
1255,1,0.439762605971454,0,0.43124583,0,-0.008516775971454005,0.008516775971454005,False
5229,1,0.439762605971454,0,0.43124583,0,-0.008516775971454005,0.008516775971454005,False
4499,0,0.439762605971454,0,0.43124583,0,-0.008516775971454005,0.008516775971454005,False
1906,0,0.439762605971454,0,0.43124583,0,-0.008516775971454005,0.008516775971454005,False
333,1,0.439762605971454,0,0.43124583,0,-0.008516775971454005,0.008516775971454005,False
4002,0,0.439762605971454,0,0.43124583,0,-0.008516775971454005,0.008516775971454005,False
242,1,0.439762605971454,0,0.43124583,0,-0.008516775971454005,0.008516775971454005,False
1080,0,0.439762605971454,0,0.43124583,0,-0.008516775971454005,0.008516775971454005,False
2898,1,0.439762605971454,0,0.43124583,0,-0.008516775971454005,0.008516775971454005,False
816,0,0.439762605971454,0,0.43124583,0,-0.008516775971454005,0.008516775971454005,False
2941,1,0.439762605971454,0,0.43124583,0,-0.008516775971454005,0.008516775971454005,False
2815,0,0.439762605971454,0,0.43124583,0,-0.008516775971454005,0.008516775971454005,False
1569,0,0.439762605971454,0,0.43124583,0,-0.008516775971454005,0.008516775971454005,False
5779,0,0.439762605971454,0,0.43124583,0,-0.008516775971454005,0.008516775971454005,False
2983,0,0.439762605971454,0,0.43124583,0,-0.008516775971454005,0.008516775971454005,False
377,0,0.439762605971454,0,0.43124583,0,-0.008516775971454005,0.008516775971454005,False
4168,1,0.439762605971454,0,0.43124583,0,-0.008516775971454005,0.008516775971454005,False
5715,1,0.439762605971454,0,0.43124583,0,-0.008516775971454005,0.008516775971454005,False
5384,0,0.439762605971454,0,0.43124583,0,-0.008516775971454005,0.008516775971454005,False
3957,1,0.439762605971454,0,0.43124583,0,-0.008516775971454005,0.008516775971454005,False
3012,0,0.439762605971454,0,0.43124583,0,-0.008516775971454005,0.008516775971454005,False
1529,0,0.439762605971454,0,0.43124583,0,-0.008516775971454005,0.008516775971454005,False
5606,1,0.439762605971454,0,0.43124583,0,-0.008516775971454005,0.008516775971454005,False
2761,1,0.439762605971454,0,0.43124583,0,-0.008516775971454005,0.008516775971454005,False
2611,1,0.439762605971454,0,0.43124583,0,-0.008516775971454005,0.008516775971454005,False
5315,0,0.439762605971454,0,0.43124583,0,-0.008516775971454005,0.008516775971454005,False
4227,1,0.439762605971454,0,0.43124583,0,-0.008516775971454005,0.008516775971454005,False
5311,0,0.439762605971454,0,0.43124583,0,-0.008516775971454005,0.008516775971454005,False
4241,1,0.439762605971454,0,0.43124583,0,-0.008516775971454005,0.008516775971454005,False
5310,1,0.439762605971454,0,0.43124583,0,-0.008516775971454005,0.008516775971454005,False
346,0,0.439762605971454,0,0.43124583,0,-0.008516775971454005,0.008516775971454005,False
1734,1,0.439762605971454,0,0.43124583,0,-0.008516775971454005,0.008516775971454005,False
3261,1,0.844009846864359,1,0.8379342,1,-0.006075646864359019,0.006075646864359019,False
2948,0,0.7212848041715313,1,0.7262723,1,0.004987495828468691,0.004987495828468691,False
4815,0,0.232797146455026,0,0.22839037,0,-0.00440677645502599,0.00440677645502599,False
5624,1,0.232797146455026,0,0.22839037,0,-0.00440677645502599,0.00440677645502599,False
490,1,0.232797146455026,0,0.22839037,0,-0.00440677645502599,0.00440677645502599,False
4806,1,0.5474185299371052,1,0.5499047,1,0.0024861700628948658,0.0024861700628948658,False
2987,0,0.5474185299371052,1,0.5499047,1,0.0024861700628948658,0.0024861700628948658,False
4610,1,0.5474185299371052,1,0.5499047,1,0.0024861700628948658,0.0024861700628948658,False
1136,1,0.5474185299371052,1,0.5499047,1,0.0024861700628948658,0.0024861700628948658,False
1109,0,0.7110487799306137,1,0.70915,1,-0.0018987799306137143,0.0018987799306137143,False
4271,1,0.7110487799306137,1,0.70915,1,-0.0018987799306137143,0.0018987799306137143,False
483,0,0.7110487799306137,1,0.70915,1,-0.0018987799306137143,0.0018987799306137143,False
5679,1,0.7110487799306137,1,0.70915,1,-0.0018987799306137143,0.0018987799306137143,False
859,1,0.7110487799306137,1,0.70915,1,-0.0018987799306137143,0.0018987799306137143,False
4386,1,0.7110487799306137,1,0.70915,1,-0.0018987799306137143,0.0018987799306137143,False
1540,0,0.2826809382922038,0,0.28119814,0,-0.001482798292203824,0.001482798292203824,False
600,0,0.2826809382922038,0,0.28119814,0,-0.001482798292203824,0.001482798292203824,False
2142,0,0.2826809382922038,0,0.28119814,0,-0.001482798292203824,0.001482798292203824,False
3904,0,0.2826809382922038,0,0.28119814,0,-0.001482798292203824,0.001482798292203824,False
