row_id,Two_yr_Recidivism,Number_of_Priors,Age_Above_FourtyFive,Age_Below_TwentyFive,African_American,Asian,Hispanic,Native_American,Other,Female,Misdemeanor
0,0,0,1,0,0,0,0,0,1,0,0
1,1,0,0,0,1,0,0,0,0,0,0
2,1,4,0,1,1,0,0,0,0,0,0
3,0,0,0,0,0,0,0,0,1,0,1
4,1,14,0,0,0,0,0,0,0,0,0
5,0,3,0,0,0,0,0,0,1,0,0
6,0,0,0,0,0,0,0,0,0,1,1
7,0,0,0,0,0,0,0,0,0,0,0
8,1,3,0,1,1,0,0,0,0,0,1
9,0,0,0,0,0,0,0,0,0,1,1
10,0,0,0,0,1,0,0,0,0,0,0
11,1,1,1,0,0,0,0,0,0,1,0
12,1,7,0,0,1,0,0,0,0,0,0
13,0,0,0,0,0,0,1,0,0,0,1
14,0,3,0,0,1,0,0,0,0,0,0
15,1,6,0,0,0,0,0,0,0,0,0
16,1,5,0,0,0,0,0,0,0,0,0
17,1,13,1,0,1,0,0,0,0,0,0
18,1,1,0,1,1,0,0,0,0,0,0
19,1,0,0,0,0,0,0,0,0,0,1
20,0,0,0,1,0,0,0,0,0,1,0
21,1,1,0,1,0,0,1,0,0,0,0
22,0,1,0,0,0,0,0,0,0,0,1
23,0,0,0,0,0,0,0,0,1,0,1
24,1,8,0,0,1,0,0,0,0,0,0
25,1,5,0,0,1,0,0,0,0,0,0
26,1,0,0,0,1,0,0,0,0,0,0
27,1,9,0,0,0,0,0,0,0,0,0
28,1,4,0,0,1,0,0,0,0,0,0
29,0,0,1,0,0,0,0,0,0,0,0
30,1,7,1,0,0,0,0,0,1,0,0
31,1,4,0,0,0,0,0,0,0,1,1
32,1,1,0,1,0,0,0,0,0,0,1
33,1,21,0,0,1,0,0,0,0,0,0
34,0,0,0,0,0,0,0,0,0,0,1
35,0,2,0,1,1,0,0,0,0,1,0
36,0,2,1,0,1,0,0,0,0,0,1
37,1,2,0,0,0,0,0,0,0,0,1
38,0,7,1,0,1,0,0,0,0,1,0
39,1,0,0,0,1,0,0,0,0,0,0
40,1,9,0,0,0,0,0,0,0,0,1
41,1,13,0,0,1,0,0,0,0,0,0
42,0,0,1,0,0,0,0,0,0,0,1
43,0,0,0,0,1,0,0,0,0,0,0
44,1,1,0,0,0,0,0,0,0,0,0
45,0,0,0,0,0,0,0,0,1,1,0
46,0,15,0,0,1,0,0,0,0,0,0
47,1,2,0,1,1,0,0,0,0,0,0
48,0,0,0,0,0,0,1,0,0,0,1
49,0,4,1,0,1,0,0,0,0,0,1
50,0,8,1,0,0,0,0,0,0,0,0
51,0,5,0,0,1,0,0,0,0,0,0
52,1,15,0,0,1,0,0,0,0,0,0
53,1,4,0,0,0,0,0,0,0,0,1
54,1,1,0,1,1,0,0,0,0,0,0
55,1,4,0,0,1,0,0,0,0,0,0
56,0,0,1,0,0,0,1,0,0,0,1
57,1,6,0,0,1,0,0,0,0,0,0
58,0,0,0,0,0,0,0,0,1,0,1
59,0,0,1,0,1,0,0,0,0,1,1
60,1,6,1,0,0,0,1,0,0,0,0
61,0,1,0,1,0,0,1,0,0,0,0
62,0,1,0,0,1,0,0,0,0,0,1
63,1,5,0,0,1,0,0,0,0,0,0
64,1,1,0,0,0,0,0,0,0,0,0
65,0,2,0,0,1,0,0,0,0,0,0
66,1,1,0,1,1,0,0,0,0,0,1
67,0,0,0,1,0,0,0,0,0,0,0
68,1,1,0,0,1,0,0,0,0,1,0
69,0,0,0,0,1,0,0,0,0,0,0
70,0,1,0,0,1,0,0,0,0,0,1
71,1,8,0,0,1,0,0,0,0,0,1
72,1,0,1,0,0,0,0,0,1,0,0
73,1,14,0,0,1,0,0,0,0,0,0
74,1,0,0,1,0,0,0,0,1,0,0
75,1,2,0,1,1,0,0,0,0,0,0
76,0,1,0,0,1,0,0,0,0,1,1
77,1,9,0,0,1,0,0,0,0,0,0
78,1,7,0,0,0,0,0,0,0,0,0
79,1,1,0,1,0,0,0,0,1,0,0
80,1,9,0,0,0,0,0,0,0,0,0
81,0,0,0,1,0,0,0,0,0,1,0
82,1,2,0,0,0,0,0,0,0,0,0
83,0,0,1,0,0,0,0,0,0,1,1
84,0,0,0,0,0,0,1,0,0,1,1
85,1,1,0,1,1,0,0,0,0,0,1
86,0,1,0,0,1,0,0,0,0,0,0
87,1,0,0,0,0,0,0,0,0,1,0
88,1,8,0,1,0,0,0,0,0,0,0
89,0,0,0,0,0,0,0,0,0,0,0
90,0,0,0,0,0,0,0,0,0,0,1
91,0,1,0,0,0,0,0,0,0,1,0
92,0,1,0,0,0,0,0,0,0,0,0
93,1,3,0,1,1,0,0,0,0,0,0
94,1,5,0,0,0,0,0,0,0,0,1
95,0,0,0,0,0,0,0,0,0,0,0
96,1,5,0,0,1,0,0,0,0,0,0
97,0,3,0,0,1,0,0,0,0,0,0
98,1,1,0,0,0,0,0,0,0,0,0
99,1,10,0,0,1,0,0,0,0,0,0
100,1,0,0,1,1,0,0,0,0,0,0
101,1,28,0,0,1,0,0,0,0,0,0
102,0,1,0,0,1,0,0,0,0,0,1
103,0,1,0,0,0,0,0,0,1,1,0
104,1,13,0,0,0,0,0,0,0,0,0
105,1,3,0,0,1,0,0,0,0,0,0
106,0,3,1,0,0,0,0,0,0,0,1
107,1,19,0,0,1,0,0,0,0,0,0
108,0,6,0,0,0,0,0,0,0,0,0
109,0,2,0,0,0,0,0,0,0,1,0
110,0,1,0,0,0,0,0,0,0,0,1
111,0,2,0,0,0,0,0,0,1,1,1
112,1,0,0,0,0,0,0,0,0,0,1
113,0,0,0,1,1,0,0,0,0,1,1
114,1,10,0,0,0,0,0,0,0,1,0
115,1,2,0,0,0,0,0,0,0,0,1
116,1,3,0,0,1,0,0,0,0,0,0
117,1,2,0,0,0,0,0,0,0,0,1
118,0,1,0,0,1,0,0,0,0,0,1
119,1,1,1,0,0,0,0,0,0,0,0
120,0,1,0,1,1,0,0,0,0,1,0
121,0,0,0,0,0,0,0,0,0,1,1
122,1,9,0,0,1,0,0,0,0,0,0
123,1,11,0,0,1,0,0,0,0,0,0
124,1,8,0,0,1,0,0,0,0,0,1
125,1,0,0,0,1,0,0,0,0,1,0
126,1,7,0,0,1,0,0,0,0,1,0
127,1,2,0,0,1,0,0,0,0,0,0
128,0,0,0,1,1,0,0,0,0,1,0
129,0,0,0,0,0,0,0,0,0,1,1
130,1,1,1,0,1,0,0,0,0,1,0
131,1,13,1,0,0,0,0,0,1,0,0
132,0,1,1,0,0,0,1,0,0,0,0
133,1,4,0,0,1,0,0,0,0,1,0
134,0,1,0,0,0,0,1,0,0,0,0
135,1,2,0,0,1,0,0,0,0,1,1
136,0,1,0,0,0,0,0,0,0,0,1
137,1,3,0,0,0,0,0,0,0,1,0
138,0,1,0,0,1,0,0,0,0,0,0
139,0,2,1,0,0,0,0,0,0,0,1
140,0,1,0,1,1,0,0,0,0,0,0
141,1,6,1,0,0,0,0,0,0,0,0
142,0,0,0,0,0,0,0,0,0,0,0
143,1,1,0,0,1,0,0,0,0,0,1
144,0,0,0,1,0,0,1,0,0,0,0
145,0,5,0,0,1,0,0,0,0,1,0
146,0,2,1,0,0,0,1,0,0,0,1
147,0,8,1,0,1,0,0,0,0,0,0
148,1,8,0,0,0,0,1,0,0,0,0
149,1,6,0,0,1,0,0,0,0,0,1
150,0,2,1,0,0,0,1,0,0,0,0
151,0,0,1,0,0,0,1,0,0,0,0
152,1,1,1,0,0,0,0,0,0,0,1
153,0,0,1,0,0,0,0,0,0,0,0
154,0,0,0,1,0,0,0,0,1,0,0
155,1,1,0,1,1,0,0,0,0,0,0
156,1,23,1,0,1,0,0,0,0,0,1
157,1,0,0,1,1,0,0,0,0,0,1
158,0,1,1,0,0,0,1,0,0,0,0
159,0,3,1,0,1,0,0,0,0,0,0
160,1,8,1,0,0,0,0,0,0,0,1
161,1,2,0,0,1,0,0,0,0,0,1
162,1,0,0,0,0,0,0,0,0,0,0
163,1,9,0,0,1,0,0,0,0,0,0
164,0,2,1,0,0,0,0,0,0,0,0
165,1,0,0,1,1,0,0,0,0,0,0
166,0,2,0,0,1,0,0,0,0,0,1
167,0,1,0,1,1,0,0,0,0,1,1
168,1,2,0,0,0,0,0,0,1,0,1
169,0,1,1,0,0,0,0,0,0,0,0
170,0,0,0,0,0,0,0,0,0,1,1
171,0,4,0,0,0,0,0,0,0,0,1
172,1,23,0,0,1,0,0,0,0,1,0
173,1,5,0,1,0,0,0,0,1,0,0
174,1,2,0,0,1,0,0,0,0,0,0
175,0,0,0,0,1,0,0,0,0,0,1
176,0,0,0,0,1,0,0,0,0,1,0
177,1,7,0,0,0,0,0,0,0,1,0
178,0,2,0,0,1,0,0,0,0,0,0
179,0,1,0,0,1,0,0,0,0,1,0
180,1,7,1,0,0,0,0,0,0,0,0
181,0,15,0,0,1,0,0,0,0,0,0
182,0,2,0,0,1,0,0,0,0,0,1
183,1,0,1,0,0,0,0,0,0,1,1
184,0,0,1,0,0,0,0,0,0,0,1
185,1,1,0,0,0,0,0,0,1,0,1
186,0,0,1,0,1,0,0,0,0,0,0
187,1,4,0,0,0,0,0,0,0,0,0
188,0,2,0,0,1,0,0,0,0,1,0
189,0,5,0,0,1,0,0,0,0,1,1
190,1,11,0,0,1,0,0,0,0,0,0
191,0,0,0,0,1,0,0,0,0,0,1
192,1,4,0,0,0,0,0,0,1,0,0
193,0,11,1,0,1,0,0,0,0,0,0
194,0,2,0,1,1,0,0,0,0,0,0
195,0,0,0,0,1,0,0,0,0,0,1
196,0,0,1,0,0,0,0,0,0,0,0
197,1,13,0,0,0,0,0,0,0,0,0
198,0,0,1,0,1,0,0,0,0,0,0
199,0,1,0,0,0,0,0,0,0,0,0
200,1,11,0,0,1,0,0,0,0,0,1
201,0,1,0,0,0,0,0,0,0,0,0
202,0,0,0,1,1,0,0,0,0,0,0
203,0,4,0,0,1,0,0,0,0,0,0
204,0,4,0,0,0,0,1,0,0,0,0
205,1,0,0,0,0,0,0,0,0,0,0
206,1,0,0,0,0,0,0,0,0,0,0
207,0,14,0,0,1,0,0,0,0,0,0
208,0,1,1,0,0,0,0,0,0,0,1
209,1,25,0,0,1,0,0,0,0,0,0
210,1,8,0,0,0,0,0,0,0,0,1
211,0,0,0,0,1,0,0,0,0,0,0
212,1,1,0,1,0,0,0,0,0,0,1
213,0,0,0,0,0,0,0,0,1,1,1
214,0,3,0,0,0,0,0,0,1,1,0
215,0,0,0,0,0,0,1,0,0,1,1
216,1,1,0,1,0,0,1,0,0,0,0
217,1,5,0,1,0,0,0,0,0,1,0
218,0,0,0,1,0,0,1,0,0,0,1
219,0,1,0,0,1,0,0,0,0,0,1
220,1,1,0,1,1,0,0,0,0,0,0
221,1,2,0,0,1,0,0,0,0,0,0
222,0,0,0,0,0,0,0,0,1,0,0
223,0,4,0,0,1,0,0,0,0,0,0
224,0,2,0,0,1,0,0,0,0,1,0
225,0,0,0,1,1,0,0,0,0,0,0
226,0,0,0,1,0,0,1,0,0,0,0
227,0,0,1,0,1,0,0,0,0,1,0
228,1,0,0,1,1,0,0,0,0,1,0
229,0,0,1,0,1,0,0,0,0,1,0
230,0,0,0,0,0,0,0,0,0,0,0
231,1,0,0,0,0,0,0,0,0,0,0
232,1,11,0,0,1,0,0,0,0,0,0
233,1,3,0,1,1,0,0,0,0,0,1
234,0,1,0,1,0,0,0,0,0,1,0
235,0,2,0,0,1,0,0,0,0,1,1
236,0,0,0,0,0,0,0,0,1,1,0
237,1,3,1,0,1,0,0,0,0,0,0
238,0,0,0,0,1,0,0,0,0,0,0
239,0,3,0,0,0,0,0,0,0,0,0
240,0,1,1,0,0,0,0,0,0,0,1
241,0,3,1,0,0,0,0,0,0,0,0
242,1,0,0,1,1,0,0,0,0,0,1
243,1,1,0,0,1,0,0,0,0,0,1
244,1,3,0,0,0,0,1,0,0,0,0
245,0,5,0,0,0,0,0,0,0,0,1
246,0,5,0,0,1,0,0,0,0,0,1
247,1,0,0,1,0,0,0,0,0,0,0
248,1,5,0,0,1,0,0,0,0,0,0
249,1,6,0,0,1,0,0,0,0,0,0
250,0,0,0,1,0,0,0,0,1,0,0
251,0,2,1,0,0,0,0,0,0,0,0
252,0,0,0,1,1,0,0,0,0,1,1
253,1,4,0,1,1,0,0,0,0,0,1
254,0,0,1,0,0,0,0,0,0,0,0
255,0,5,0,0,0,0,0,0,0,0,0
256,1,2,0,0,0,0,0,0,1,0,0
257,0,5,0,0,1,0,0,0,0,1,0
258,0,0,0,1,0,0,1,0,0,0,0
259,0,0,0,0,1,0,0,0,0,0,1
260,1,0,0,0,0,0,0,0,0,0,1
261,1,3,0,0,0,0,0,0,0,0,1
262,0,0,0,0,0,0,0,0,0,1,0
263,1,9,0,1,0,0,0,0,1,0,0
264,0,0,0,0,1,0,0,0,0,0,0
265,1,0,0,1,1,0,0,0,0,0,0
266,0,0,1,0,0,0,0,0,0,1,1
267,0,0,1,0,0,0,0,0,0,0,1
268,0,7,0,0,1,0,0,0,0,0,0
269,1,0,0,1,1,0,0,0,0,0,0
270,0,8,0,0,0,0,0,0,0,0,0
271,1,2,0,1,1,0,0,0,0,0,0
272,1,36,1,0,0,0,0,0,0,0,0
273,1,2,0,0,0,0,0,0,0,0,1
274,0,3,0,1,0,0,1,0,0,0,0
275,0,0,0,0,1,0,0,0,0,1,0
276,1,2,0,0,0,0,0,0,0,1,1
277,0,1,0,1,0,0,1,0,0,1,1
278,0,1,0,0,0,0,0,0,0,0,0
279,1,0,0,1,1,0,0,0,0,1,0
280,0,0,0,0,0,0,0,0,0,0,1
281,0,0,0,1,1,0,0,0,0,0,0
282,1,1,0,0,0,0,0,0,1,0,0
283,0,0,0,0,1,0,0,0,0,0,0
284,0,0,0,0,0,0,0,0,0,1,1
285,0,1,1,0,0,0,1,0,0,0,1
286,1,12,0,0,1,0,0,0,0,0,0
287,0,1,0,1,1,0,0,0,0,0,0
288,0,3,1,0,1,0,0,0,0,0,0
289,0,0,0,0,0,0,0,0,0,0,0
290,1,2,0,1,1,0,0,0,0,0,0
291,0,0,0,0,0,0,1,0,0,0,1
292,0,0,0,0,0,0,0,0,1,0,1
293,0,0,0,1,0,0,0,0,0,1,0
294,0,0,1,0,0,0,0,0,0,0,1
295,0,2,0,1,0,0,0,0,0,0,0
296,1,6,0,0,1,0,0,0,0,0,1
297,0,0,0,1,0,0,0,0,0,0,0
298,1,0,0,1,1,0,0,0,0,1,0
299,0,3,1,0,1,0,0,0,0,0,0
300,0,2,0,0,1,0,0,0,0,0,1
301,0,0,1,0,0,0,0,0,0,1,1
302,1,3,0,1,1,0,0,0,0,0,0
303,0,1,0,1,0,0,0,0,1,1,0
304,0,1,0,0,0,0,1,0,0,0,0
305,0,0,0,0,0,0,0,0,0,0,0
306,0,1,0,1,1,0,0,0,0,0,0
307,1,2,0,1,0,0,0,0,0,0,1
308,1,4,0,1,1,0,0,0,0,0,0
309,1,0,0,1,1,0,0,0,0,0,0
310,0,1,0,0,0,0,0,0,0,0,1
311,1,1,1,0,0,0,0,0,0,1,1
312,1,0,0,0,0,0,0,0,0,0,0
313,1,7,0,0,1,0,0,0,0,0,0
314,0,1,1,0,0,0,0,0,0,1,1
315,0,0,0,1,1,0,0,0,0,1,0
316,0,1,0,0,1,0,0,0,0,0,0
317,0,1,0,0,1,0,0,0,0,0,1
318,1,6,0,0,1,0,0,0,0,0,0
319,1,4,0,1,1,0,0,0,0,0,0
320,0,3,0,1,0,0,0,0,0,0,1
321,1,23,0,0,1,0,0,0,0,0,0
322,0,2,0,0,1,0,0,0,0,0,0
323,0,2,1,0,1,0,0,0,0,0,0
324,0,7,0,0,1,0,0,0,0,0,0
325,1,23,1,0,0,0,0,0,0,0,0
326,0,0,1,0,0,0,0,0,0,1,1
327,1,12,0,0,1,0,0,0,0,0,0
328,0,5,0,0,1,0,0,0,0,0,0
329,0,3,0,0,0,0,0,0,0,0,1
330,0,0,0,0,0,0,1,0,0,1,0
331,1,14,0,0,1,0,0,0,0,0,0
332,0,2,0,0,1,0,0,0,0,0,0
333,1,0,0,1,1,0,0,0,0,0,1
334,0,0,0,0,0,0,0,0,0,0,0
335,0,5,1,0,1,0,0,0,0,0,0
336,1,9,0,0,1,0,0,0,0,0,0
337,1,4,1,0,0,0,0,0,0,0,0
338,0,3,0,0,1,0,0,0,0,0,0
339,0,4,1,0,0,0,0,0,1,0,0
340,0,1,0,1,0,0,1,0,0,0,1
341,0,0,0,0,0,0,0,0,0,1,1
342,0,0,1,0,0,0,0,0,0,0,1
343,0,0,0,1,1,0,0,0,0,1,0
344,0,11,1,0,1,0,0,0,0,0,0
345,1,0,0,0,0,0,0,0,0,0,1
346,0,0,0,1,0,0,1,0,0,0,1
347,0,0,0,1,0,0,0,0,0,0,0
348,0,2,1,0,0,0,0,0,0,1,1
349,1,7,0,0,1,0,0,0,0,0,1
350,1,1,0,1,0,0,0,0,0,0,0
351,1,8,0,0,1,0,0,0,0,0,0
352,0,1,0,0,0,0,0,0,1,0,0
353,1,0,0,1,1,0,0,0,0,0,0
354,1,0,0,0,0,0,0,0,0,0,1
355,1,21,1,0,1,0,0,0,0,0,1
356,0,3,0,1,1,0,0,0,0,0,0
357,1,1,1,0,0,0,1,0,0,0,1
358,0,0,0,0,0,0,0,0,0,0,0
359,1,1,1,0,1,0,0,0,0,0,0
360,0,3,0,0,0,0,0,0,0,0,1
361,0,3,0,0,1,0,0,0,0,0,0
362,1,3,0,1,0,0,0,0,0,0,0
363,0,0,0,0,0,0,0,0,0,0,0
364,0,2,0,0,1,0,0,0,0,0,0
365,1,3,0,1,1,0,0,0,0,1,0
366,1,1,0,1,0,0,0,0,0,0,0
367,0,2,0,0,0,0,0,0,0,0,1
368,0,0,0,1,0,0,0,0,0,1,0
369,0,0,0,0,0,0,0,0,0,0,1
370,1,2,0,0,0,0,1,0,0,0,0
371,1,1,0,1,1,0,0,0,0,0,0
372,1,1,0,1,1,0,0,0,0,0,1
373,0,4,1,0,0,0,0,0,0,0,0
374,0,3,1,0,1,0,0,0,0,1,0
375,0,1,0,0,1,0,0,0,0,0,1
376,0,5,0,0,1,0,0,0,0,0,0
377,0,0,0,1,0,0,0,0,0,0,1
378,1,2,1,0,1,0,0,0,0,1,0
379,1,0,0,0,0,0,0,0,0,0,1
380,1,0,0,1,0,0,0,0,1,0,0
381,1,13,0,0,1,0,0,0,0,0,1
382,1,1,0,0,1,0,0,0,0,0,1
383,1,3,0,0,1,0,0,0,0,0,0
384,1,6,1,0,0,0,0,0,0,0,0
385,1,1,0,0,0,0,0,0,0,0,0
386,1,5,1,0,1,0,0,0,0,0,0
387,1,10,0,0,1,0,0,0,0,0,0
388,0,5,0,0,1,0,0,0,0,0,0
389,0,2,1,0,0,0,0,0,0,0,0
390,0,0,0,0,1,0,0,0,0,0,0
391,0,6,0,1,1,0,0,0,0,0,0
392,1,28,1,0,1,0,0,0,0,0,0
393,1,8,0,0,1,0,0,0,0,0,0
394,1,6,0,1,1,0,0,0,0,1,0
395,0,2,1,0,1,0,0,0,0,0,1
396,1,12,1,0,1,0,0,0,0,0,1
397,1,1,0,1,0,0,0,0,0,0,1
398,0,1,0,0,1,0,0,0,0,0,1
399,1,1,0,1,1,0,0,0,0,0,0
400,0,0,1,0,0,0,0,0,0,0,0
401,0,0,0,1,0,0,1,0,0,0,0
402,0,3,0,0,0,0,0,0,0,0,0
403,0,3,1,0,0,0,0,0,0,0,0
404,1,4,0,0,0,0,0,0,0,0,0
405,0,0,1,0,0,0,0,0,0,0,0
406,1,4,0,0,0,0,1,0,0,0,0
407,1,1,1,0,0,0,0,0,0,0,0
408,0,0,0,0,0,1,0,0,0,0,0
409,0,1,1,0,0,0,1,0,0,0,0
410,0,2,0,0,0,0,1,0,0,0,1
411,1,6,0,1,0,0,0,0,0,1,0
412,1,2,0,1,0,0,0,0,0,0,1
413,1,5,1,0,0,1,0,0,0,0,0
414,0,1,0,0,1,0,0,0,0,0,0
415,0,0,0,0,0,0,0,0,0,1,1
416,1,0,0,0,0,0,0,0,0,0,1
417,0,0,1,0,1,0,0,0,0,0,1
418,1,4,0,0,1,0,0,0,0,0,0
419,0,0,1,0,0,0,0,0,0,1,1
420,0,0,0,0,1,0,0,0,0,0,0
421,1,1,0,0,0,0,0,0,0,0,1
422,1,7,0,0,0,0,1,0,0,0,0
423,0,20,1,0,0,0,1,0,0,0,0
424,1,33,1,0,1,0,0,0,0,0,0
425,0,2,0,0,0,0,0,0,0,0,0
426,0,1,1,0,0,0,0,0,0,0,1
427,0,1,0,0,0,0,0,0,0,0,0
428,0,4,1,0,0,0,0,0,0,0,1
429,0,12,1,0,0,0,0,0,1,0,0
430,0,0,0,0,1,0,0,0,0,1,1
431,0,0,1,0,0,0,0,0,0,1,1
432,0,7,0,0,0,0,1,0,0,0,1
433,0,2,0,0,0,0,0,0,1,0,1
434,0,2,0,0,1,0,0,0,0,0,1
435,0,6,0,0,1,0,0,0,0,1,0
436,0,0,0,0,0,0,0,0,1,0,1
437,1,10,1,0,1,0,0,0,0,0,0
438,1,5,0,0,1,0,0,0,0,0,0
439,0,0,0,1,0,0,0,0,0,0,0
440,1,1,1,0,0,0,0,0,0,0,0
441,0,4,1,0,1,0,0,0,0,0,1
442,1,0,0,1,1,0,0,0,0,0,0
443,1,4,0,0,0,0,0,0,0,0,0
444,0,0,0,1,0,0,0,0,0,0,0
445,0,0,0,1,0,0,0,0,0,0,1
446,0,6,0,0,0,0,0,0,0,0,0
447,1,1,0,0,1,0,0,0,0,0,1
448,0,0,0,0,1,0,0,0,0,0,0
449,1,6,0,0,1,0,0,0,0,0,0
450,1,1,0,0,0,0,0,0,0,0,0
451,1,0,0,1,0,0,0,0,0,0,0
452,0,1,0,0,0,0,0,0,1,0,0
453,0,0,0,0,0,0,0,0,0,0,0
454,0,20,0,0,0,0,1,0,0,0,0
455,0,0,0,0,1,0,0,0,0,0,0
456,1,14,0,0,1,0,0,0,0,0,0
457,1,9,0,1,0,0,0,0,0,0,1
458,1,0,0,1,0,0,1,0,0,0,0
459,0,1,1,0,0,0,0,0,0,0,1
460,1,5,0,0,1,0,0,0,0,0,0
461,1,2,0,0,0,0,1,0,0,0,1
462,1,2,1,0,0,0,0,0,0,0,0
463,0,1,0,0,1,0,0,0,0,0,1
464,0,2,0,1,0,0,0,0,0,0,0
465,0,8,0,0,1,0,0,0,0,0,0
466,0,6,1,0,1,0,0,0,0,0,0
467,0,3,0,0,1,0,0,0,0,0,0
468,0,0,1,0,0,0,0,0,1,1,0
469,1,3,0,0,1,0,0,0,0,0,0
470,1,3,0,1,1,0,0,0,0,0,0
471,0,1,1,0,0,0,0,0,0,0,1
472,1,3,0,1,1,0,0,0,0,0,0
473,0,3,1,0,1,0,0,0,0,0,1
474,0,0,0,0,1,0,0,0,0,0,0
475,0,1,0,0,0,0,0,0,0,0,0
476,1,16,0,0,1,0,0,0,0,0,0
477,0,0,0,0,1,0,0,0,0,1,1
478,0,1,0,1,1,0,0,0,0,0,0
479,1,2,0,0,0,0,0,0,0,0,0
480,0,5,0,0,0,0,0,0,0,0,0
481,0,8,0,1,0,0,1,0,0,0,0
482,1,5,0,0,1,0,0,0,0,0,1
483,0,11,0,0,0,0,0,0,0,0,1
484,1,6,0,0,1,0,0,0,0,1,0
485,0,0,0,0,0,0,0,0,0,0,1
486,0,15,0,0,1,0,0,0,0,0,0
487,0,4,0,0,0,0,1,0,0,0,0
488,0,0,0,0,1,0,0,0,0,1,1
489,0,1,1,0,0,0,1,0,0,0,0
490,1,2,1,0,0,0,0,0,0,1,1
491,1,5,1,0,0,0,0,0,0,0,0
492,1,0,1,0,0,0,0,0,0,0,1
493,0,0,1,0,0,0,0,0,0,1,1
494,1,5,0,0,1,0,0,0,0,0,0
495,0,0,0,1,0,0,0,0,0,1,1
496,0,1,0,1,0,0,0,0,0,0,1
497,1,0,0,0,0,0,0,0,1,0,1
498,0,0,0,0,0,0,1,0,0,0,1
499,0,1,0,0,0,0,0,0,1,0,0
500,0,0,0,0,1,0,0,0,0,0,1
501,0,0,0,1,0,0,0,0,0,1,0
502,0,0,0,0,1,0,0,0,0,0,1
503,1,0,0,1,0,0,1,0,0,0,1
504,0,1,0,0,0,0,1,0,0,0,0
505,0,0,0,1,0,0,0,0,0,1,0
506,0,1,0,1,1,0,0,0,0,0,0
507,1,3,0,0,1,0,0,0,0,0,1
508,1,3,0,0,1,0,0,0,0,0,1
509,0,0,0,0,1,0,0,0,0,0,0
510,1,11,0,1,1,0,0,0,0,0,0
511,0,1,0,0,1,0,0,0,0,1,0
512,1,1,0,0,0,0,1,0,0,0,1
513,0,1,0,0,1,0,0,0,0,0,1
514,1,6,0,0,0,0,0,0,0,0,0
515,0,0,1,0,0,0,0,0,0,1,1
516,0,2,0,0,0,0,0,0,0,0,1
517,1,5,0,0,1,0,0,0,0,0,1
518,0,0,0,0,0,0,0,0,0,0,0
519,1,0,0,1,1,0,0,0,0,0,0
520,1,4,0,0,1,0,0,0,0,0,0
521,0,0,1,0,0,0,0,0,0,0,1
522,1,2,0,0,0,0,0,0,0,0,1
523,0,10,0,0,1,0,0,0,0,0,0
524,1,9,1,0,1,0,0,0,0,0,1
525,0,3,0,1,0,0,0,0,0,1,0
526,0,0,0,1,1,0,0,0,0,1,1
527,1,2,0,1,0,0,0,0,0,1,0
528,0,1,0,0,1,0,0,0,0,0,1
529,0,0,0,0,1,0,0,0,0,0,1
530,1,15,1,0,1,0,0,0,0,0,0
531,0,0,0,0,0,0,1,0,0,0,1
532,1,4,0,1,1,0,0,0,0,0,0
533,1,3,0,0,0,0,0,0,0,0,0
534,0,5,0,0,0,0,0,0,0,0,1
535,0,1,0,0,0,0,0,0,0,0,0
536,1,3,0,1,0,0,0,0,0,0,0
537,0,0,0,0,1,0,0,0,0,0,0
538,1,18,0,0,1,0,0,0,0,0,0
539,1,0,0,0,0,0,0,0,0,1,0
540,0,0,0,1,0,0,0,0,1,0,0
541,1,4,1,0,1,0,0,0,0,1,0
542,1,0,1,0,0,0,0,0,0,1,1
543,0,0,0,1,1,0,0,0,0,0,0
544,0,0,0,1,1,0,0,0,0,1,0
545,0,0,0,0,1,0,0,0,0,0,0
546,1,8,0,0,1,0,0,0,0,0,0
547,0,10,0,0,1,0,0,0,0,1,0
548,0,1,1,0,0,0,0,0,0,1,0
549,1,2,0,0,0,0,0,0,0,0,0
550,1,0,0,0,1,0,0,0,0,0,0
551,1,1,0,1,1,0,0,0,0,0,0
552,1,13,0,0,1,0,0,0,0,0,0
553,1,1,0,0,0,0,0,0,0,0,0
554,1,23,0,0,1,0,0,0,0,0,0
555,0,20,1,0,1,0,0,0,0,0,0
556,0,3,0,1,1,0,0,0,0,0,0
557,1,1,0,0,1,0,0,0,0,0,1
558,1,2,0,1,0,0,1,0,0,0,1
559,1,2,1,0,1,0,0,0,0,0,1
560,0,0,0,0,1,0,0,0,0,0,1
561,0,0,0,0,1,0,0,0,0,1,0
562,0,1,1,0,0,0,0,0,0,0,1
563,0,0,1,0,0,0,1,0,0,0,0
564,0,0,0,1,1,0,0,0,0,0,0
565,0,11,0,0,1,0,0,0,0,0,0
566,1,4,0,0,0,0,0,0,1,0,1
567,0,0,1,0,0,0,0,0,1,0,0
568,0,0,0,0,1,0,0,0,0,1,1
569,0,2,1,0,0,0,0,0,0,1,0
570,0,0,0,0,1,0,0,0,0,0,1
571,1,0,0,0,1,0,0,0,0,0,1
572,1,17,1,0,1,0,0,0,0,0,0
573,0,3,0,1,1,0,0,0,0,0,0
574,0,0,0,0,0,0,0,0,0,1,1
575,1,15,0,0,0,0,0,0,0,1,0
576,1,7,0,0,0,0,1,0,0,0,0
577,1,2,0,1,1,0,0,0,0,0,1
578,0,3,0,0,1,0,0,0,0,0,0
579,1,0,0,1,0,1,0,0,0,0,0
580,1,3,1,0,0,0,0,0,0,0,0
581,0,5,0,0,1,0,0,0,0,0,0
582,0,4,0,0,1,0,0,0,0,0,1
583,1,14,0,0,1,0,0,0,0,0,0
584,0,2,1,0,0,0,0,0,0,0,0
585,1,3,0,0,1,0,0,0,0,0,1
586,1,2,1,0,0,0,0,0,0,0,0
587,1,20,1,0,1,0,0,0,0,0,0
588,0,2,0,0,1,0,0,0,0,0,1
589,0,1,0,1,1,0,0,0,0,0,1
590,0,1,0,0,1,0,0,0,0,0,0
591,0,0,1,0,1,0,0,0,0,0,0
592,0,6,0,0,1,0,0,0,0,0,0
593,1,10,0,0,1,0,0,0,0,0,1
594,1,10,0,0,1,0,0,0,0,0,0
595,0,1,0,0,0,0,0,0,0,0,0
596,1,9,1,0,0,0,0,0,0,1,0
597,0,1,1,0,0,0,0,0,0,0,0
598,0,0,0,0,1,0,0,0,0,0,0
599,0,0,0,1,0,0,1,0,0,0,1
600,0,2,1,0,0,0,0,0,0,1,0
601,1,0,0,1,1,0,0,0,0,0,0
602,1,18,1,0,1,0,0,0,0,0,0
603,0,0,1,0,1,0,0,0,0,0,1
604,0,1,0,1,1,0,0,0,0,0,0
605,1,1,0,0,0,0,0,0,0,0,0
606,0,0,1,0,0,0,0,0,0,0,0
607,1,0,0,0,0,0,0,0,0,0,1
608,0,1,0,1,0,0,1,0,0,0,0
609,0,0,0,1,0,0,0,0,0,0,1
610,1,0,0,0,0,0,0,0,0,0,0
611,0,0,1,0,0,0,0,0,0,0,1
612,0,1,0,1,0,0,0,0,0,0,0
613,0,1,0,0,0,0,1,0,0,1,0
614,0,0,0,1,1,0,0,0,0,0,0
615,0,1,0,0,0,0,0,0,0,0,0
616,1,1,0,1,0,0,0,0,0,0,0
617,1,0,1,0,1,0,0,0,0,0,0
618,1,4,0,0,1,0,0,0,0,1,0
619,0,2,1,0,1,0,0,0,0,0,0
620,1,6,0,1,1,0,0,0,0,0,0
621,0,0,0,1,1,0,0,0,0,0,0
622,0,0,0,0,1,0,0,0,0,0,0
623,0,0,0,1,1,0,0,0,0,0,0
624,0,11,1,0,1,0,0,0,0,0,0
625,1,10,0,0,1,0,0,0,0,0,0
626,0,0,0,1,1,0,0,0,0,0,0
627,0,0,0,1,0,0,0,0,0,1,1
628,0,0,0,0,0,0,0,0,1,0,0
629,1,22,0,0,0,0,0,0,0,0,0
630,1,0,0,1,1,0,0,0,0,0,0
631,0,0,1,0,0,0,0,0,0,1,0
632,1,7,0,0,1,0,0,0,0,0,1
633,0,1,0,0,1,0,0,0,0,1,1
634,0,8,1,0,1,0,0,0,0,0,0
635,0,10,0,0,1,0,0,0,0,0,1
636,0,0,0,0,1,0,0,0,0,1,0
637,1,0,0,1,1,0,0,0,0,0,0
638,0,3,0,0,1,0,0,0,0,1,0
639,1,2,0,1,1,0,0,0,0,0,0
640,1,4,0,0,1,0,0,0,0,0,0
641,1,19,1,0,1,0,0,0,0,1,0
642,1,1,0,1,0,0,0,0,1,0,0
643,0,0,0,1,0,0,0,0,1,1,1
644,1,1,0,1,0,0,0,0,0,1,0
645,0,0,0,1,1,0,0,0,0,1,0
646,0,3,0,0,0,0,0,1,0,0,1
647,0,0,1,0,1,0,0,0,0,1,0
648,0,0,0,1,1,0,0,0,0,1,0
649,1,5,0,0,1,0,0,0,0,0,0
650,0,6,0,0,1,0,0,0,0,0,0
651,0,2,0,1,0,0,0,0,1,0,1
652,1,4,0,0,1,0,0,0,0,0,0
653,0,1,0,0,1,0,0,0,0,0,1
654,1,1,0,0,0,0,0,0,1,0,0
655,0,0,0,0,0,0,1,0,0,0,0
656,0,0,0,0,1,0,0,0,0,0,1
657,1,8,0,0,1,0,0,0,0,0,0
658,0,0,0,0,0,0,0,0,0,0,1
659,0,0,1,0,0,0,0,0,0,0,1
660,0,4,0,0,1,0,0,0,0,0,0
661,0,4,0,0,1,0,0,0,0,1,0
662,1,1,0,1,0,0,0,0,0,0,1
663,1,2,0,1,0,0,0,0,0,0,0
664,1,0,0,1,0,0,0,0,0,0,0
665,0,11,1,0,1,0,0,0,0,0,0
666,0,0,1,0,0,0,0,0,0,0,0
667,0,0,0,0,0,0,0,0,1,0,0
668,0,3,0,0,1,0,0,0,0,1,0
669,0,0,0,0,0,0,0,0,0,0,1
670,1,1,0,1,1,0,0,0,0,0,0
671,0,2,0,0,0,0,0,0,0,0,1
672,1,0,0,1,1,0,0,0,0,0,0
673,1,22,0,0,1,0,0,0,0,0,0
674,0,0,0,1,0,0,0,0,1,1,1
675,0,0,1,0,1,0,0,0,0,0,1
676,0,0,0,0,0,0,0,0,1,0,0
677,0,0,0,1,0,0,0,0,0,0,0
678,1,1,0,1,1,0,0,0,0,1,1
679,0,1,0,0,1,0,0,0,0,1,1
680,0,0,1,0,0,0,1,0,0,0,1
681,0,2,0,0,0,0,0,0,0,0,0
682,1,3,0,0,1,0,0,0,0,0,0
683,0,0,0,0,1,0,0,0,0,1,1
684,0,0,0,0,1,0,0,0,0,0,0
685,0,3,0,0,0,0,0,0,1,0,1
686,1,17,0,0,1,0,0,0,0,0,0
687,1,1,0,1,1,0,0,0,0,0,0
688,0,7,0,0,1,0,0,0,0,0,0
689,0,0,0,1,1,0,0,0,0,0,0
690,0,8,0,0,0,0,0,0,0,0,0
691,1,14,0,0,1,0,0,0,0,0,0
692,0,0,0,0,1,0,0,0,0,0,1
693,1,1,0,0,0,0,0,0,0,1,1
694,1,5,0,0,1,0,0,0,0,0,1
695,0,16,0,0,1,0,0,0,0,0,0
696,1,1,0,0,0,0,0,0,0,0,1
697,1,0,0,0,0,0,0,0,1,1,1
698,0,0,0,0,0,0,0,0,0,0,1
699,0,2,1,0,0,0,0,0,0,0,0
700,1,3,0,0,1,0,0,0,0,0,1
701,0,1,0,1,1,0,0,0,0,1,0
702,0,2,0,0,0,0,0,0,0,0,1
703,1,13,0,0,1,0,0,0,0,0,0
704,0,0,0,0,0,0,0,0,1,0,0
705,1,0,0,1,0,0,0,0,1,0,0
706,0,20,0,0,1,0,0,0,0,0,0
707,1,3,0,0,1,0,0,0,0,0,0
708,1,25,1,0,1,0,0,0,0,0,0
709,1,1,0,1,1,0,0,0,0,0,1
710,1,9,1,0,1,0,0,0,0,0,1
711,1,5,0,0,0,0,0,0,0,0,0
712,1,4,1,0,1,0,0,0,0,0,1
713,0,4,0,0,1,0,0,0,0,0,1
714,0,4,1,0,0,0,0,0,0,0,1
715,1,1,0,0,1,0,0,0,0,0,0
716,0,2,0,0,1,0,0,0,0,0,1
717,1,6,0,0,1,0,0,0,0,0,0
718,0,3,0,0,0,0,0,0,1,0,0
719,0,0,1,0,0,0,0,0,0,0,0
720,1,1,0,1,1,0,0,0,0,0,1
721,1,4,0,0,0,0,0,0,0,0,1
722,1,1,0,0,0,0,0,0,0,1,1
723,0,1,0,1,1,0,0,0,0,0,0
724,1,1,0,1,1,0,0,0,0,0,0
725,1,3,0,1,0,0,0,0,0,0,0
726,1,4,0,0,1,0,0,0,0,0,1
727,0,1,1,0,0,0,0,0,0,0,0
728,1,5,0,1,1,0,0,0,0,0,0
729,0,0,0,0,0,0,0,0,0,0,0
730,0,0,1,0,0,0,0,0,0,0,0
731,0,7,0,1,1,0,0,0,0,0,1
732,0,0,0,1,0,0,0,0,0,1,1
733,1,1,0,1,1,0,0,0,0,0,0
734,0,9,0,0,1,0,0,0,0,0,1
735,1,5,0,0,1,0,0,0,0,0,0
736,0,1,0,1,0,0,0,0,0,1,0
737,1,0,0,0,1,0,0,0,0,0,0
738,1,25,0,0,1,0,0,0,0,0,1
739,0,0,0,1,1,0,0,0,0,0,0
740,1,13,0,0,1,0,0,0,0,0,0
741,0,0,1,0,0,0,0,0,1,0,0
742,0,4,0,0,1,0,0,0,0,1,0
743,0,0,0,0,0,0,0,0,0,0,0
744,0,0,1,0,1,0,0,0,0,1,0
745,0,3,0,1,1,0,0,0,0,0,0
746,0,1,0,0,1,0,0,0,0,1,1
747,1,1,0,1,0,0,0,0,0,0,0
748,0,3,0,0,0,0,0,0,0,0,0
749,1,6,0,1,1,0,0,0,0,0,0
750,1,4,0,0,0,0,0,0,1,0,0
751,0,1,0,0,1,0,0,0,0,0,0
752,0,1,1,0,0,0,0,0,0,0,0
753,0,1,0,0,1,0,0,0,0,0,0
754,1,3,0,1,0,0,1,0,0,0,0
755,0,3,1,0,1,0,0,0,0,0,0
756,1,1,0,1,0,0,0,0,0,0,1
757,0,4,0,0,1,0,0,0,0,0,0
758,1,1,0,0,0,0,0,0,0,1,0
759,0,1,0,0,1,0,0,0,0,1,0
760,0,0,0,0,0,0,1,0,0,0,1
761,1,9,0,0,1,0,0,0,0,0,0
762,1,0,0,0,0,0,0,0,0,0,0
763,1,1,1,0,0,0,0,0,0,0,0
764,0,1,0,0,0,0,1,0,0,0,1
765,0,1,1,0,0,0,1,0,0,1,1
766,1,3,0,0,1,0,0,0,0,0,1
767,1,3,0,0,1,0,0,0,0,0,0
768,1,5,0,0,1,0,0,0,0,0,1
769,1,0,1,0,0,0,1,0,0,0,1
770,0,0,0,0,0,0,0,0,0,1,1
771,1,0,0,0,1,0,0,0,0,0,0
772,0,3,0,0,0,0,0,0,0,1,1
773,0,0,1,0,0,0,0,0,0,1,1
774,0,0,0,1,0,0,0,0,0,0,0
775,0,1,0,0,0,0,1,0,0,0,0
776,0,1,0,0,0,0,1,0,0,0,0
777,1,6,0,0,1,0,0,0,0,0,1
778,1,1,0,1,1,0,0,0,0,0,0
779,1,2,1,0,1,0,0,0,0,0,0
780,0,0,0,0,1,0,0,0,0,0,1
781,0,1,1,0,0,0,0,0,0,0,0
782,1,4,0,0,1,0,0,0,0,0,1
783,1,1,1,0,0,0,0,0,0,1,0
784,1,3,1,0,1,0,0,0,0,0,0
785,1,2,0,1,1,0,0,0,0,0,0
786,1,19,0,0,1,0,0,0,0,0,0
787,0,3,1,0,1,0,0,0,0,0,1
788,0,2,0,0,0,0,0,0,0,0,0
789,0,0,1,0,1,0,0,0,0,0,1
790,1,10,0,0,1,0,0,0,0,0,1
791,0,1,0,0,1,0,0,0,0,0,0
792,0,0,1,0,0,0,1,0,0,1,1
793,0,0,1,0,0,0,1,0,0,0,1
794,0,1,1,0,0,0,1,0,0,0,0
795,0,1,0,0,0,0,0,0,0,1,1
796,1,0,0,0,0,0,1,0,0,1,1
797,1,14,0,0,1,0,0,0,0,0,0
798,0,2,0,1,1,0,0,0,0,0,0
799,1,5,0,0,1,0,0,0,0,0,0
800,0,0,1,0,0,0,1,0,0,0,1
801,0,1,0,0,0,0,0,0,0,0,0
802,0,1,0,1,1,0,0,0,0,0,0
803,1,2,0,0,1,0,0,0,0,0,1
804,1,6,0,1,1,0,0,0,0,0,0
805,0,0,0,0,0,0,0,0,0,1,0
806,0,0,0,1,0,0,0,0,0,0,0
807,1,1,0,0,1,0,0,0,0,0,1
808,1,0,1,0,1,0,0,0,0,0,0
809,1,7,0,0,1,0,0,0,0,0,0
810,0,2,0,0,0,0,0,0,0,0,0
811,0,5,0,0,0,0,0,0,0,0,0
812,0,0,0,1,0,0,0,0,0,0,1
813,1,0,0,1,0,0,0,0,0,1,1
814,0,0,1,0,1,0,0,0,0,0,0
815,1,10,0,0,1,0,0,0,0,0,0
816,0,0,0,1,0,0,0,0,0,0,1
817,1,0,0,1,0,0,1,0,0,1,1
818,1,2,0,1,1,0,0,0,0,0,0
819,0,1,0,0,0,0,1,0,0,0,1
820,1,5,0,0,1,0,0,0,0,0,1
821,1,10,0,0,1,0,0,0,0,0,0
822,1,4,1,0,1,0,0,0,0,0,1
823,1,2,0,1,0,0,0,0,0,0,1
824,1,0,0,0,1,0,0,0,0,0,1
825,0,0,0,1,1,0,0,0,0,1,0
826,1,6,1,0,1,0,0,0,0,0,1
827,0,0,0,0,1,0,0,0,0,0,0
828,0,6,0,1,1,0,0,0,0,1,1
829,0,1,0,0,1,0,0,0,0,0,1
830,1,8,0,0,0,0,0,0,0,0,0
831,1,1,0,1,1,0,0,0,0,0,1
832,0,0,0,0,0,0,1,0,0,0,0
833,1,4,0,0,1,0,0,0,0,0,1
834,0,3,0,0,1,0,0,0,0,1,0
835,1,2,0,1,1,0,0,0,0,0,0
836,0,8,0,0,0,0,0,0,0,0,0
837,1,6,0,0,1,0,0,0,0,0,0
838,0,0,0,0,0,0,0,0,0,0,1
839,1,0,0,1,1,0,0,0,0,0,0
840,0,0,0,1,1,0,0,0,0,1,1
841,0,2,1,0,0,0,1,0,0,0,0
842,0,0,0,0,1,0,0,0,0,0,1
843,1,6,0,0,1,0,0,0,0,0,0
844,0,17,1,0,1,0,0,0,0,0,1
845,1,20,1,0,0,0,1,0,0,0,0
846,0,2,0,1,0,0,0,0,0,0,0
847,0,2,0,1,1,0,0,0,0,0,1
848,0,5,0,0,1,0,0,0,0,0,0
849,0,0,1,0,0,0,1,0,0,0,1
850,1,1,0,1,0,0,1,0,0,0,0
851,0,1,1,0,0,0,1,0,0,0,1
852,0,1,0,0,1,0,0,0,0,0,0
853,0,2,0,0,1,0,0,0,0,0,0
854,1,1,0,1,0,0,1,0,0,0,1
855,0,6,0,0,0,0,0,0,0,0,0
856,0,2,0,0,1,0,0,0,0,0,0
857,0,0,0,0,1,0,0,0,0,0,0
858,1,17,0,0,1,0,0,0,0,0,1
859,1,11,0,0,1,0,0,0,0,0,1
860,0,1,0,0,1,0,0,0,0,0,0
861,1,6,0,0,1,0,0,0,0,0,0
862,0,1,1,0,0,0,0,0,0,0,0
863,0,0,1,0,0,0,1,0,0,0,1
864,1,0,1,0,0,0,1,0,0,0,0
865,0,0,1,0,1,0,0,0,0,1,0
866,0,3,0,1,0,0,0,0,0,0,1
867,1,1,1,0,0,0,1,0,0,0,0
868,0,0,0,0,0,0,1,0,0,0,0
869,0,5,1,0,1,0,0,0,0,1,0
870,1,16,0,0,1,0,0,0,0,0,0
871,1,0,0,0,0,0,0,0,1,0,0
872,1,5,0,0,1,0,0,0,0,1,1
873,0,0,1,0,0,0,0,0,0,0,0
874,0,1,0,0,1,0,0,0,0,0,0
875,1,3,0,0,1,0,0,0,0,0,1
876,1,13,0,0,1,0,0,0,0,0,1
877,0,2,1,0,1,0,0,0,0,0,1
878,0,1,0,0,0,0,0,0,0,0,0
879,0,5,1,0,0,0,0,0,0,0,1
880,0,1,0,0,0,0,0,0,1,0,0
881,0,2,1,0,0,0,0,0,0,0,0
882,1,1,0,0,1,0,0,0,0,0,1
883,1,0,0,0,1,0,0,0,0,0,1
884,0,0,1,0,0,0,0,0,0,1,1
885,0,0,0,1,1,0,0,0,0,1,1
886,1,17,1,0,1,0,0,0,0,0,0
887,1,1,0,0,1,0,0,0,0,0,0
888,0,0,0,0,1,0,0,0,0,0,0
889,0,0,0,0,0,0,0,0,0,1,1
890,1,2,0,0,0,0,0,0,0,0,1
891,0,2,0,0,1,0,0,0,0,0,1
892,1,4,0,0,1,0,0,0,0,0,1
893,0,0,0,1,0,0,1,0,0,0,1
894,0,0,0,0,1,0,0,0,0,1,0
895,1,4,0,0,1,0,0,0,0,1,0
896,1,30,1,0,0,0,0,0,0,1,1
897,0,4,1,0,1,0,0,0,0,0,0
898,0,2,0,0,1,0,0,0,0,0,0
899,0,0,0,0,0,0,0,0,0,1,0
900,0,0,0,0,0,0,0,0,1,0,0
901,0,0,1,0,0,0,0,0,0,0,0
902,0,2,1,0,1,0,0,0,0,0,0
903,0,19,1,0,1,0,0,0,0,0,0
904,1,5,0,1,1,0,0,0,0,0,0
905,1,0,0,1,1,0,0,0,0,0,0
906,1,0,0,0,1,0,0,0,0,0,0
907,0,2,0,0,1,0,0,0,0,0,0
908,0,4,1,0,0,0,0,0,0,1,0
909,1,1,1,0,0,0,0,0,0,0,0
910,1,8,0,0,1,0,0,0,0,0,0
911,0,3,0,0,0,0,0,0,0,0,0
912,0,1,0,0,1,0,0,0,0,0,0
913,1,10,1,0,1,0,0,0,0,0,0
914,0,0,0,0,0,0,1,0,0,0,0
915,0,2,1,0,0,0,0,0,0,0,1
916,0,1,0,0,0,0,0,0,0,0,1
917,0,0,0,0,0,0,0,0,0,0,0
918,1,1,0,1,1,0,0,0,0,1,0
919,0,0,1,0,0,0,1,0,0,0,1
920,0,0,1,0,0,0,0,0,0,0,0
921,1,1,1,0,1,0,0,0,0,0,0
922,0,2,1,0,0,0,0,0,0,0,0
923,0,6,0,0,0,0,0,0,0,0,1
924,1,1,0,1,1,0,0,0,0,0,1
925,0,0,0,0,0,0,1,0,0,0,1
926,0,0,0,0,1,0,0,0,0,0,0
927,0,0,1,0,0,0,1,0,0,1,1
928,1,9,0,0,1,0,0,0,0,0,0
929,0,2,0,0,0,0,0,0,0,0,1
930,1,0,0,1,0,0,0,0,0,0,1
931,0,18,0,0,1,0,0,0,0,0,1
932,1,5,0,0,0,0,0,0,0,1,0
933,1,1,0,1,1,0,0,0,0,0,0
934,0,0,0,1,1,0,0,0,0,1,0
935,0,8,1,0,0,0,0,0,0,0,0
936,0,7,1,0,1,0,0,0,0,0,0
937,0,3,0,0,0,0,0,0,0,0,0
938,0,2,0,1,0,0,0,0,0,1,0
939,1,0,0,1,0,0,1,0,0,0,0
940,1,3,0,1,1,0,0,0,0,1,0
941,1,3,1,0,0,0,0,0,0,0,1
942,0,4,0,0,0,0,0,0,0,0,1
943,0,1,1,0,0,0,0,0,0,0,1
944,0,1,0,0,0,0,0,0,1,0,0
945,0,0,0,1,0,0,0,0,0,1,1
946,0,1,0,0,0,0,0,0,0,1,0
947,1,0,0,0,1,0,0,0,0,0,1
948,1,16,0,0,1,0,0,0,0,0,0
949,1,4,0,0,1,0,0,0,0,0,1
950,0,0,0,1,1,0,0,0,0,0,0
951,1,12,0,0,1,0,0,0,0,0,1
952,0,0,0,0,0,0,0,0,0,0,1
953,0,0,0,0,0,0,0,0,0,1,1
954,1,9,0,0,1,0,0,0,0,0,0
955,1,5,0,0,1,0,0,0,0,0,0
956,1,11,0,0,1,0,0,0,0,0,0
957,1,1,1,0,1,0,0,0,0,0,0
958,0,1,1,0,1,0,0,0,0,1,0
959,1,1,0,0,1,0,0,0,0,0,1
960,0,5,1,0,1,0,0,0,0,0,0
961,0,6,1,0,0,0,0,0,0,1,1
962,0,0,0,0,0,0,0,0,0,0,1
963,0,0,0,1,1,0,0,0,0,1,0
964,0,14,0,0,1,0,0,0,0,1,0
965,1,0,0,1,0,0,0,0,1,0,1
966,1,1,0,0,0,0,0,0,0,0,1
967,0,0,1,0,0,0,0,0,0,1,1
968,1,0,0,1,0,0,0,0,0,0,0
969,0,0,1,0,0,0,0,0,0,1,0
970,0,0,0,0,0,0,0,0,0,0,1
971,0,0,0,1,1,0,0,0,0,1,0
972,0,0,0,0,0,0,0,0,0,0,1
973,1,4,0,0,0,0,0,0,0,0,0
974,0,0,0,0,0,0,0,0,0,1,1
975,0,0,1,0,1,0,0,0,0,0,0
976,1,2,0,1,1,0,0,0,0,0,0
977,1,0,0,1,0,0,1,0,0,0,0
978,0,1,0,1,0,0,0,0,0,0,1
979,1,0,0,1,1,0,0,0,0,0,0
980,0,2,0,0,1,0,0,0,0,1,0
981,0,3,0,0,0,0,0,0,0,0,1
982,0,0,0,1,0,0,1,0,0,0,0
983,0,9,0,0,1,0,0,0,0,0,1
984,0,0,0,1,1,0,0,0,0,0,0
985,1,2,0,1,0,0,1,0,0,0,0
986,1,9,0,0,1,0,0,0,0,0,0
987,0,7,0,0,0,0,0,1,0,0,0
988,0,3,1,0,1,0,0,0,0,0,0
989,0,0,0,1,0,0,1,0,0,1,0
990,1,0,0,1,1,0,0,0,0,0,0
991,1,3,0,0,1,0,0,0,0,1,0
992,0,4,1,0,1,0,0,0,0,0,1
993,0,0,0,1,1,0,0,0,0,1,1
994,0,0,0,0,0,0,0,0,0,0,1
995,1,4,0,0,1,0,0,0,0,0,0
996,1,2,0,0,0,0,0,0,0,1,0
997,1,1,0,0,0,0,0,0,1,0,1
998,0,0,0,0,0,0,1,0,0,0,1
999,0,0,0,0,0,0,0,1,0,0,1
1000,1,11,0,0,0,0,0,0,0,1,0
1001,1,6,0,0,1,0,0,0,0,1,0
1002,0,5,0,1,0,0,0,0,1,0,0
1003,0,3,1,0,1,0,0,0,0,0,0
1004,0,3,0,0,0,0,0,0,0,1,1
1005,1,2,0,0,0,0,0,0,0,0,0
1006,0,0,0,0,0,0,1,0,0,0,0
1007,0,0,0,0,0,0,0,0,0,1,0
1008,1,0,0,1,1,0,0,0,0,0,1
1009,0,0,0,1,0,1,0,0,0,0,0
1010,0,0,0,0,0,0,0,0,0,0,0
1011,0,1,0,0,0,0,0,0,0,1,1
1012,1,0,0,0,0,0,1,0,0,0,1
1013,1,8,1,0,0,0,0,0,0,0,0
1014,0,1,0,0,1,0,0,0,0,1,0
1015,0,0,0,0,1,0,0,0,0,0,1
1016,1,0,0,0,0,0,0,0,0,0,0
1017,1,5,0,0,1,0,0,0,0,0,0
1018,1,4,0,0,1,0,0,0,0,0,0
1019,1,7,0,0,1,0,0,0,0,0,0
1020,0,0,0,0,0,0,0,0,0,0,0
1021,0,3,0,0,1,0,0,0,0,0,0
1022,0,0,0,0,1,0,0,0,0,1,1
1023,1,1,0,1,0,0,0,0,0,0,0
1024,1,1,0,0,1,0,0,0,0,0,0
1025,1,0,0,0,1,0,0,0,0,0,1
1026,1,3,0,0,1,0,0,0,0,0,0
1027,0,1,0,0,1,0,0,0,0,0,1
1028,0,0,0,0,0,0,0,0,0,0,0
1029,0,0,0,0,0,0,1,0,0,0,1
1030,0,0,0,1,1,0,0,0,0,0,1
1031,0,0,1,0,0,0,0,0,0,0,1
1032,0,0,0,1,1,0,0,0,0,0,0
1033,1,2,0,0,1,0,0,0,0,1,0
1034,0,0,0,0,1,0,0,0,0,0,1
1035,0,1,0,0,0,0,0,0,0,1,1
1036,1,2,0,1,1,0,0,0,0,0,1
1037,0,0,0,1,1,0,0,0,0,0,0
1038,1,8,0,1,0,0,0,0,1,0,0
1039,0,0,0,0,0,0,1,0,0,0,1
1040,0,1,0,0,0,0,0,0,1,0,0
1041,0,12,1,0,1,0,0,0,0,0,0
1042,0,6,0,0,1,0,0,0,0,0,1
1043,1,2,0,0,1,0,0,0,0,0,1
1044,0,4,0,1,0,0,0,0,0,0,1
1045,1,0,0,0,1,0,0,0,0,0,1
1046,1,4,0,0,1,0,0,0,0,0,0
1047,1,1,0,1,0,0,0,0,0,0,0
1048,0,0,0,0,0,0,1,0,0,0,1
1049,1,0,0,0,0,0,0,0,0,1,0
1050,0,1,0,0,1,0,0,0,0,0,0
1051,0,0,0,0,0,0,0,0,1,0,0
1052,0,3,0,0,0,0,0,0,0,0,1
1053,1,1,0,1,1,0,0,0,0,0,0
1054,1,0,0,1,0,0,0,0,0,0,1
1055,0,0,1,0,0,0,0,0,0,0,1
1056,1,3,1,0,0,0,0,0,0,0,0
1057,0,0,0,1,1,0,0,0,0,0,0
1058,0,0,0,1,1,0,0,0,0,0,0
1059,1,4,0,0,1,0,0,0,0,0,0
1060,0,2,1,0,0,0,0,0,0,0,0
1061,1,0,0,0,0,0,0,0,0,1,0
1062,1,9,0,0,0,0,0,0,0,0,1
1063,1,0,0,1,1,0,0,0,0,0,0
1064,0,0,0,0,0,0,0,0,1,0,1
1065,0,5,1,0,0,0,0,0,0,1,1
1066,1,4,0,0,1,0,0,0,0,0,0
1067,0,4,0,1,0,0,1,0,0,0,0
1068,1,0,0,0,0,0,1,0,0,0,1
1069,0,1,1,0,0,0,0,0,0,1,1
1070,0,0,0,0,0,0,0,0,0,0,1
1071,0,1,0,0,0,0,0,0,0,1,1
1072,1,0,0,1,0,0,0,0,0,0,0
1073,0,0,0,0,1,0,0,0,0,0,1
1074,0,2,0,0,0,0,0,0,0,0,1
1075,1,0,0,1,1,0,0,0,0,0,0
1076,0,0,0,0,1,0,0,0,0,0,0
1077,0,4,1,0,0,0,0,0,0,0,0
1078,0,1,1,0,0,0,1,0,0,0,0
1079,0,1,0,1,1,0,0,0,0,0,0
1080,0,0,0,1,1,0,0,0,0,0,1
1081,1,1,0,0,0,0,0,0,1,0,0
1082,1,1,0,0,0,0,0,0,0,0,1
1083,0,1,1,0,0,0,1,0,0,0,0
1084,1,1,0,0,0,0,1,0,0,0,1
1085,0,0,0,0,0,0,0,0,0,0,1
1086,1,2,0,0,0,0,0,0,0,0,0
1087,1,5,0,0,1,0,0,0,0,1,0
1088,0,0,0,1,0,0,1,0,0,0,0
1089,0,1,0,0,1,0,0,0,0,1,0
1090,0,0,0,0,0,0,0,0,1,0,0
1091,0,2,0,0,1,0,0,0,0,0,0
1092,0,0,1,0,0,0,0,0,0,0,1
1093,0,1,0,0,1,0,0,0,0,0,0
1094,0,2,0,0,0,1,0,0,0,0,0
1095,1,6,0,1,0,0,0,0,0,0,0
1096,0,0,1,0,0,1,0,0,0,0,1
1097,0,0,0,0,1,0,0,0,0,0,0
1098,0,4,1,0,0,0,0,0,0,0,1
1099,1,7,1,0,1,0,0,0,0,0,0
1100,1,0,0,0,0,0,0,0,0,0,0
1101,1,7,0,0,0,0,0,0,0,0,1
1102,1,7,1,0,0,0,0,0,0,0,0
1103,0,0,0,0,1,0,0,0,0,0,1
1104,0,12,1,0,0,0,0,0,0,0,1
1105,1,0,0,1,1,0,0,0,0,0,0
1106,1,4,0,0,1,0,0,0,0,0,1
1107,0,0,0,0,1,0,0,0,0,0,1
1108,0,0,0,0,0,0,0,0,0,0,1
1109,0,11,0,0,0,0,1,0,0,0,1
1110,0,0,1,0,0,0,0,0,1,0,1
1111,0,5,1,0,0,0,0,0,0,1,0
1112,1,4,0,0,1,0,0,0,0,0,0
1113,1,0,0,0,1,0,0,0,0,0,0
1114,0,2,0,0,1,0,0,0,0,0,0
1115,0,2,0,0,0,0,0,0,0,0,0
1116,1,0,0,0,1,0,0,0,0,0,0
1117,0,0,0,0,1,0,0,0,0,0,1
1118,0,4,0,0,0,0,0,0,1,0,0
1119,0,3,0,0,0,0,1,0,0,0,0
1120,0,4,1,0,1,0,0,0,0,1,0
1121,0,0,0,0,0,0,0,0,1,0,1
1122,0,1,0,1,0,0,0,0,0,1,1
1123,1,2,0,1,1,0,0,0,0,0,0
1124,1,0,0,0,0,0,0,0,0,0,0
1125,0,2,0,0,0,0,0,0,0,0,0
1126,0,0,0,1,1,0,0,0,0,0,1
1127,0,0,0,0,0,0,0,0,0,0,0
1128,0,6,0,1,1,0,0,0,0,0,0
1129,0,6,0,0,1,0,0,0,0,0,0
1130,1,15,0,0,1,0,0,0,0,0,0
1131,1,0,0,1,1,0,0,0,0,0,0
1132,0,0,0,0,0,0,1,0,0,0,0
1133,1,1,0,0,1,0,0,0,0,0,0
1134,0,1,1,0,1,0,0,0,0,0,0
1135,0,1,0,1,0,0,1,0,0,0,0
1136,1,8,1,0,1,0,0,0,0,0,0
1137,0,2,0,0,0,0,0,0,0,0,1
1138,0,6,0,0,0,0,0,0,0,0,0
1139,0,0,0,1,1,0,0,0,0,0,0
1140,0,2,0,0,1,0,0,0,0,0,1
1141,1,11,0,0,1,0,0,0,0,0,1
1142,0,0,1,0,0,0,0,0,1,0,1
1143,0,0,0,1,0,0,0,0,0,1,1
1144,1,7,0,0,1,0,0,0,0,0,0
1145,0,1,0,0,1,0,0,0,0,0,1
1146,1,4,0,0,0,0,0,0,0,0,0
1147,0,3,0,0,1,0,0,0,0,0,1
1148,1,2,0,1,1,0,0,0,0,0,0
1149,1,1,0,1,1,0,0,0,0,0,1
1150,0,0,0,0,1,0,0,0,0,0,0
1151,0,0,0,1,1,0,0,0,0,1,1
1152,0,0,0,0,0,0,0,0,0,1,1
1153,0,1,0,0,1,0,0,0,0,0,1
1154,0,0,1,0,0,0,0,0,0,0,0
1155,1,17,1,0,0,0,0,0,0,0,0
1156,0,0,1,0,0,0,0,0,0,1,1
1157,0,1,0,0,1,0,0,0,0,1,0
1158,0,0,0,0,0,0,0,0,0,0,1
1159,1,10,0,0,0,0,0,0,0,0,0
1160,1,2,0,0,1,0,0,0,0,0,0
1161,0,1,1,0,0,0,1,0,0,0,0
1162,1,0,0,1,1,0,0,0,0,0,0
1163,0,0,0,1,0,0,1,0,0,0,0
1164,0,0,0,0,0,0,0,0,0,0,0
1165,0,3,0,1,1,0,0,0,0,0,0
1166,0,0,0,0,1,0,0,0,0,0,1
1167,1,2,0,1,1,0,0,0,0,0,0
1168,0,0,0,0,0,0,0,0,0,0,1
1169,0,2,0,0,1,0,0,0,0,0,0
1170,0,4,0,0,1,0,0,0,0,1,0
1171,1,1,0,0,0,0,0,0,0,0,1
1172,0,7,0,0,0,0,0,0,0,0,1
1173,1,3,0,0,1,0,0,0,0,0,0
1174,0,0,0,1,1,0,0,0,0,0,0
1175,1,2,1,0,0,0,0,0,0,0,1
1176,0,0,0,0,1,0,0,0,0,0,0
1177,1,4,1,0,0,0,0,0,1,0,0
1178,1,5,0,1,0,0,0,0,1,0,0
1179,0,1,0,1,1,0,0,0,0,0,1
1180,1,19,0,0,1,0,0,0,0,0,0
1181,0,1,1,0,0,0,0,0,0,1,0
1182,1,0,0,0,0,0,0,0,0,0,0
1183,1,0,0,0,0,0,0,0,0,1,0
1184,0,0,0,0,1,0,0,0,0,0,0
1185,1,14,0,0,1,0,0,0,0,1,0
1186,1,0,0,0,1,0,0,0,0,0,0
1187,1,3,0,0,1,0,0,0,0,0,0
1188,1,2,0,0,0,0,0,0,0,0,1
1189,0,2,0,0,1,0,0,0,0,1,0
1190,1,3,0,1,1,0,0,0,0,0,0
1191,0,0,0,1,0,0,0,0,1,0,0
1192,1,1,1,0,0,0,0,0,0,0,0
1193,1,1,0,1,1,0,0,0,0,1,1
1194,0,2,1,0,0,0,0,0,0,0,1
1195,0,0,0,0,0,0,0,0,0,0,1
1196,0,0,0,0,1,0,0,0,0,1,1
1197,0,0,0,0,0,0,0,0,0,0,0
1198,1,0,1,0,1,0,0,0,0,0,1
1199,1,8,0,0,1,0,0,0,0,1,0
1200,0,0,0,0,0,0,1,0,0,0,1
1201,0,1,0,0,0,0,0,0,0,0,0
1202,0,1,0,1,1,0,0,0,0,0,0
1203,0,1,0,1,1,0,0,0,0,0,0
1204,1,1,0,0,0,0,0,0,0,0,1
1205,1,3,0,0,1,0,0,0,0,0,0
1206,0,9,1,0,1,0,0,0,0,0,1
1207,1,1,0,0,0,0,0,0,1,0,0
1208,1,20,0,0,1,0,0,0,0,0,0
1209,1,1,0,0,1,0,0,0,0,1,0
1210,0,0,0,0,1,0,0,0,0,0,1
1211,1,5,0,1,0,0,0,0,0,0,1
1212,1,1,0,0,0,0,0,0,0,0,0
1213,1,0,0,1,1,0,0,0,0,0,1
1214,1,6,0,0,0,0,0,0,0,1,0
1215,0,2,0,0,1,0,0,0,0,1,1
1216,1,8,0,0,1,0,0,0,0,0,0
1217,0,4,1,0,1,0,0,0,0,0,1
1218,0,1,1,0,0,0,0,0,0,0,0
1219,0,2,1,0,0,0,0,0,0,1,0
1220,0,0,0,1,1,0,0,0,0,1,1
1221,0,2,0,0,1,0,0,0,0,0,1
1222,1,9,1,0,1,0,0,0,0,0,0
1223,1,2,0,0,1,0,0,0,0,0,0
1224,1,3,0,0,0,0,1,0,0,0,0
1225,1,5,0,1,1,0,0,0,0,0,0
1226,1,3,0,1,1,0,0,0,0,0,0
1227,0,2,0,0,1,0,0,0,0,0,0
1228,0,3,0,0,0,0,0,0,0,0,0
1229,0,1,0,0,1,0,0,0,0,1,1
1230,1,15,1,0,1,0,0,0,0,0,1
1231,1,3,1,0,0,0,0,0,0,0,1
1232,0,3,1,0,1,0,0,0,0,0,1
1233,0,2,1,0,0,0,0,0,1,0,0
1234,0,1,0,1,0,0,0,0,0,1,0
1235,1,2,0,0,0,0,0,0,0,0,1
1236,1,3,0,1,1,0,0,0,0,0,0
1237,1,12,0,1,1,0,0,0,0,0,1
1238,1,3,0,1,0,0,0,0,0,0,0
1239,0,3,1,0,0,0,1,0,0,0,0
1240,0,6,0,0,0,0,0,0,0,0,0
1241,1,4,0,0,1,0,0,0,0,0,0
1242,0,4,0,1,1,0,0,0,0,0,0
1243,0,7,0,0,0,0,0,0,0,1,1
1244,1,5,0,0,1,0,0,0,0,0,0
1245,0,1,1,0,0,0,0,0,0,1,0
1246,0,1,0,1,1,0,0,0,0,0,0
1247,1,6,0,0,1,0,0,0,0,0,0
1248,0,1,0,1,1,0,0,0,0,1,0
1249,1,15,0,0,1,0,0,0,0,0,0
1250,0,1,0,0,0,0,0,0,1,0,1
1251,0,0,1,0,0,0,0,0,0,0,0
1252,1,0,0,1,0,0,0,0,0,1,0
1253,0,5,0,0,1,0,0,0,0,0,0
1254,0,1,1,0,1,0,0,0,0,1,0
1255,1,0,0,1,1,0,0,0,0,0,1
1256,0,2,0,0,0,0,0,1,0,0,0
1257,0,5,0,0,0,0,0,0,0,1,0
1258,1,14,1,0,0,0,0,0,0,0,1
1259,0,6,0,0,0,0,0,0,1,0,1
1260,1,5,0,0,0,0,0,0,0,0,1
1261,1,0,1,0,0,0,0,0,0,0,1
1262,0,2,0,0,1,0,0,0,0,0,1
1263,1,0,0,0,0,0,1,0,0,0,1
1264,1,8,0,0,1,0,0,0,0,0,1
1265,0,0,0,0,0,0,0,0,0,0,1
1266,0,7,0,0,1,0,0,0,0,0,0
1267,0,2,0,0,0,0,1,0,0,0,1
1268,1,12,0,0,1,0,0,0,0,0,1
1269,1,3,0,1,0,0,0,0,0,1,1
1270,1,1,0,0,1,0,0,0,0,0,0
1271,0,1,1,0,0,0,0,0,0,0,1
1272,0,0,0,0,0,0,0,0,0,0,0
1273,0,0,0,0,0,0,0,0,0,0,0
1274,0,0,0,1,0,0,0,0,0,0,0
1275,1,5,0,1,0,0,0,0,0,0,0
1276,1,4,0,0,0,0,0,0,0,0,0
1277,1,13,1,0,0,0,0,0,0,0,0
1278,0,0,0,0,0,0,0,0,0,1,1
1279,0,1,1,0,0,0,0,0,0,0,1
1280,0,11,1,0,0,0,0,0,0,0,1
1281,1,0,0,1,0,0,1,0,0,1,0
1282,0,3,0,0,1,0,0,0,0,0,0
1283,1,2,0,0,0,0,0,0,1,0,0
1284,0,0,1,0,0,0,0,0,0,0,1
1285,1,6,0,0,1,0,0,0,0,0,0
1286,1,0,0,1,0,0,0,0,0,0,0
1287,1,0,0,1,1,0,0,0,0,1,0
1288,1,7,0,0,1,0,0,0,0,0,1
1289,0,15,0,0,1,0,0,0,0,0,0
1290,1,0,0,1,0,0,1,0,0,0,1
1291,0,12,0,0,1,0,0,0,0,0,0
1292,1,14,1,0,1,0,0,0,0,0,0
1293,0,0,0,1,0,1,0,0,0,0,1
1294,1,14,0,0,1,0,0,0,0,0,0
1295,0,0,1,0,0,0,0,0,0,0,0
1296,1,1,0,0,0,0,1,0,0,0,0
1297,1,4,0,0,1,0,0,0,0,0,0
1298,1,2,0,1,1,0,0,0,0,0,0
1299,0,0,1,0,0,0,1,0,0,0,1
1300,0,11,0,0,1,0,0,0,0,1,0
1301,0,3,1,0,0,0,0,0,0,0,0
1302,1,2,0,1,1,0,0,0,0,1,1
1303,0,3,1,0,1,0,0,0,0,0,0
1304,1,7,0,0,1,0,0,0,0,0,1
1305,0,0,1,0,1,0,0,0,0,0,1
1306,0,0,1,0,0,0,0,0,0,0,1
1307,1,0,0,1,1,0,0,0,0,0,0
1308,1,0,0,1,1,0,0,0,0,0,1
1309,1,6,1,0,0,0,0,0,0,0,0
1310,1,2,1,0,0,0,0,0,0,1,1
1311,0,5,0,0,0,0,0,0,0,0,0
1312,0,1,1,0,0,0,0,0,0,0,0
1313,0,0,0,0,0,0,1,0,0,0,1
1314,0,0,0,0,1,0,0,0,0,1,1
1315,0,2,0,0,0,0,0,0,0,0,1
1316,0,0,1,0,1,0,0,0,0,0,0
1317,0,0,0,1,1,0,0,0,0,0,1
1318,1,14,0,0,1,0,0,0,0,0,0
1319,1,1,1,0,0,0,1,0,0,0,0
1320,1,24,1,0,1,0,0,0,0,0,0
1321,0,0,0,0,0,0,0,0,1,0,0
1322,1,2,0,1,1,0,0,0,0,1,0
1323,1,0,0,0,1,0,0,0,0,0,1
1324,1,0,0,1,0,0,0,0,0,0,0
1325,0,0,0,0,0,0,0,0,1,0,0
1326,0,3,0,0,1,0,0,0,0,0,1
1327,1,15,0,0,1,0,0,0,0,0,0
1328,1,10,0,0,1,0,0,0,0,0,0
1329,0,0,0,1,1,0,0,0,0,0,0
1330,1,2,0,0,0,0,0,0,0,0,0
1331,0,0,1,0,0,0,0,0,0,1,1
1332,0,1,1,0,0,0,0,0,0,1,0
1333,1,2,0,0,0,0,1,0,0,0,1
1334,0,11,0,0,1,0,0,0,0,0,0
1335,0,2,0,0,1,0,0,0,0,0,1
1336,1,15,1,0,1,0,0,0,0,0,0
1337,0,0,0,1,1,0,0,0,0,1,0
1338,0,1,1,0,1,0,0,0,0,1,0
1339,1,0,0,1,0,0,1,0,0,0,0
1340,0,1,1,0,0,0,0,0,0,1,1
1341,0,2,0,0,0,0,1,0,0,1,1
1342,0,6,0,0,1,0,0,0,0,1,0
1343,0,6,0,0,0,0,0,0,0,0,0
1344,0,1,1,0,0,0,1,0,0,0,1
1345,0,0,1,0,0,0,0,0,0,0,0
1346,1,0,0,0,0,0,0,0,0,0,1
1347,0,1,0,0,1,0,0,0,0,0,0
1348,1,11,0,0,0,0,0,0,0,0,0
1349,1,9,0,0,1,0,0,0,0,0,0
1350,0,1,0,0,0,0,0,0,0,0,0
1351,1,8,1,0,1,0,0,0,0,0,0
1352,0,0,0,1,0,0,0,0,0,1,0
1353,0,0,0,0,1,0,0,0,0,0,0
1354,0,0,1,0,0,1,0,0,0,0,1
1355,0,0,0,0,0,0,0,0,1,0,0
1356,1,8,0,1,1,0,0,0,0,0,0
1357,0,3,0,0,0,0,0,0,1,0,0
1358,0,2,1,0,1,0,0,0,0,0,1
1359,1,5,0,0,1,0,0,0,0,0,0
1360,1,0,0,1,0,0,0,0,0,0,0
1361,1,0,0,1,1,0,0,0,0,0,0
1362,0,0,1,0,0,0,0,0,0,0,1
1363,1,5,1,0,0,0,0,0,0,1,1
1364,0,1,0,0,0,0,0,0,1,0,0
1365,0,9,0,0,0,0,0,0,0,0,0
1366,0,0,0,0,0,0,0,0,1,0,1
1367,0,0,0,0,1,0,0,0,0,0,0
1368,1,3,1,0,0,0,0,0,0,0,0
1369,0,12,1,0,1,0,0,0,0,0,0
1370,0,2,0,0,1,0,0,0,0,0,0
1371,0,6,0,0,1,0,0,0,0,0,0
1372,1,8,1,0,1,0,0,0,0,0,0
1373,0,1,1,0,0,0,0,0,1,0,0
1374,1,13,0,0,1,0,0,0,0,0,0
1375,1,9,0,0,0,0,0,0,0,0,0
1376,0,0,0,0,1,0,0,0,0,0,0
1377,1,8,0,0,1,0,0,0,0,0,1
1378,0,1,0,0,1,0,0,0,0,0,0
1379,0,0,0,0,1,0,0,0,0,0,1
1380,0,0,1,0,0,0,0,0,0,0,1
1381,0,2,0,0,1,0,0,0,0,1,0
1382,0,7,0,0,0,0,0,0,0,1,1
1383,1,1,0,0,1,0,0,0,0,0,0
1384,1,0,1,0,0,0,0,0,0,1,1
1385,0,0,0,1,0,0,1,0,0,0,0
1386,1,8,0,0,1,0,0,0,0,0,0
1387,1,6,0,0,0,0,0,0,0,1,0
1388,1,2,0,1,1,0,0,0,0,1,0
1389,0,0,0,1,0,0,0,0,0,0,0
1390,0,2,1,0,0,0,0,0,1,0,0
1391,0,2,1,0,0,0,0,0,0,0,1
1392,1,3,1,0,0,0,0,0,0,0,0
1393,0,0,0,1,1,0,0,0,0,0,0
1394,0,0,1,0,0,0,1,0,0,0,0
1395,1,7,0,0,1,0,0,0,0,1,0
1396,1,0,0,1,0,0,0,0,0,0,1
1397,0,5,0,0,1,0,0,0,0,0,1
1398,1,1,0,1,1,0,0,0,0,0,0
1399,0,2,0,0,0,0,1,0,0,0,1
1400,1,21,0,0,1,0,0,0,0,0,0
1401,1,13,0,1,1,0,0,0,0,0,0
1402,1,23,0,0,1,0,0,0,0,0,0
1403,0,11,0,0,1,0,0,0,0,0,0
1404,0,1,0,1,1,0,0,0,0,0,0
1405,1,24,0,0,1,0,0,0,0,0,0
1406,0,1,0,1,1,0,0,0,0,1,0
1407,0,19,1,0,1,0,0,0,0,0,0
1408,0,0,0,1,0,0,0,0,1,0,1
1409,0,0,0,0,0,0,0,0,0,0,0
1410,0,0,1,0,0,0,0,0,0,0,1
1411,1,0,0,0,1,0,0,0,0,0,1
1412,1,0,0,1,1,0,0,0,0,0,0
1413,0,6,0,0,1,0,0,0,0,0,1
1414,1,0,0,1,0,0,0,0,0,0,1
1415,1,1,1,0,0,0,0,0,0,0,0
1416,0,27,1,0,1,0,0,0,0,0,1
1417,0,0,0,0,1,0,0,0,0,1,1
1418,0,1,1,0,0,0,0,0,0,0,1
1419,0,0,0,1,0,0,0,0,0,0,0
1420,0,1,1,0,0,0,0,0,0,0,0
1421,0,24,0,0,1,0,0,0,0,0,0
1422,1,13,0,0,0,0,0,0,0,0,0
1423,0,0,1,0,1,0,0,0,0,0,0
1424,1,1,0,0,1,0,0,0,0,0,0
1425,0,1,1,0,1,0,0,0,0,0,1
1426,0,8,1,0,0,0,0,0,0,1,0
1427,0,0,0,1,1,0,0,0,0,0,0
1428,1,0,0,1,0,0,0,0,0,0,0
1429,1,2,0,0,0,0,0,0,0,1,0
1430,0,7,0,0,0,0,1,0,0,0,1
1431,1,3,0,0,0,0,0,0,1,0,1
1432,0,2,0,0,1,0,0,0,0,0,1
1433,0,1,0,0,0,0,0,0,0,0,1
1434,1,14,1,0,1,0,0,0,0,0,0
1435,0,0,0,0,0,0,0,0,0,0,1
1436,1,4,0,1,1,0,0,0,0,0,0
1437,1,2,0,0,1,0,0,0,0,1,0
1438,1,4,0,0,0,0,0,0,0,1,0
1439,0,2,0,1,0,0,0,0,0,0,0
1440,1,1,0,0,0,0,0,0,0,1,0
1441,1,1,0,1,0,0,0,0,0,0,0
1442,1,23,1,0,0,0,0,0,1,0,0
1443,0,0,0,0,1,0,0,0,0,1,1
1444,0,1,1,0,0,0,0,0,0,0,0
1445,0,4,0,0,0,0,0,0,0,1,0
1446,0,3,0,1,1,0,0,0,0,0,0
1447,0,1,0,0,0,0,0,0,0,0,0
1448,0,3,0,0,0,0,1,0,0,0,0
1449,0,5,0,0,0,0,1,0,0,1,0
1450,1,3,0,1,1,0,0,0,0,0,1
1451,1,0,0,0,0,0,0,0,0,0,1
1452,0,3,0,0,1,0,0,0,0,1,0
1453,0,1,1,0,1,0,0,0,0,0,0
1454,0,0,1,0,0,0,1,0,0,1,1
1455,0,6,1,0,1,0,0,0,0,0,0
1456,1,7,0,0,1,0,0,0,0,0,0
1457,0,10,0,0,1,0,0,0,0,0,0
1458,0,0,1,0,0,0,0,0,0,1,1
1459,1,0,0,0,1,0,0,0,0,0,1
1460,0,9,0,0,1,0,0,0,0,0,0
1461,0,1,1,0,1,0,0,0,0,0,0
1462,0,1,0,0,1,0,0,0,0,1,1
1463,0,0,1,0,0,0,0,0,0,0,0
1464,0,6,0,0,0,0,0,0,0,0,0
1465,0,0,1,0,1,0,0,0,0,0,0
1466,0,2,0,1,0,0,1,0,0,0,0
1467,1,27,0,0,1,0,0,0,0,0,0
1468,0,3,0,0,1,0,0,0,0,0,0
1469,1,7,0,0,1,0,0,0,0,0,1
1470,1,1,0,0,0,0,0,0,0,0,0
1471,0,8,0,0,1,0,0,0,0,0,0
1472,1,0,1,0,1,0,0,0,0,0,0
1473,0,8,0,0,1,0,0,0,0,0,0
1474,0,4,1,0,0,0,0,0,0,0,0
1475,1,15,1,0,1,0,0,0,0,0,0
1476,1,7,0,0,0,0,0,0,0,0,0
1477,1,7,0,0,0,0,0,0,0,0,0
1478,0,0,0,1,0,0,0,0,0,0,1
1479,0,0,0,0,1,0,0,0,0,0,1
1480,0,0,0,0,0,0,0,0,1,0,1
1481,0,1,0,1,0,0,1,0,0,0,0
1482,0,0,0,0,0,0,0,0,0,0,0
1483,1,1,0,0,0,0,0,0,0,0,1
1484,0,1,1,0,0,0,0,0,0,0,0
1485,0,0,0,0,1,0,0,0,0,1,0
1486,0,4,1,0,1,0,0,0,0,0,1
1487,0,3,0,0,1,0,0,0,0,0,1
1488,0,0,0,1,1,0,0,0,0,0,0
1489,0,1,1,0,0,0,0,0,0,0,0
1490,0,2,0,0,0,0,0,0,0,0,0
1491,1,0,0,0,1,0,0,0,0,0,0
1492,0,0,0,1,0,0,0,0,0,0,0
1493,0,3,0,0,0,0,0,0,0,1,0
1494,1,7,0,0,1,0,0,0,0,0,0
1495,1,5,0,0,1,0,0,0,0,0,0
1496,0,1,0,1,1,0,0,0,0,0,0
1497,1,2,0,0,0,0,0,0,0,0,0
1498,0,2,0,1,0,0,0,0,0,0,0
1499,0,0,0,1,1,0,0,0,0,0,1
1500,0,0,0,0,0,0,0,0,0,1,1
1501,0,0,0,0,1,0,0,0,0,0,0
1502,0,1,0,0,1,0,0,0,0,0,0
1503,0,1,0,0,1,0,0,0,0,0,0
1504,0,0,1,0,0,0,0,0,0,0,1
1505,0,0,0,1,1,0,0,0,0,1,0
1506,0,0,1,0,0,0,0,0,0,0,1
1507,1,3,0,0,1,0,0,0,0,0,0
1508,0,2,0,0,1,0,0,0,0,1,1
1509,1,4,1,0,0,0,0,0,0,1,0
1510,0,0,1,0,1,0,0,0,0,0,1
1511,1,3,0,0,0,0,1,0,0,0,0
1512,0,2,0,0,1,0,0,0,0,0,0
1513,1,0,1,0,0,0,0,0,0,1,0
1514,0,0,0,1,1,0,0,0,0,0,0
1515,0,3,1,0,1,0,0,0,0,0,0
1516,1,0,0,0,1,0,0,0,0,0,0
1517,0,5,0,0,1,0,0,0,0,0,1
1518,1,0,0,0,0,0,0,0,0,0,0
1519,0,4,0,0,0,0,0,0,0,0,1
1520,0,1,1,0,0,0,1,0,0,0,1
1521,1,5,0,0,0,0,0,0,0,0,0
1522,1,0,0,0,1,0,0,0,0,1,0
1523,1,1,0,1,1,0,0,0,0,0,0
1524,0,1,0,0,0,0,1,0,0,0,1
1525,1,24,0,0,0,0,0,0,1,0,0
1526,0,12,0,0,0,0,1,0,0,0,0
1527,1,4,0,0,1,0,0,0,0,0,0
1528,1,6,1,0,0,0,0,0,0,0,0
1529,0,0,0,1,0,1,0,0,0,0,1
1530,0,0,0,0,0,0,1,0,0,0,0
1531,1,23,1,0,1,0,0,0,0,0,0
1532,1,13,0,0,1,0,0,0,0,0,0
1533,1,9,0,0,1,0,0,0,0,0,0
1534,0,0,0,0,0,0,0,0,1,0,1
1535,0,0,0,0,0,0,0,0,0,0,0
1536,1,1,1,0,0,0,0,0,0,0,1
1537,0,0,0,0,0,0,0,0,0,0,1
1538,0,7,0,0,1,0,0,0,0,0,1
1539,0,5,0,0,1,0,0,0,0,0,0
1540,0,2,1,0,0,0,1,0,0,1,0
1541,0,0,1,0,0,0,0,0,0,0,1
1542,1,5,0,0,1,0,0,0,0,0,0
1543,0,0,0,0,0,0,0,0,0,1,1
1544,0,0,0,0,1,0,0,0,0,0,0
1545,0,6,0,0,0,0,0,0,0,0,1
1546,0,2,0,0,1,0,0,0,0,0,0
1547,1,3,0,1,1,0,0,0,0,0,0
1548,0,2,0,0,0,0,0,0,0,0,1
1549,0,0,0,0,1,0,0,0,0,1,1
1550,1,8,0,0,1,0,0,0,0,0,0
1551,1,2,1,0,0,0,0,0,0,0,1
1552,0,0,0,1,0,0,0,0,1,1,0
1553,0,3,0,0,0,0,0,0,0,0,1
1554,1,2,0,1,1,0,0,0,0,0,1
1555,1,14,1,0,1,0,0,0,0,1,1
1556,1,9,0,0,0,0,0,0,0,0,1
1557,0,9,0,0,0,0,0,0,0,0,1
1558,0,1,0,0,1,0,0,0,0,0,1
1559,0,0,1,0,0,0,0,0,0,0,1
1560,1,19,0,0,1,0,0,0,0,0,1
1561,0,1,0,0,1,0,0,0,0,0,0
1562,1,0,0,0,1,0,0,0,0,1,0
1563,0,0,1,0,0,0,0,0,0,0,0
1564,0,0,0,0,0,0,0,0,0,0,1
1565,0,5,0,0,1,0,0,0,0,0,1
1566,0,11,0,0,1,0,0,0,0,0,0
1567,1,4,0,0,0,0,0,0,0,0,1
1568,1,0,0,0,1,0,0,0,0,0,1
1569,0,0,0,1,1,0,0,0,0,0,1
1570,0,0,0,0,0,0,0,0,0,0,1
1571,1,10,0,0,1,0,0,0,0,0,1
1572,1,11,0,1,0,0,1,0,0,0,0
1573,0,0,0,1,1,0,0,0,0,0,0
1574,1,5,0,0,0,0,0,0,0,0,1
1575,0,1,0,0,0,0,0,0,0,0,0
1576,1,0,0,1,1,0,0,0,0,0,0
1577,0,0,1,0,0,0,0,0,0,0,1
1578,0,3,0,0,0,0,0,0,0,1,0
1579,1,9,1,0,0,0,1,0,0,0,0
1580,1,1,0,1,0,0,0,0,0,0,0
1581,1,0,0,1,1,0,0,0,0,1,1
1582,0,1,0,0,0,0,1,0,0,0,0
1583,0,4,1,0,1,0,0,0,0,0,0
1584,1,1,1,0,0,1,0,0,0,0,0
1585,0,3,1,0,1,0,0,0,0,1,1
1586,0,3,0,1,0,0,0,0,0,0,1
1587,1,0,0,1,1,0,0,0,0,0,0
1588,0,0,0,0,0,0,0,0,0,0,1
1589,1,3,0,1,0,0,1,0,0,0,0
1590,1,10,1,0,0,0,0,0,0,0,0
1591,1,1,0,0,0,0,0,0,0,0,0
1592,1,0,0,1,0,0,0,0,0,0,1
1593,0,6,0,0,0,0,0,0,1,0,0
1594,0,0,0,0,1,0,0,0,0,0,0
1595,1,19,0,0,1,0,0,0,0,0,0
1596,1,1,0,0,1,0,0,0,0,1,1
1597,0,6,0,0,1,0,0,0,0,0,0
1598,0,2,0,0,1,0,0,0,0,0,0
1599,1,11,0,0,0,0,0,0,0,0,0
1600,0,0,0,0,1,0,0,0,0,0,0
1601,1,1,0,0,1,0,0,0,0,0,0
1602,1,3,0,1,0,0,0,0,1,0,0
1603,1,7,0,0,1,0,0,0,0,0,0
1604,1,2,0,1,1,0,0,0,0,0,0
1605,0,0,0,0,0,0,0,0,0,0,0
1606,0,0,0,0,0,0,1,0,0,0,1
1607,1,2,0,1,1,0,0,0,0,0,1
1608,1,0,0,1,1,0,0,0,0,0,0
1609,1,15,0,0,0,0,0,0,0,0,0
1610,1,2,0,0,1,0,0,0,0,0,1
1611,1,10,0,0,1,0,0,0,0,0,0
1612,0,0,0,0,0,0,0,0,0,0,1
1613,0,8,1,0,0,0,0,0,0,0,0
1614,1,14,0,0,1,0,0,0,0,0,0
1615,1,13,0,0,1,0,0,0,0,0,0
1616,1,9,0,0,1,0,0,0,0,0,0
1617,0,0,0,0,1,0,0,0,0,0,1
1618,1,1,0,1,0,0,1,0,0,0,1
1619,0,1,1,0,1,0,0,0,0,0,0
1620,0,4,0,0,1,0,0,0,0,0,0
1621,1,1,0,0,0,0,0,0,0,0,0
1622,0,0,0,0,0,0,0,0,0,1,1
1623,0,3,0,1,1,0,0,0,0,0,1
1624,1,6,0,0,1,0,0,0,0,0,0
1625,0,0,0,0,0,0,0,0,0,0,1
1626,1,3,0,1,1,0,0,0,0,0,0
1627,0,0,0,1,1,0,0,0,0,0,0
1628,0,0,0,0,0,0,0,0,0,0,1
1629,0,18,0,0,1,0,0,0,0,0,1
1630,0,1,0,0,1,0,0,0,0,0,0
1631,1,2,0,0,0,0,0,0,0,0,0
1632,0,3,0,0,0,0,0,0,0,0,1
1633,0,5,1,0,1,0,0,0,0,0,1
1634,0,0,0,0,0,0,0,0,1,0,1
1635,0,0,1,0,0,0,1,0,0,0,1
1636,1,0,0,1,1,0,0,0,0,0,0
1637,1,7,0,0,1,0,0,0,0,0,0
1638,0,1,0,0,1,0,0,0,0,0,1
1639,0,0,0,1,0,0,0,0,0,0,0
1640,1,10,0,0,1,0,0,0,0,0,1
1641,0,0,0,0,1,0,0,0,0,0,0
1642,0,2,0,0,1,0,0,0,0,0,0
1643,1,8,0,0,1,0,0,0,0,0,0
1644,1,1,0,0,1,0,0,0,0,0,0
1645,0,0,1,0,0,0,0,0,0,0,1
1646,0,1,0,0,1,0,0,0,0,0,0
1647,1,0,0,1,0,0,0,0,0,0,0
1648,0,1,0,0,1,0,0,0,0,0,0
1649,0,6,0,1,1,0,0,0,0,1,1
1650,0,0,0,0,0,0,0,0,0,0,0
1651,0,1,0,0,0,0,0,0,0,0,0
1652,0,0,0,0,1,0,0,0,0,0,0
1653,0,0,0,1,1,0,0,0,0,0,0
1654,0,0,0,1,0,0,0,0,0,0,0
1655,0,1,0,0,1,0,0,0,0,0,1
1656,0,9,1,0,0,0,0,0,0,0,1
1657,0,2,0,0,1,0,0,0,0,0,1
1658,1,0,0,0,1,0,0,0,0,0,0
1659,0,1,0,0,1,0,0,0,0,0,1
1660,0,0,0,0,0,0,0,0,0,0,0
1661,1,1,0,1,0,0,0,0,0,0,0
1662,0,3,0,0,0,0,1,0,0,0,1
1663,1,4,0,0,1,0,0,0,0,0,1
1664,1,3,1,0,0,0,0,0,0,0,1
1665,0,0,0,0,0,0,0,1,0,0,0
1666,0,0,1,0,1,0,0,0,0,0,0
1667,1,8,1,0,1,0,0,0,0,0,0
1668,0,5,0,0,1,0,0,0,0,0,1
1669,0,9,0,0,1,0,0,0,0,0,0
1670,1,5,1,0,1,0,0,0,0,0,0
1671,0,0,0,0,0,0,0,0,0,1,0
1672,0,5,1,0,1,0,0,0,0,0,1
1673,1,0,1,0,0,0,0,0,0,0,0
1674,0,2,1,0,0,0,0,0,0,0,0
1675,0,0,1,0,0,0,0,0,0,0,1
1676,1,4,1,0,1,0,0,0,0,0,0
1677,0,0,0,0,1,0,0,0,0,1,0
1678,1,2,0,1,0,0,1,0,0,0,0
1679,0,0,0,1,0,0,0,0,1,0,0
1680,1,21,0,0,1,0,0,0,0,0,0
1681,0,0,0,1,0,0,1,0,0,1,1
1682,0,1,0,0,1,0,0,0,0,0,0
1683,1,8,0,0,1,0,0,0,0,0,0
1684,0,1,0,1,1,0,0,0,0,0,0
1685,0,0,1,0,0,0,0,0,0,0,1
1686,1,1,0,1,1,0,0,0,0,0,0
1687,1,1,1,0,0,0,0,0,0,0,1
1688,1,0,1,0,0,0,0,0,0,0,1
1689,0,2,1,0,1,0,0,0,0,0,0
1690,1,11,0,0,1,0,0,0,0,1,0
1691,0,4,0,0,1,0,0,0,0,0,1
1692,1,14,0,0,1,0,0,0,0,0,0
1693,0,2,0,0,1,0,0,0,0,0,0
1694,1,5,1,0,1,0,0,0,0,0,0
1695,1,0,0,0,1,0,0,0,0,0,0
1696,1,7,0,0,0,0,0,0,0,0,0
1697,0,8,0,0,1,0,0,0,0,0,0
1698,0,5,0,0,0,0,0,0,1,0,0
1699,0,1,0,0,1,0,0,0,0,1,1
1700,0,4,0,0,0,0,0,0,0,0,0
1701,0,0,0,0,1,0,0,0,0,1,1
1702,0,1,0,1,0,0,1,0,0,0,0
1703,1,1,0,0,0,0,0,0,0,0,0
1704,0,1,1,0,1,0,0,0,0,0,0
1705,1,0,0,0,0,0,0,0,0,0,1
1706,0,4,0,0,1,0,0,0,0,1,1
1707,0,4,0,0,1,0,0,0,0,0,0
1708,0,0,1,0,1,0,0,0,0,0,1
1709,0,2,0,0,1,0,0,0,0,0,1
1710,0,5,1,0,1,0,0,0,0,0,0
1711,0,0,0,0,1,0,0,0,0,0,0
1712,1,4,0,0,1,0,0,0,0,0,0
1713,0,0,0,0,1,0,0,0,0,0,1
1714,0,1,0,0,0,0,0,0,0,0,1
1715,0,1,0,0,1,0,0,0,0,1,0
1716,1,13,0,0,1,0,0,0,0,0,1
1717,0,9,0,0,1,0,0,0,0,0,0
1718,0,1,0,0,0,0,0,0,0,0,0
1719,0,0,0,0,0,0,0,0,0,0,0
1720,0,1,0,0,0,0,0,0,0,1,1
1721,0,3,0,0,1,0,0,0,0,0,0
1722,0,7,1,0,1,0,0,0,0,1,1
1723,0,0,0,1,1,0,0,0,0,0,0
1724,1,16,0,0,0,0,1,0,0,0,0
1725,1,2,0,0,1,0,0,0,0,0,0
1726,0,0,0,1,1,0,0,0,0,1,1
1727,0,1,0,0,1,0,0,0,0,0,0
1728,0,1,0,1,0,0,0,0,0,1,0
1729,1,13,0,0,1,0,0,0,0,0,1
1730,0,0,1,0,1,0,0,0,0,0,0
1731,0,2,0,0,1,0,0,0,0,0,0
1732,0,0,0,0,0,0,0,0,1,1,1
1733,0,0,1,0,0,0,0,0,0,0,1
1734,1,0,0,1,0,0,0,0,0,0,1
1735,0,0,0,0,1,0,0,0,0,0,0
1736,1,2,0,0,0,0,1,0,0,0,0
1737,1,2,0,0,0,1,0,0,0,0,0
1738,1,1,0,1,1,0,0,0,0,0,0
1739,1,3,0,1,1,0,0,0,0,0,0
1740,0,2,0,0,1,0,0,0,0,0,1
1741,1,0,0,1,0,0,1,0,0,0,0
1742,0,2,1,0,0,0,0,0,0,0,1
1743,0,1,1,0,1,0,0,0,0,0,0
1744,1,8,0,0,0,0,1,0,0,0,0
1745,1,5,0,0,0,0,1,0,0,0,0
1746,1,1,0,1,1,0,0,0,0,0,1
1747,0,0,0,0,0,0,0,0,0,1,1
1748,0,2,1,0,0,0,0,0,0,0,1
1749,1,11,0,0,1,0,0,0,0,0,0
1750,0,0,0,0,0,0,1,0,0,0,0
1751,1,7,0,0,1,0,0,0,0,0,0
1752,1,0,0,0,0,0,1,0,0,0,0
1753,0,7,0,0,0,0,0,0,0,1,0
1754,0,0,0,0,0,0,0,0,0,0,0
1755,0,3,0,0,0,0,0,0,1,0,0
1756,1,4,0,0,0,0,0,0,1,0,0
1757,0,4,1,0,0,0,0,0,0,0,0
1758,0,0,0,1,0,0,0,0,0,0,0
1759,0,1,0,0,1,0,0,0,0,0,0
1760,0,0,0,0,0,0,0,0,0,0,0
1761,1,1,0,1,1,0,0,0,0,0,0
1762,0,0,0,0,0,0,1,0,0,0,0
1763,1,7,0,0,0,0,0,0,0,0,1
1764,0,0,0,0,0,0,0,0,0,0,1
1765,1,13,0,0,1,0,0,0,0,0,0
1766,1,2,0,0,0,0,0,0,0,0,0
1767,1,0,0,1,0,0,0,0,0,0,0
1768,1,4,0,0,1,0,0,0,0,0,0
1769,0,0,1,0,0,0,0,0,0,0,1
1770,1,0,0,0,1,0,0,0,0,1,1
1771,1,0,0,1,0,0,0,0,1,0,0
1772,1,1,1,0,0,0,0,0,0,0,1
1773,0,4,0,0,1,0,0,0,0,0,0
1774,1,5,0,1,0,0,0,0,0,0,0
1775,1,0,0,1,0,0,0,0,0,0,0
1776,0,2,0,0,1,0,0,0,0,0,0
1777,1,1,0,0,1,0,0,0,0,0,0
1778,0,2,1,0,0,0,0,0,1,0,0
1779,0,0,0,1,1,0,0,0,0,0,0
1780,0,4,0,0,1,0,0,0,0,0,0
1781,0,0,0,0,0,0,0,0,0,0,1
1782,0,0,0,0,0,0,0,0,1,1,1
1783,0,0,0,1,0,0,0,0,1,0,0
1784,1,1,0,0,1,0,0,0,0,0,0
1785,0,0,0,1,0,0,0,0,0,1,0
1786,0,2,1,0,0,0,0,0,0,0,1
1787,0,9,0,0,1,0,0,0,0,0,0
1788,0,0,1,0,0,0,0,0,1,0,1
1789,0,0,0,0,1,0,0,0,0,1,1
1790,0,3,0,1,1,0,0,0,0,0,0
1791,1,0,0,0,1,0,0,0,0,0,0
1792,1,3,0,0,0,0,1,0,0,1,1
1793,0,0,1,0,0,0,0,0,0,0,1
1794,0,0,0,0,0,0,0,0,0,0,0
1795,0,0,0,0,0,0,0,0,1,0,1
1796,1,9,1,0,0,0,0,0,0,0,0
1797,1,0,0,1,1,0,0,0,0,0,0
1798,0,4,0,0,1,0,0,0,0,0,0
1799,1,1,0,0,0,0,0,0,0,0,0
1800,0,2,0,0,0,0,0,0,0,0,0
1801,0,4,1,0,1,0,0,0,0,1,0
1802,0,0,1,0,1,0,0,0,0,1,0
1803,1,12,0,0,1,0,0,0,0,0,0
1804,0,0,0,0,0,0,0,0,0,0,1
1805,0,5,0,0,1,0,0,0,0,1,0
1806,0,2,0,1,1,0,0,0,0,0,0
1807,0,0,0,0,0,0,0,0,0,0,1
1808,0,1,0,0,0,0,0,0,0,0,0
1809,1,11,1,0,0,0,0,0,0,0,0
1810,0,2,1,0,0,0,0,0,0,0,0
1811,0,4,1,0,1,0,0,0,0,0,1
1812,1,15,1,0,0,0,0,1,0,1,0
1813,1,21,1,0,1,0,0,0,0,0,0
1814,0,1,1,0,0,0,0,0,0,1,0
1815,0,0,1,0,0,0,0,0,0,1,0
1816,0,0,0,0,1,0,0,0,0,0,1
1817,1,5,0,0,0,0,0,0,0,0,1
1818,1,1,0,1,1,0,0,0,0,0,0
1819,1,26,0,0,1,0,0,0,0,0,0
1820,1,1,0,1,1,0,0,0,0,0,0
1821,0,0,0,1,1,0,0,0,0,0,0
1822,1,4,0,0,1,0,0,0,0,0,0
1823,1,3,0,0,1,0,0,0,0,1,0
1824,1,3,0,0,0,0,0,0,0,0,0
1825,0,0,1,0,0,0,0,0,0,0,1
1826,1,11,0,0,0,0,0,0,0,0,0
1827,1,5,1,0,1,0,0,0,0,0,0
1828,1,4,0,0,0,0,0,0,1,0,1
1829,1,18,0,0,1,0,0,0,0,0,0
1830,0,15,0,0,1,0,0,0,0,0,0
1831,0,0,0,0,1,0,0,0,0,0,0
1832,1,8,0,0,1,0,0,0,0,0,1
1833,0,3,0,0,0,0,1,0,0,0,0
1834,0,0,0,0,0,0,0,0,0,1,0
1835,1,0,0,1,0,0,0,0,1,1,1
1836,0,0,0,0,0,0,1,0,0,0,1
1837,0,6,0,0,0,0,0,0,0,0,1
1838,1,3,0,0,1,0,0,0,0,0,0
1839,0,0,0,0,1,0,0,0,0,1,1
1840,1,2,0,0,0,0,0,0,0,1,0
1841,0,3,0,0,1,0,0,0,0,0,0
1842,0,1,0,0,0,0,0,0,0,0,1
1843,1,5,0,0,0,0,0,0,0,0,0
1844,0,1,0,0,0,0,1,0,0,0,1
1845,0,1,1,0,0,0,0,0,0,0,1
1846,0,2,0,0,0,0,0,0,0,0,0
1847,0,0,1,0,0,0,0,0,0,0,1
1848,1,4,0,0,0,0,0,0,0,1,1
1849,0,9,1,0,0,0,0,0,0,0,0
1850,0,0,0,0,0,0,0,0,0,1,0
1851,0,0,0,1,0,0,0,0,0,0,0
1852,1,0,0,1,1,0,0,0,0,0,0
1853,1,4,0,0,1,0,0,0,0,0,1
1854,0,0,1,0,0,0,0,0,0,0,1
1855,0,4,0,0,1,0,0,0,0,0,0
1856,1,0,0,0,0,0,0,0,0,0,1
1857,1,3,0,0,1,0,0,0,0,0,0
1858,0,1,1,0,1,0,0,0,0,0,0
1859,1,3,0,0,0,0,0,0,0,0,0
1860,1,0,0,0,0,0,1,0,0,1,1
1861,1,14,0,0,1,0,0,0,0,0,0
1862,0,0,0,1,1,0,0,0,0,0,1
1863,0,0,1,0,0,0,0,0,0,0,0
1864,1,37,0,0,1,0,0,0,0,0,1
1865,0,2,0,1,1,0,0,0,0,0,0
1866,1,0,0,0,1,0,0,0,0,0,1
1867,1,2,0,0,1,0,0,0,0,0,0
1868,0,2,0,0,0,0,0,0,0,1,0
1869,1,7,0,0,1,0,0,0,0,1,0
1870,1,0,0,0,1,0,0,0,0,0,1
1871,0,1,0,0,1,0,0,0,0,0,0
1872,1,3,0,0,1,0,0,0,0,1,0
1873,1,1,0,0,1,0,0,0,0,0,0
1874,0,0,0,0,1,0,0,0,0,0,0
1875,0,1,0,0,1,0,0,0,0,0,0
1876,1,15,0,0,1,0,0,0,0,0,0
1877,1,6,1,0,1,0,0,0,0,0,0
1878,1,17,0,1,1,0,0,0,0,0,0
1879,1,0,0,0,0,0,1,0,0,0,0
1880,1,1,0,1,1,0,0,0,0,0,0
1881,1,1,0,0,0,0,1,0,0,1,0
1882,0,0,0,1,1,0,0,0,0,0,0
1883,1,9,1,0,0,0,1,0,0,0,0
1884,0,0,0,0,0,0,0,0,1,1,0
1885,0,1,1,0,1,0,0,0,0,1,0
1886,1,1,0,0,1,0,0,0,0,0,1
1887,1,10,1,0,1,0,0,0,0,0,0
1888,0,1,0,1,0,0,0,0,0,0,0
1889,1,6,0,0,0,0,0,0,0,0,0
1890,1,1,1,0,1,0,0,0,0,0,1
1891,0,0,1,0,0,0,0,0,0,0,1
1892,1,9,0,0,1,0,0,0,0,1,1
1893,0,0,1,0,0,0,0,0,0,0,1
1894,1,10,0,0,1,0,0,0,0,0,0
1895,1,3,0,1,0,0,0,0,0,0,0
1896,1,0,0,0,0,0,0,0,1,0,0
1897,0,0,1,0,1,0,0,0,0,0,1
1898,1,3,0,1,1,0,0,0,0,0,0
1899,0,13,0,0,1,0,0,0,0,0,0
1900,1,3,1,0,1,0,0,0,0,0,1
1901,1,5,0,0,1,0,0,0,0,0,0
1902,0,2,1,0,1,0,0,0,0,0,0
1903,1,0,0,1,0,0,0,0,0,0,1
1904,0,1,1,0,0,0,0,0,0,0,1
1905,1,0,0,1,0,0,0,0,0,1,0
1906,0,0,0,1,1,0,0,0,0,0,1
1907,0,1,1,0,1,0,0,0,0,0,0
1908,0,0,0,0,0,0,0,0,0,1,0
1909,0,0,0,0,0,0,0,0,0,0,1
1910,1,0,0,0,0,0,0,0,0,0,0
1911,1,2,0,0,1,0,0,0,0,0,0
1912,0,3,0,0,0,0,0,0,0,0,0
1913,1,3,0,0,1,0,0,0,0,0,1
1914,1,7,0,0,1,0,0,0,0,0,0
1915,0,1,0,0,1,0,0,0,0,0,0
1916,1,0,0,0,0,0,0,0,0,0,0
1917,0,2,0,0,0,0,0,0,0,1,0
1918,1,6,0,1,0,0,1,0,0,0,0
1919,1,21,0,0,1,0,0,0,0,0,0
1920,0,0,0,0,0,0,0,0,0,1,1
1921,1,0,0,1,1,0,0,0,0,0,0
1922,0,0,0,0,1,0,0,0,0,1,1
1923,1,25,0,0,1,0,0,0,0,0,0
1924,0,0,0,1,0,0,0,0,0,1,0
1925,1,0,0,0,0,0,0,0,0,0,1
1926,0,0,0,0,0,0,0,0,0,0,0
1927,1,0,1,0,0,0,0,0,0,0,0
1928,1,0,0,0,0,0,0,0,0,0,0
1929,0,1,0,0,0,0,0,0,0,0,1
1930,1,12,0,0,1,0,0,0,0,1,0
1931,0,3,0,0,1,0,0,0,0,0,0
1932,1,15,1,0,1,0,0,0,0,0,0
1933,1,9,0,0,1,0,0,0,0,0,0
1934,0,1,0,0,1,0,0,0,0,1,0
1935,0,1,0,1,1,0,0,0,0,0,1
1936,0,1,1,0,1,0,0,0,0,0,0
1937,0,1,0,0,0,0,0,0,0,0,1
1938,1,3,0,1,1,0,0,0,0,0,0
1939,1,1,0,0,0,0,0,0,0,0,1
1940,0,1,0,0,0,0,0,0,0,0,0
1941,1,1,0,1,0,0,0,0,0,0,0
1942,0,2,1,0,0,0,0,0,1,0,0
1943,1,1,0,1,1,0,0,0,0,0,0
1944,0,5,0,0,0,0,0,0,0,0,0
1945,1,6,0,0,1,0,0,0,0,0,1
1946,0,1,1,0,1,0,0,0,0,0,1
1947,1,2,0,0,1,0,0,0,0,1,1
1948,0,0,0,0,0,0,0,0,0,0,1
1949,1,22,1,0,1,0,0,0,0,0,0
1950,1,4,0,0,1,0,0,0,0,0,0
1951,0,2,0,0,0,0,0,0,0,0,0
1952,0,1,0,1,1,0,0,0,0,1,0
1953,0,0,0,0,0,0,1,0,0,0,1
1954,0,3,0,1,1,0,0,0,0,0,0
1955,0,2,0,0,1,0,0,0,0,0,0
1956,1,7,0,0,1,0,0,0,0,0,0
1957,1,14,0,0,1,0,0,0,0,1,0
1958,0,2,0,0,0,0,0,0,0,0,1
1959,1,6,0,1,1,0,0,0,0,0,0
1960,1,1,0,0,0,0,1,0,0,0,0
1961,0,2,0,0,1,0,0,0,0,0,1
1962,0,0,1,0,0,0,1,0,0,0,0
1963,0,0,0,1,1,0,0,0,0,1,0
1964,0,0,0,1,0,0,0,0,0,0,0
1965,1,5,0,0,1,0,0,0,0,0,0
1966,0,4,0,0,0,0,0,0,0,0,1
1967,1,1,0,0,0,0,0,0,1,0,0
1968,1,1,1,0,0,0,1,0,0,0,0
1969,1,1,0,1,1,0,0,0,0,0,0
1970,0,1,1,0,0,0,0,0,0,0,0
1971,0,0,0,1,1,0,0,0,0,1,0
1972,0,0,0,0,0,0,1,0,0,0,0
1973,0,2,0,0,0,0,0,0,0,1,0
1974,1,8,0,0,0,0,0,0,0,0,0
1975,0,2,0,0,0,0,0,0,0,0,0
1976,1,0,0,0,0,0,0,0,0,0,0
1977,0,1,0,1,1,0,0,0,0,0,0
1978,0,3,0,0,1,0,0,0,0,0,0
1979,0,0,0,1,0,0,0,0,0,0,0
1980,1,0,0,1,0,0,0,0,0,0,0
1981,1,4,0,0,0,0,0,0,0,1,0
1982,1,1,0,1,1,0,0,0,0,0,0
1983,0,0,0,1,0,0,1,0,0,0,0
1984,0,3,1,0,1,0,0,0,0,0,0
1985,1,7,0,0,1,0,0,0,0,0,0
1986,1,1,0,1,1,0,0,0,0,0,0
1987,0,0,0,0,0,0,0,0,0,0,1
1988,0,3,1,0,0,0,0,0,0,0,0
1989,0,0,0,0,0,0,1,0,0,0,0
1990,0,0,1,0,1,0,0,0,0,0,0
1991,1,17,1,0,1,0,0,0,0,0,0
1992,1,8,0,0,1,0,0,0,0,0,0
1993,0,1,0,1,0,0,0,0,0,0,0
1994,1,0,0,0,0,0,0,0,0,0,1
1995,1,1,0,0,0,0,0,0,0,0,1
1996,0,1,0,0,1,0,0,0,0,0,0
1997,1,2,0,1,1,0,0,0,0,0,0
1998,0,4,1,0,0,0,0,0,0,0,0
1999,0,4,0,0,1,0,0,0,0,0,0
2000,1,0,0,0,0,0,1,0,0,1,1
2001,0,0,0,0,0,0,0,0,0,0,1
2002,1,1,1,0,0,0,0,0,0,0,1
2003,0,2,0,0,0,0,1,0,0,0,0
2004,0,1,1,0,0,0,0,0,0,0,0
2005,1,1,1,0,1,0,0,0,0,0,1
2006,0,0,1,0,0,0,0,0,0,0,0
2007,1,3,0,1,0,0,0,0,0,0,1
2008,0,1,0,0,1,0,0,0,0,0,0
2009,0,1,0,0,0,0,1,0,0,0,0
2010,1,10,0,0,1,0,0,0,0,1,1
2011,1,10,0,0,1,0,0,0,0,0,1
2012,1,6,0,0,1,0,0,0,0,0,0
2013,0,0,0,0,1,0,0,0,0,0,0
2014,0,10,1,0,0,0,0,0,0,0,0
2015,1,1,0,0,1,0,0,0,0,0,0
2016,1,10,1,0,1,0,0,0,0,0,0
2017,0,4,0,0,1,0,0,0,0,0,1
2018,1,10,0,0,0,0,0,0,0,0,0
2019,0,0,1,0,0,0,0,0,0,1,1
2020,0,3,0,0,1,0,0,0,0,0,1
2021,1,1,0,1,1,0,0,0,0,0,0
2022,0,0,1,0,0,0,0,0,0,0,0
2023,0,16,0,0,0,0,0,0,0,0,1
2024,1,4,0,1,1,0,0,0,0,0,0
2025,1,0,0,1,1,0,0,0,0,0,0
2026,0,0,1,0,0,0,0,0,0,0,0
2027,0,0,0,0,0,0,0,0,0,1,1
2028,0,0,0,0,0,0,0,0,0,0,0
2029,0,7,1,0,1,0,0,0,0,1,0
2030,0,0,0,0,1,0,0,0,0,0,1
2031,0,0,0,0,0,0,0,0,0,0,1
2032,1,3,0,0,1,0,0,0,0,0,0
2033,1,1,0,1,1,0,0,0,0,0,0
2034,0,0,0,0,0,0,0,0,0,0,1
2035,1,11,0,0,0,0,0,0,0,0,0
2036,0,0,0,1,1,0,0,0,0,0,0
2037,1,10,1,0,1,0,0,0,0,0,0
2038,1,4,0,0,1,0,0,0,0,0,0
2039,1,1,0,0,1,0,0,0,0,0,0
2040,0,0,0,0,1,0,0,0,0,0,0
2041,0,1,1,0,1,0,0,0,0,0,0
2042,0,0,0,1,1,0,0,0,0,0,1
2043,0,0,0,0,1,0,0,0,0,1,1
2044,0,0,1,0,0,0,0,0,1,0,1
2045,0,2,1,0,0,0,0,0,1,0,0
2046,1,16,1,0,1,0,0,0,0,0,0
2047,0,4,0,0,1,0,0,0,0,0,0
2048,0,8,0,0,1,0,0,0,0,0,0
2049,0,0,0,0,1,0,0,0,0,1,1
2050,0,1,0,0,1,0,0,0,0,0,1
2051,0,0,0,0,0,0,0,0,0,0,1
2052,0,0,0,0,0,0,0,0,1,0,0
2053,0,0,0,0,1,0,0,0,0,1,0
2054,1,9,0,0,1,0,0,0,0,0,0
2055,0,1,1,0,1,0,0,0,0,0,0
2056,0,1,0,0,0,0,0,0,0,0,0
2057,1,0,1,0,0,0,0,0,0,1,1
2058,0,8,1,0,1,0,0,0,0,1,0
2059,1,5,0,0,1,0,0,0,0,0,0
2060,1,13,1,0,1,0,0,0,0,0,0
2061,1,0,0,1,0,0,0,0,1,0,1
2062,1,8,0,0,1,0,0,0,0,0,0
2063,0,0,0,1,1,0,0,0,0,0,1
2064,0,1,0,1,1,0,0,0,0,0,0
2065,0,0,1,0,0,0,0,0,0,0,1
2066,0,0,1,0,0,0,0,0,0,0,0
2067,0,1,0,0,0,0,0,0,0,0,0
2068,1,1,0,1,1,0,0,0,0,0,0
2069,1,5,1,0,0,0,0,0,0,0,0
2070,0,0,1,0,0,0,0,0,0,0,1
2071,0,0,0,0,0,0,1,0,0,1,0
2072,0,1,0,0,1,0,0,0,0,1,0
2073,0,0,0,0,1,0,0,0,0,1,0
2074,1,1,0,1,1,0,0,0,0,0,0
2075,1,0,0,0,0,0,0,0,0,0,0
2076,1,1,0,0,1,0,0,0,0,0,0
2077,0,1,1,0,0,0,0,0,0,0,1
2078,0,2,0,1,1,0,0,0,0,0,0
2079,1,33,1,0,0,0,0,0,0,0,0
2080,0,1,1,0,0,0,0,0,0,1,0
2081,1,1,0,1,1,0,0,0,0,0,1
2082,1,4,0,1,1,0,0,0,0,0,0
2083,0,0,0,0,0,0,1,0,0,1,0
2084,0,0,1,0,0,0,0,0,1,0,1
2085,0,0,0,0,1,0,0,0,0,0,0
2086,1,0,0,1,0,0,1,0,0,0,0
2087,0,1,0,0,1,0,0,0,0,0,1
2088,0,4,0,0,0,0,0,0,0,0,0
2089,0,0,0,0,0,0,0,0,0,1,0
2090,0,14,0,0,0,0,0,0,0,0,0
2091,0,1,1,0,0,0,0,0,0,0,1
2092,0,15,0,0,1,0,0,0,0,0,0
2093,0,1,0,1,1,0,0,0,0,0,0
2094,0,1,1,0,1,0,0,0,0,0,1
2095,1,2,0,0,0,0,0,0,0,0,0
2096,0,1,0,0,0,0,0,0,0,0,1
2097,1,1,0,0,1,0,0,0,0,0,0
2098,1,18,0,0,1,0,0,0,0,0,1
2099,1,1,0,1,1,0,0,0,0,0,0
2100,1,1,0,0,0,0,0,0,0,0,0
2101,0,3,1,0,1,0,0,0,0,0,1
2102,0,14,0,0,1,0,0,0,0,1,0
2103,1,7,0,0,1,0,0,0,0,0,0
2104,1,20,0,0,1,0,0,0,0,0,0
2105,1,0,0,0,0,0,0,0,0,0,0
2106,1,0,0,1,0,0,0,0,0,0,1
2107,0,1,0,0,1,0,0,0,0,1,1
2108,0,0,1,0,0,0,0,0,0,0,1
2109,1,5,0,0,1,0,0,0,0,0,0
2110,1,3,0,1,0,0,0,0,0,0,0
2111,0,0,0,1,0,0,1,0,0,0,1
2112,0,0,1,0,0,0,0,0,0,0,1
2113,0,0,0,0,0,0,0,0,0,1,1
2114,1,1,0,0,0,0,0,0,0,0,1
2115,0,1,0,0,1,0,0,0,0,0,1
2116,0,2,0,1,0,0,0,0,0,0,1
2117,1,16,0,0,1,0,0,0,0,0,0
2118,0,0,0,0,0,0,0,0,0,0,0
2119,0,1,0,1,0,0,0,0,0,0,1
2120,1,1,0,0,1,0,0,0,0,0,0
2121,0,0,0,0,0,0,0,0,0,0,0
2122,0,0,0,0,0,0,0,0,0,0,0
2123,0,1,0,0,0,0,0,0,0,0,0
2124,1,1,0,0,0,0,0,0,0,0,0
2125,1,0,1,0,1,0,0,0,0,0,0
2126,0,7,0,0,1,0,0,0,0,0,0
2127,0,0,0,0,1,0,0,0,0,0,1
2128,1,8,0,0,1,0,0,0,0,0,0
2129,0,0,1,0,0,0,0,0,0,0,1
2130,1,0,1,0,1,0,0,0,0,0,1
2131,0,1,0,0,1,0,0,0,0,0,1
2132,1,0,0,0,0,0,0,0,0,0,0
2133,1,1,0,0,0,0,0,0,0,1,1
2134,1,9,0,0,0,0,0,0,0,0,1
2135,1,2,1,0,1,0,0,0,0,0,0
2136,1,1,0,0,1,0,0,0,0,0,0
2137,0,2,0,0,1,0,0,0,0,0,0
2138,1,5,0,1,0,0,0,0,1,0,1
2139,1,4,0,1,1,0,0,0,0,1,1
2140,0,1,0,1,1,0,0,0,0,0,1
2141,0,3,0,0,0,0,0,0,1,0,1
2142,0,2,1,0,1,0,0,0,0,1,0
2143,1,2,0,0,1,0,0,0,0,0,1
2144,0,0,0,0,1,0,0,0,0,1,1
2145,1,0,0,1,0,0,0,0,0,0,0
2146,0,0,1,0,0,0,0,0,0,1,1
2147,0,0,1,0,0,0,0,0,0,0,0
2148,0,1,1,0,1,0,0,0,0,0,1
2149,1,3,1,0,1,0,0,0,0,0,1
2150,0,5,0,0,1,0,0,0,0,0,0
2151,0,1,1,0,0,0,0,0,0,0,0
2152,0,2,0,0,0,0,1,0,0,0,0
2153,1,2,1,0,0,0,1,0,0,1,1
2154,1,2,0,1,1,0,0,0,0,0,0
2155,1,5,0,0,1,0,0,0,0,0,0
2156,0,4,0,0,1,0,0,0,0,0,1
2157,1,1,0,1,1,0,0,0,0,0,0
2158,0,7,0,0,1,0,0,0,0,1,0
2159,0,0,0,0,1,0,0,0,0,1,0
2160,1,3,0,0,1,0,0,0,0,1,0
2161,1,2,0,0,0,0,0,0,1,0,0
2162,0,0,1,0,0,0,0,0,0,0,1
2163,0,0,0,0,0,0,0,0,0,0,1
2164,0,0,0,0,0,0,0,0,0,0,1
2165,0,0,1,0,0,0,0,0,0,0,1
2166,0,0,0,1,1,0,0,0,0,0,1
2167,0,22,1,0,1,0,0,0,0,0,1
2168,0,0,0,0,1,0,0,0,0,0,1
2169,1,9,0,0,1,0,0,0,0,0,0
2170,0,1,0,1,0,0,0,0,0,0,0
2171,0,0,0,0,0,0,0,0,0,0,1
2172,1,0,1,0,1,0,0,0,0,0,0
2173,1,10,0,0,1,0,0,0,0,0,0
2174,0,0,0,1,0,0,0,0,0,0,0
2175,1,0,1,0,0,0,0,0,0,1,0
2176,1,2,1,0,0,0,0,0,0,0,1
2177,0,11,0,0,0,0,0,0,1,0,0
2178,1,0,0,1,1,0,0,0,0,1,0
2179,1,6,0,1,0,0,1,0,0,0,1
2180,1,0,0,0,0,0,0,0,0,0,0
2181,1,11,0,0,1,0,0,0,0,0,0
2182,0,5,0,0,0,0,0,0,0,0,1
2183,0,0,1,0,1,0,0,0,0,1,1
2184,1,13,0,0,1,0,0,0,0,0,0
2185,0,0,1,0,0,0,1,0,0,0,0
2186,1,13,0,0,0,0,0,0,0,0,0
2187,1,5,0,0,1,0,0,0,0,0,1
2188,0,8,1,0,0,0,1,0,0,0,0
2189,0,0,0,1,1,0,0,0,0,0,0
2190,1,8,0,0,1,0,0,0,0,0,0
2191,1,3,1,0,0,1,0,0,0,0,0
2192,0,0,0,0,0,0,0,0,1,0,1
2193,0,13,0,0,1,0,0,0,0,1,0
2194,1,0,0,1,1,0,0,0,0,0,0
2195,1,0,0,1,1,0,0,0,0,0,0
2196,0,2,1,0,0,0,0,0,0,0,1
2197,1,5,0,0,1,0,0,0,0,1,0
2198,0,7,1,0,1,0,0,0,0,0,0
2199,0,0,0,1,1,0,0,0,0,1,0
2200,1,6,0,0,1,0,0,0,0,0,1
2201,0,3,0,0,0,0,0,0,0,0,0
2202,1,3,0,0,1,0,0,0,0,0,0
2203,0,0,0,0,0,0,0,0,0,0,1
2204,1,1,0,0,1,0,0,0,0,0,0
2205,1,1,0,0,0,0,1,0,0,0,1
2206,1,1,0,0,1,0,0,0,0,0,0
2207,0,1,0,0,0,0,0,0,1,0,0
2208,0,1,0,1,1,0,0,0,0,0,0
2209,1,3,0,0,0,0,0,0,0,0,0
2210,0,0,0,0,0,0,0,0,0,0,1
2211,0,0,0,0,0,0,0,0,0,0,0
2212,0,0,0,0,1,0,0,0,0,0,0
2213,0,0,0,0,0,0,1,0,0,0,0
2214,0,1,1,0,0,0,0,0,0,0,0
2215,0,0,1,0,0,0,0,0,0,0,1
2216,1,14,1,0,1,0,0,0,0,0,0
2217,1,1,0,1,1,0,0,0,0,0,0
2218,0,6,0,0,0,0,0,0,0,0,1
2219,1,2,1,0,0,0,0,0,0,1,0
2220,0,7,0,0,1,0,0,0,0,0,0
2221,0,1,0,0,0,0,0,0,0,0,1
2222,1,7,1,0,1,0,0,0,0,0,0
2223,0,0,1,0,0,0,0,0,0,0,1
2224,0,0,0,0,0,0,0,0,0,0,1
2225,1,0,0,0,1,0,0,0,0,0,1
2226,1,4,0,0,1,0,0,0,0,0,1
2227,0,0,0,0,1,0,0,0,0,0,0
2228,1,17,0,0,0,0,1,0,0,0,0
2229,1,2,0,0,0,0,0,0,0,0,0
2230,1,0,0,0,1,0,0,0,0,1,1
2231,1,2,1,0,0,0,1,0,0,0,0
2232,0,0,0,0,0,0,1,0,0,0,1
2233,1,8,0,0,0,0,1,0,0,0,0
2234,0,0,0,0,0,0,1,0,0,0,1
2235,1,1,0,1,1,0,0,0,0,0,0
2236,1,0,0,0,1,0,0,0,0,0,0
2237,1,2,1,0,1,0,0,0,0,0,0
2238,0,1,0,0,1,0,0,0,0,0,0
2239,1,12,0,0,1,0,0,0,0,0,1
2240,1,0,0,0,1,0,0,0,0,0,0
2241,0,0,0,0,1,0,0,0,0,0,1
2242,0,0,0,0,0,0,0,0,0,0,1
2243,0,1,0,0,1,0,0,0,0,1,0
2244,0,4,0,0,0,0,0,0,0,0,1
2245,0,1,1,0,0,0,0,0,0,0,0
2246,0,0,0,1,1,0,0,0,0,0,0
2247,0,0,0,0,0,0,0,0,0,0,0
2248,0,1,0,1,1,0,0,0,0,0,0
2249,1,7,0,0,0,0,0,0,0,0,1
2250,1,11,0,0,1,0,0,0,0,0,0
2251,0,0,1,0,1,0,0,0,0,0,1
2252,1,2,0,0,0,0,0,0,1,0,0
2253,0,1,0,0,1,0,0,0,0,0,0
2254,0,0,0,0,0,0,0,0,0,1,1
2255,1,7,0,0,0,0,1,0,0,1,0
2256,0,0,0,0,1,0,0,0,0,1,1
2257,1,0,0,0,0,0,1,0,0,0,1
2258,0,0,1,0,1,0,0,0,0,0,1
2259,0,2,0,0,0,0,0,0,0,0,1
2260,0,0,0,0,1,0,0,0,0,0,0
2261,0,3,0,0,1,0,0,0,0,0,0
2262,1,3,0,1,0,0,0,0,0,0,1
2263,1,19,1,0,0,0,0,0,0,0,0
2264,0,1,0,0,0,0,1,0,0,0,1
2265,0,1,0,0,1,0,0,0,0,0,0
2266,1,1,1,0,0,0,0,0,0,1,0
2267,1,3,0,0,0,0,0,0,0,0,0
2268,1,4,0,1,0,0,0,0,0,0,0
2269,0,6,0,0,1,0,0,0,0,0,0
2270,0,0,0,1,1,0,0,0,0,0,0
2271,1,2,0,0,1,0,0,0,0,0,0
2272,0,3,0,0,1,0,0,0,0,0,1
2273,0,0,1,0,0,0,0,0,0,1,1
2274,0,0,0,0,0,0,0,0,0,0,0
2275,1,4,0,0,0,0,0,0,0,0,0
2276,0,2,0,0,0,0,0,0,0,1,0
2277,1,3,0,1,0,0,0,0,0,0,0
2278,1,3,0,0,0,0,0,0,0,0,1
2279,0,0,1,0,0,0,0,0,0,1,1
2280,1,3,0,1,0,0,0,0,0,0,0
2281,0,2,0,0,1,0,0,0,0,0,1
2282,0,0,0,0,1,0,0,0,0,0,0
2283,0,0,0,0,0,0,0,0,0,0,1
2284,0,13,0,0,1,0,0,0,0,0,0
2285,0,6,0,0,1,0,0,0,0,0,0
2286,1,0,1,0,0,0,1,0,0,0,1
2287,0,0,0,1,1,0,0,0,0,0,0
2288,0,1,0,0,0,0,0,0,0,0,0
2289,1,0,0,1,0,0,0,0,0,0,0
2290,0,10,0,0,1,0,0,0,0,0,0
2291,0,1,1,0,0,0,0,0,0,0,0
2292,1,13,0,0,1,0,0,0,0,0,1
2293,0,0,0,0,1,0,0,0,0,0,0
2294,0,1,0,1,1,0,0,0,0,0,1
2295,1,3,0,1,0,0,0,0,0,0,1
2296,1,8,0,0,1,0,0,0,0,0,1
2297,1,0,1,0,1,0,0,0,0,0,0
2298,1,7,0,0,0,0,0,0,0,0,0
2299,1,6,0,0,0,0,0,0,0,0,0
2300,1,25,0,0,1,0,0,0,0,0,0
2301,0,9,1,0,1,0,0,0,0,0,1
2302,0,1,0,1,1,0,0,0,0,0,0
2303,0,1,1,0,0,0,0,0,0,1,1
2304,1,7,1,0,0,0,0,0,0,0,0
2305,0,2,0,0,0,0,0,0,0,0,1
2306,0,0,0,0,0,0,1,0,0,0,0
2307,0,0,0,0,0,0,0,0,0,1,0
2308,0,3,0,0,1,0,0,0,0,1,0
2309,1,0,0,0,1,0,0,0,0,0,0
2310,1,0,0,1,1,0,0,0,0,1,1
2311,1,0,0,1,1,0,0,0,0,0,1
2312,0,0,1,0,0,0,0,0,0,0,0
2313,1,8,1,0,1,0,0,0,0,0,1
2314,1,5,0,0,1,0,0,0,0,0,0
2315,0,0,0,0,1,0,0,0,0,0,0
2316,1,3,0,1,0,0,0,0,0,0,1
2317,1,14,0,0,1,0,0,0,0,0,1
2318,0,5,0,0,1,0,0,0,0,0,0
2319,0,0,1,0,1,0,0,0,0,0,0
2320,0,0,0,1,1,0,0,0,0,0,0
2321,0,1,1,0,1,0,0,0,0,0,1
2322,1,0,0,1,1,0,0,0,0,0,0
2323,1,1,0,0,0,0,0,0,0,0,0
2324,1,1,0,0,0,0,0,0,0,1,1
2325,1,0,1,0,1,0,0,0,0,0,1
2326,1,13,0,0,1,0,0,0,0,0,0
2327,0,4,0,0,0,0,0,0,0,1,0
2328,0,0,0,1,1,0,0,0,0,0,0
2329,0,10,1,0,0,0,0,0,0,0,0
2330,0,2,0,0,0,0,0,0,0,0,1
2331,1,7,0,0,0,0,0,0,0,0,0
2332,0,0,0,1,1,0,0,0,0,0,0
2333,0,0,0,0,0,0,0,0,0,0,0
2334,1,0,0,1,1,0,0,0,0,0,0
2335,1,20,0,0,0,0,1,0,0,1,0
2336,0,0,0,0,0,0,0,0,0,0,0
2337,0,0,1,0,0,0,0,0,0,0,0
2338,1,0,0,1,0,0,0,0,1,0,1
2339,0,0,1,0,0,0,0,0,0,0,0
2340,1,1,0,0,0,0,0,0,0,1,0
2341,1,9,0,0,1,0,0,0,0,0,1
2342,1,9,0,0,1,0,0,0,0,0,0
2343,1,3,0,0,1,0,0,0,0,0,1
2344,0,0,0,0,0,0,1,0,0,0,1
2345,1,0,0,0,1,0,0,0,0,1,1
2346,0,0,0,0,1,0,0,0,0,1,0
2347,1,22,0,0,1,0,0,0,0,0,0
2348,0,2,0,1,0,0,0,0,0,0,0
2349,1,8,0,0,1,0,0,0,0,0,1
2350,0,2,0,0,0,0,0,0,0,0,0
2351,0,7,0,0,1,0,0,0,0,0,0
2352,1,0,0,0,0,0,0,0,0,1,0
2353,1,10,0,0,1,0,0,0,0,0,0
2354,0,0,1,0,0,0,0,0,1,0,0
2355,1,2,0,0,0,0,0,0,0,0,0
2356,0,0,0,0,1,0,0,0,0,0,0
2357,1,1,0,1,0,0,0,0,1,0,0
2358,1,9,0,0,1,0,0,0,0,1,0
2359,1,16,0,0,1,0,0,0,0,0,0
2360,1,3,0,0,0,0,0,0,0,0,0
2361,1,0,0,0,0,0,1,0,0,0,1
2362,1,4,0,0,0,0,0,0,0,0,0
2363,1,2,0,1,0,0,0,0,0,0,0
2364,0,0,0,0,0,0,1,0,0,0,0
2365,1,5,0,0,1,0,0,0,0,0,1
2366,0,2,0,0,1,0,0,0,0,0,1
2367,1,9,1,0,1,0,0,0,0,0,0
2368,1,7,0,0,1,0,0,0,0,0,0
2369,0,0,0,0,0,0,1,0,0,0,0
2370,1,0,0,1,0,0,1,0,0,0,0
2371,0,0,0,0,1,0,0,0,0,0,1
2372,0,3,0,0,1,0,0,0,0,0,1
2373,0,0,0,0,1,0,0,0,0,1,0
2374,0,2,1,0,0,0,0,0,0,0,1
2375,0,12,1,0,1,0,0,0,0,0,1
2376,0,0,0,0,0,0,0,0,0,0,0
2377,1,0,0,0,1,0,0,0,0,0,0
2378,0,0,0,0,0,0,0,0,0,0,1
2379,0,5,0,0,1,0,0,0,0,0,1
2380,1,1,0,0,1,0,0,0,0,0,0
2381,0,9,1,0,1,0,0,0,0,0,0
2382,1,0,1,0,0,0,0,0,1,0,1
2383,1,12,0,0,1,0,0,0,0,0,0
2384,0,0,0,1,1,0,0,0,0,0,0
2385,1,4,0,0,1,0,0,0,0,0,0
2386,1,0,0,1,1,0,0,0,0,0,0
2387,0,1,0,0,0,0,1,0,0,0,1
2388,0,4,0,0,1,0,0,0,0,0,1
2389,0,0,0,1,0,0,1,0,0,0,1
2390,1,4,1,0,0,0,0,0,1,0,1
2391,0,2,1,0,0,0,0,0,0,0,0
2392,0,1,0,0,1,0,0,0,0,0,1
2393,0,0,0,1,0,0,0,0,1,1,0
2394,1,2,0,1,0,0,0,0,1,0,0
2395,0,5,0,0,0,0,1,0,0,0,0
2396,1,0,0,1,0,0,0,0,0,0,0
2397,0,1,1,0,0,0,0,0,0,0,0
2398,0,5,0,0,1,0,0,0,0,0,0
2399,0,0,0,0,0,0,1,0,0,0,1
2400,1,3,0,1,1,0,0,0,0,0,0
2401,0,1,0,1,1,0,0,0,0,0,0
2402,1,1,0,1,0,0,0,0,0,0,0
2403,1,6,0,0,1,0,0,0,0,0,1
2404,1,14,0,0,1,0,0,0,0,0,1
2405,1,6,1,0,1,0,0,0,0,0,1
2406,1,7,1,0,1,0,0,0,0,0,0
2407,0,1,0,0,1,0,0,0,0,0,1
2408,0,2,1,0,0,0,0,0,0,0,0
2409,0,22,0,0,1,0,0,0,0,0,0
2410,0,7,0,0,0,0,1,0,0,0,0
2411,1,1,0,1,1,0,0,0,0,0,1
2412,0,0,0,1,0,0,0,0,0,0,0
2413,1,0,0,1,1,0,0,0,0,0,0
2414,0,4,0,0,1,0,0,0,0,0,1
2415,1,1,0,0,1,0,0,0,0,0,1
2416,1,24,1,0,1,0,0,0,0,0,1
2417,1,4,0,0,0,0,0,0,1,0,1
2418,0,0,0,0,1,0,0,0,0,0,0
2419,0,1,0,1,1,0,0,0,0,0,0
2420,0,0,0,0,0,0,0,0,0,0,0
2421,0,5,1,0,1,0,0,0,0,0,0
2422,1,19,0,0,0,0,1,0,0,0,0
2423,1,2,0,0,1,0,0,0,0,0,0
2424,1,8,0,0,0,0,0,0,1,0,0
2425,1,2,0,1,1,0,0,0,0,0,0
2426,1,1,1,0,0,0,0,0,0,0,0
2427,1,0,0,1,1,0,0,0,0,0,0
2428,1,5,0,0,0,0,0,0,0,0,1
2429,0,0,0,1,0,0,0,0,0,0,0
2430,1,1,0,0,1,0,0,0,0,0,1
2431,0,0,1,0,0,0,0,0,1,1,0
2432,0,0,1,0,0,0,0,0,0,0,1
2433,1,4,0,0,0,0,0,0,1,0,0
2434,1,3,0,0,1,0,0,0,0,1,1
2435,1,1,0,1,0,0,1,0,0,0,0
2436,0,2,0,0,1,0,0,0,0,0,0
2437,0,0,1,0,0,0,0,0,0,0,1
2438,1,1,0,1,1,0,0,0,0,0,1
2439,0,0,0,1,0,0,0,0,1,1,1
2440,1,3,0,1,1,0,0,0,0,0,0
2441,1,9,0,0,0,0,0,0,0,0,1
2442,0,1,1,0,0,0,0,0,0,0,1
2443,1,18,1,0,1,0,0,0,0,0,1
2444,1,1,0,1,1,0,0,0,0,0,0
2445,1,3,0,0,1,0,0,0,0,0,1
2446,1,6,0,0,1,0,0,0,0,0,0
2447,1,1,0,0,0,0,0,0,0,0,0
2448,0,1,0,0,0,0,0,0,0,0,0
2449,0,0,1,0,0,0,0,0,0,0,0
2450,0,3,0,0,1,0,0,0,0,0,1
2451,0,0,0,1,1,0,0,0,0,0,1
2452,1,18,1,0,0,0,0,0,0,0,1
2453,1,2,0,0,1,0,0,0,0,0,0
2454,0,0,1,0,0,0,0,0,0,0,1
2455,0,0,0,0,1,0,0,0,0,0,0
2456,0,0,0,0,0,0,1,0,0,0,1
2457,0,6,0,0,1,0,0,0,0,0,0
2458,0,0,0,1,0,0,1,0,0,0,0
2459,1,0,1,0,0,0,0,0,0,0,1
2460,0,3,0,0,1,0,0,0,0,0,0
2461,0,1,1,0,0,0,0,0,0,0,0
2462,0,0,0,0,0,0,0,0,0,0,1
2463,1,1,1,0,1,0,0,0,0,0,1
2464,0,3,1,0,0,0,0,0,0,0,0
2465,0,3,1,0,0,0,0,0,0,0,0
2466,0,0,0,1,0,0,0,0,0,1,0
2467,1,10,1,0,1,0,0,0,0,1,0
2468,0,0,0,0,1,0,0,0,0,0,0
2469,0,1,0,0,0,0,0,0,1,0,1
2470,0,0,0,0,0,0,0,0,0,1,1
2471,1,2,0,0,0,0,1,0,0,0,1
2472,1,1,1,0,0,0,0,0,0,0,1
2473,0,0,0,1,0,0,0,0,0,0,1
2474,0,1,0,0,0,0,1,0,0,1,1
2475,1,9,0,0,0,0,0,0,0,0,1
2476,0,0,1,0,0,0,0,0,1,1,0
2477,1,4,0,1,1,0,0,0,0,0,0
2478,0,1,1,0,0,0,0,0,0,0,1
2479,0,0,1,0,0,0,0,0,0,1,1
2480,0,2,0,1,0,0,0,0,0,1,1
2481,0,1,1,0,0,0,0,0,0,1,1
2482,0,6,0,1,0,0,0,0,0,0,0
2483,0,0,0,0,0,0,0,0,0,1,0
2484,0,2,0,0,0,0,0,0,0,1,0
2485,0,1,0,1,1,0,0,0,0,1,0
2486,1,2,0,1,1,0,0,0,0,0,0
2487,0,0,0,0,1,0,0,0,0,0,0
2488,0,0,0,1,1,0,0,0,0,0,0
2489,0,1,1,0,0,0,0,0,0,0,1
2490,1,6,0,0,1,0,0,0,0,0,0
2491,1,7,0,0,1,0,0,0,0,0,0
2492,1,5,0,0,1,0,0,0,0,0,0
2493,0,8,1,0,0,0,0,0,0,0,0
2494,1,7,1,0,0,0,0,0,0,1,0
2495,0,3,0,0,1,0,0,0,0,0,1
2496,1,1,0,0,1,0,0,0,0,1,0
2497,0,4,1,0,0,0,1,0,0,0,0
2498,0,0,1,0,0,0,0,0,0,0,1
2499,0,0,0,0,0,0,0,0,0,0,0
2500,1,0,0,0,1,0,0,0,0,0,1
2501,0,0,0,0,1,0,0,0,0,0,1
2502,1,19,1,0,1,0,0,0,0,0,0
2503,0,24,1,0,1,0,0,0,0,0,0
2504,0,2,0,0,1,0,0,0,0,0,1
2505,1,9,0,0,0,0,0,0,0,0,0
2506,1,6,0,0,1,0,0,0,0,0,0
2507,1,3,0,1,1,0,0,0,0,0,0
2508,1,2,0,1,0,0,0,0,0,0,0
2509,1,3,0,1,0,0,1,0,0,0,0
2510,1,1,0,0,1,0,0,0,0,0,0
2511,0,0,0,1,1,0,0,0,0,1,0
2512,0,9,0,0,1,0,0,0,0,0,0
2513,0,0,1,0,1,0,0,0,0,1,0
2514,0,1,0,1,1,0,0,0,0,0,0
2515,0,0,0,1,1,0,0,0,0,0,0
2516,1,10,0,0,0,0,0,0,0,0,0
2517,1,1,0,0,1,0,0,0,0,0,1
2518,0,0,0,1,0,0,0,0,0,0,0
2519,0,3,0,0,1,0,0,0,0,1,0
2520,1,0,0,1,1,0,0,0,0,0,0
2521,0,2,1,0,0,0,0,0,0,0,1
2522,0,1,1,0,1,0,0,0,0,0,0
2523,1,0,0,1,1,0,0,0,0,0,0
2524,1,1,0,1,0,0,0,0,1,0,0
2525,0,20,1,0,1,0,0,0,0,0,0
2526,1,1,1,0,0,0,0,0,0,0,1
2527,0,0,0,1,1,0,0,0,0,1,0
2528,1,5,0,1,1,0,0,0,0,0,0
2529,1,3,0,0,1,0,0,0,0,1,0
2530,0,0,0,0,0,0,0,0,0,1,0
2531,0,0,0,1,0,0,0,0,0,0,0
2532,1,0,0,0,0,0,1,0,0,0,0
2533,1,5,0,0,0,0,0,0,0,0,0
2534,0,0,0,0,0,0,0,0,1,0,1
2535,0,2,0,0,0,0,0,0,1,0,0
2536,1,3,0,1,0,0,0,0,0,0,0
2537,0,0,0,0,1,0,0,0,0,1,1
2538,0,1,0,0,0,0,0,0,0,1,0
2539,0,8,0,0,1,0,0,0,0,0,0
2540,0,3,0,0,0,0,0,0,0,0,0
2541,1,2,0,0,1,0,0,0,0,0,1
2542,1,0,0,0,1,0,0,0,0,0,0
2543,1,24,0,0,1,0,0,0,0,0,1
2544,0,2,0,0,0,0,1,0,0,0,1
2545,0,3,0,0,1,0,0,0,0,1,1
2546,0,0,0,0,0,0,0,0,0,0,0
2547,0,1,0,0,0,0,1,0,0,0,1
2548,0,9,0,0,1,0,0,0,0,0,1
2549,1,0,0,0,1,0,0,0,0,1,0
2550,0,1,0,0,1,0,0,0,0,1,1
2551,0,0,1,0,1,0,0,0,0,1,1
2552,1,0,0,1,0,0,0,0,0,0,0
2553,1,9,0,0,0,0,0,0,0,0,0
2554,1,0,1,0,1,0,0,0,0,0,0
2555,1,5,0,0,1,0,0,0,0,0,0
2556,0,7,1,0,1,0,0,0,0,1,1
2557,0,3,1,0,0,0,0,0,0,0,1
2558,1,0,0,0,0,0,0,0,0,0,1
2559,1,2,0,1,1,0,0,0,0,0,0
2560,1,3,0,0,0,0,1,0,0,0,1
2561,0,9,0,0,0,0,0,0,0,0,0
2562,1,0,0,1,1,0,0,0,0,0,1
2563,0,0,0,0,0,1,0,0,0,0,1
2564,1,5,0,0,1,0,0,0,0,0,0
2565,1,0,1,0,1,0,0,0,0,0,1
2566,0,5,0,0,1,0,0,0,0,0,0
2567,1,13,1,0,1,0,0,0,0,0,0
2568,0,2,0,0,1,0,0,0,0,0,0
2569,0,1,1,0,0,0,1,0,0,0,1
2570,1,3,0,0,0,0,0,0,1,0,1
2571,1,1,0,1,1,0,0,0,0,0,0
2572,0,0,1,0,0,0,0,0,0,0,1
2573,1,7,0,0,1,0,0,0,0,0,0
2574,0,0,0,0,1,0,0,0,0,0,1
2575,1,4,0,0,0,0,0,0,0,0,0
2576,0,2,0,1,1,0,0,0,0,1,1
2577,1,4,0,1,1,0,0,0,0,0,0
2578,1,0,0,0,0,0,0,0,0,0,1
2579,0,0,0,0,0,0,0,0,0,0,0
2580,0,1,0,0,0,0,0,0,1,0,0
2581,1,2,0,0,1,0,0,0,0,0,0
2582,1,0,1,0,0,0,0,0,0,0,1
2583,0,1,0,0,0,0,0,0,0,0,0
2584,1,0,1,0,0,0,0,0,0,0,1
2585,1,7,0,0,1,0,0,0,0,0,0
2586,1,0,0,0,0,0,0,0,0,0,1
2587,1,1,0,1,1,0,0,0,0,1,0
2588,1,2,0,0,1,0,0,0,0,0,0
2589,1,10,0,0,0,0,1,0,0,1,0
2590,1,10,0,0,1,0,0,0,0,0,0
2591,0,1,0,0,0,0,0,0,0,1,1
2592,1,12,0,0,1,0,0,0,0,0,1
2593,0,0,1,0,0,0,0,0,1,0,1
2594,0,1,0,1,0,0,0,0,0,0,1
2595,0,1,0,0,0,0,0,0,0,0,0
2596,0,0,0,1,0,0,1,0,0,0,0
2597,0,0,0,0,1,0,0,0,0,0,0
2598,1,1,0,1,1,0,0,0,0,0,0
2599,1,2,0,0,0,0,0,0,0,0,1
2600,0,5,0,0,1,0,0,0,0,0,1
2601,0,0,1,0,0,0,0,0,0,0,1
2602,0,0,0,1,1,0,0,0,0,0,0
2603,0,8,0,0,1,0,0,0,0,0,1
2604,0,0,0,0,0,0,0,0,0,1,0
2605,1,5,1,0,0,0,0,0,0,0,0
2606,0,0,0,1,1,0,0,0,0,1,1
2607,1,5,0,0,1,0,0,0,0,0,0
2608,0,1,1,0,0,0,0,0,0,1,0
2609,0,0,0,0,0,0,0,0,0,1,1
2610,1,20,1,0,0,0,0,0,0,0,0
2611,1,0,0,1,1,0,0,0,0,0,1
2612,1,7,1,0,0,0,0,0,1,0,0
2613,0,6,0,0,0,0,0,0,1,0,1
2614,0,6,1,0,1,0,0,0,0,0,0
2615,0,0,0,0,0,0,0,0,0,0,1
2616,0,0,0,0,0,0,1,0,0,0,0
2617,1,1,0,1,1,0,0,0,0,0,0
2618,0,1,0,0,0,0,0,0,0,0,1
2619,0,0,0,0,0,0,1,0,0,0,1
2620,1,0,0,0,0,0,0,0,0,0,1
2621,0,0,1,0,1,0,0,0,0,1,1
2622,0,0,1,0,0,0,0,0,0,0,1
2623,0,2,0,0,0,0,0,0,0,0,1
2624,0,0,1,0,0,0,1,0,0,0,0
2625,0,0,0,1,1,0,0,0,0,0,1
2626,0,10,1,0,1,0,0,0,0,0,0
2627,0,17,0,0,0,0,0,0,0,0,0
2628,1,0,0,0,0,0,1,0,0,0,0
2629,1,2,0,0,0,0,0,0,0,0,0
2630,1,3,1,0,1,0,0,0,0,0,1
2631,1,0,1,0,0,0,0,0,0,1,0
2632,1,0,0,1,1,0,0,0,0,0,1
2633,1,9,0,0,0,0,0,0,0,1,0
2634,0,6,1,0,1,0,0,0,0,0,0
2635,1,12,0,0,1,0,0,0,0,0,0
2636,0,1,0,0,0,0,0,0,0,0,0
2637,0,0,0,0,0,0,0,0,0,0,1
2638,1,2,0,1,1,0,0,0,0,0,0
2639,0,0,0,0,0,0,0,0,0,0,1
2640,1,1,1,0,1,0,0,0,0,1,1
2641,0,0,1,0,0,0,0,0,1,1,0
2642,1,1,0,1,0,0,0,0,0,0,0
2643,1,0,0,1,1,0,0,0,0,0,0
2644,0,0,0,1,1,0,0,0,0,0,0
2645,0,0,0,1,1,0,0,0,0,0,0
2646,0,3,1,0,1,0,0,0,0,0,0
2647,1,21,0,0,1,0,0,0,0,0,0
2648,0,5,0,0,0,0,1,0,0,0,0
2649,0,0,0,0,1,0,0,0,0,1,1
2650,0,1,1,0,0,0,0,0,0,0,0
2651,0,4,0,0,0,0,0,0,0,0,0
2652,0,1,1,0,1,0,0,0,0,0,0
2653,1,1,0,0,1,0,0,0,0,0,0
2654,1,2,0,0,0,0,1,0,0,0,1
2655,0,1,0,1,0,0,0,0,0,0,0
2656,0,3,1,0,0,0,0,0,0,0,0
2657,1,2,0,0,0,0,0,0,0,0,0
2658,0,3,0,0,0,0,0,0,0,0,0
2659,0,1,0,0,0,0,0,0,0,0,0
2660,0,0,0,1,1,0,0,0,0,0,0
2661,0,1,0,1,1,0,0,0,0,0,0
2662,0,0,1,0,0,0,0,0,0,0,1
2663,1,3,0,0,0,0,0,0,0,0,0
2664,1,3,0,0,1,0,0,0,0,0,0
2665,1,0,1,0,0,0,0,0,0,0,0
2666,0,2,0,1,0,0,0,0,0,0,0
2667,1,1,0,0,0,0,0,0,0,0,0
2668,0,15,0,0,1,0,0,0,0,0,0
2669,0,0,0,0,1,0,0,0,0,0,0
2670,1,10,0,0,1,0,0,0,0,0,0
2671,0,3,0,1,1,0,0,0,0,1,1
2672,1,6,0,0,0,0,0,0,0,0,1
2673,1,9,0,0,1,0,0,0,0,0,0
2674,0,5,0,1,0,0,0,0,1,0,1
2675,0,9,0,0,0,0,0,0,0,0,0
2676,1,10,0,0,1,0,0,0,0,1,0
2677,0,5,0,0,0,0,0,0,1,0,0
2678,1,0,0,0,1,0,0,0,0,0,0
2679,1,23,1,0,1,0,0,0,0,0,0
2680,1,8,0,0,0,0,0,0,0,1,0
2681,0,3,1,0,0,0,0,0,0,0,0
2682,0,0,0,1,0,0,0,0,0,1,1
2683,0,2,0,0,1,0,0,0,0,1,0
2684,1,2,0,0,1,0,0,0,0,0,1
2685,1,13,1,0,1,0,0,0,0,0,0
2686,1,0,0,1,1,0,0,0,0,0,1
2687,1,8,0,0,0,0,1,0,0,0,0
2688,0,1,1,0,1,0,0,0,0,1,0
2689,0,2,0,0,0,0,0,0,0,0,0
2690,0,10,0,0,0,0,0,0,0,0,1
2691,0,2,0,0,0,0,0,0,0,0,0
2692,0,3,0,0,1,0,0,0,0,1,0
2693,0,1,0,0,1,0,0,0,0,0,0
2694,0,2,0,0,0,0,0,0,0,0,1
2695,0,5,0,0,1,0,0,0,0,0,0
2696,1,1,0,0,0,0,1,0,0,0,1
2697,0,0,1,0,0,0,0,0,0,0,1
2698,1,2,0,0,1,0,0,0,0,0,0
2699,0,7,0,0,1,0,0,0,0,0,0
2700,1,3,1,0,0,0,0,0,0,0,1
2701,1,3,0,0,1,0,0,0,0,0,0
2702,1,1,1,0,0,0,0,0,0,1,1
2703,1,0,0,0,1,0,0,0,0,1,0
2704,0,0,0,1,1,0,0,0,0,1,1
2705,1,6,0,0,1,0,0,0,0,0,0
2706,1,3,0,1,0,0,0,0,1,0,1
2707,0,4,0,0,1,0,0,0,0,1,0
2708,0,0,0,0,0,0,1,0,0,1,1
2709,1,14,0,0,1,0,0,0,0,0,0
2710,0,1,0,1,0,0,0,0,0,0,1
2711,1,3,1,0,0,0,0,0,0,0,0
2712,0,3,0,0,1,0,0,0,0,1,0
2713,1,4,0,0,1,0,0,0,0,1,0
2714,1,2,0,1,0,0,0,0,0,0,0
2715,1,2,0,0,1,0,0,0,0,0,0
2716,0,0,0,0,1,0,0,0,0,0,0
2717,0,0,0,0,0,0,0,0,0,0,1
2718,0,3,0,0,1,0,0,0,0,1,0
2719,1,1,0,0,1,0,0,0,0,0,0
2720,1,6,0,0,0,0,0,0,0,0,0
2721,0,3,1,0,1,0,0,0,0,0,0
2722,1,1,0,1,1,0,0,0,0,0,1
2723,0,0,0,0,1,0,0,0,0,0,0
2724,0,0,0,0,0,0,0,0,1,1,1
2725,1,9,0,0,0,0,0,0,0,0,0
2726,0,0,0,0,0,0,0,0,1,1,0
2727,0,0,1,0,0,0,0,0,1,0,1
2728,1,9,0,1,1,0,0,0,0,0,1
2729,1,16,0,0,1,0,0,0,0,0,0
2730,0,0,0,0,0,0,1,0,0,0,1
2731,0,0,0,1,1,0,0,0,0,0,0
2732,0,6,0,1,0,0,1,0,0,0,1
2733,1,7,0,1,1,0,0,0,0,0,0
2734,0,0,1,0,0,0,1,0,0,0,1
2735,0,0,1,0,0,0,0,0,0,0,0
2736,1,4,0,0,1,0,0,0,0,1,0
2737,0,1,0,0,0,0,0,0,1,0,0
2738,0,1,1,0,1,0,0,0,0,0,1
2739,1,0,1,0,0,0,0,0,0,0,0
2740,1,3,1,0,1,0,0,0,0,0,0
2741,0,14,0,0,1,0,0,0,0,0,0
2742,0,0,0,0,0,0,0,0,0,0,1
2743,0,21,0,0,1,0,0,0,0,0,0
2744,1,3,0,0,1,0,0,0,0,1,0
2745,0,4,1,0,0,0,0,0,1,0,0
2746,1,1,0,1,1,0,0,0,0,0,0
2747,1,9,0,0,1,0,0,0,0,0,0
2748,0,1,0,0,0,0,1,0,0,0,1
2749,1,9,1,0,1,0,0,0,0,0,0
2750,1,0,0,1,1,0,0,0,0,0,0
2751,1,2,0,0,0,0,0,0,0,1,0
2752,1,3,0,1,1,0,0,0,0,0,1
2753,0,1,0,0,0,0,0,0,0,0,0
2754,0,4,1,0,0,0,0,0,0,0,0
2755,0,0,0,1,1,0,0,0,0,0,0
2756,0,2,1,0,0,0,1,0,0,1,1
2757,1,8,1,0,1,0,0,0,0,0,1
2758,1,4,0,0,1,0,0,0,0,0,0
2759,1,4,0,1,1,0,0,0,0,0,0
2760,0,5,0,0,1,0,0,0,0,0,0
2761,1,0,0,1,0,0,0,0,0,0,1
2762,1,10,1,0,0,0,1,0,0,0,1
2763,1,1,0,0,0,0,0,0,0,1,1
2764,1,0,0,0,0,0,0,0,1,0,0
2765,1,3,0,0,1,0,0,0,0,0,0
2766,0,0,1,0,0,0,0,0,1,0,1
2767,1,10,0,0,1,0,0,0,0,0,0
2768,0,1,0,1,1,0,0,0,0,0,1
2769,0,1,0,0,1,0,0,0,0,0,0
2770,1,2,0,1,1,0,0,0,0,0,0
2771,1,6,0,1,1,0,0,0,0,0,0
2772,1,17,0,0,0,0,0,0,0,0,0
2773,0,1,0,0,1,0,0,0,0,0,0
2774,1,6,0,0,1,0,0,0,0,0,0
2775,0,1,0,0,0,0,0,0,0,0,1
2776,0,2,0,0,0,0,0,0,0,0,1
2777,1,10,0,0,0,0,0,0,0,0,0
2778,1,4,0,1,0,0,0,0,0,0,1
2779,1,10,1,0,1,0,0,0,0,0,0
2780,1,9,0,0,1,0,0,0,0,0,0
2781,0,3,1,0,0,0,1,0,0,0,0
2782,1,1,0,0,0,0,0,0,0,0,0
2783,0,1,0,0,0,0,0,0,0,0,0
2784,0,1,0,0,0,0,0,0,0,0,0
2785,1,2,0,0,1,0,0,0,0,0,0
2786,1,0,0,1,1,0,0,0,0,0,1
2787,1,4,0,0,1,0,0,0,0,0,0
2788,1,0,0,0,1,0,0,0,0,0,0
2789,1,14,0,0,0,0,1,0,0,0,0
2790,0,0,0,0,0,0,0,0,0,1,1
2791,1,19,0,0,1,0,0,0,0,0,0
2792,0,0,0,0,0,0,0,0,0,0,1
2793,1,6,0,0,1,0,0,0,0,0,0
2794,1,0,0,0,0,0,0,0,0,0,1
2795,1,2,0,0,0,0,0,0,0,1,0
2796,1,8,0,0,1,0,0,0,0,0,0
2797,0,0,0,0,1,0,0,0,0,0,0
2798,0,8,1,0,1,0,0,0,0,0,0
2799,1,1,0,1,0,0,0,0,0,0,1
2800,1,6,0,0,1,0,0,0,0,0,0
2801,0,0,0,0,1,0,0,0,0,0,0
2802,0,4,0,0,0,0,0,0,0,0,0
2803,0,2,0,1,0,0,0,0,0,1,0
2804,1,13,1,0,1,0,0,0,0,0,1
2805,1,0,0,1,0,0,0,0,0,0,0
2806,0,5,0,0,0,0,0,0,0,1,0
2807,0,0,0,1,1,0,0,0,0,1,0
2808,0,3,0,0,1,0,0,0,0,0,0
2809,1,5,0,0,1,0,0,0,0,1,0
2810,0,0,0,0,0,0,0,0,0,1,1
2811,0,0,0,1,1,0,0,0,0,0,1
2812,0,3,0,0,0,0,0,0,0,0,0
2813,0,0,0,0,0,0,0,0,0,0,0
2814,1,1,0,1,1,0,0,0,0,0,0
2815,0,0,0,1,1,0,0,0,0,0,1
2816,0,1,1,0,1,0,0,0,0,1,0
2817,1,3,0,1,1,0,0,0,0,0,0
2818,1,1,0,1,1,0,0,0,0,0,0
2819,1,1,0,1,1,0,0,0,0,1,0
2820,1,7,0,0,0,0,0,0,0,1,0
2821,1,2,0,0,0,0,0,0,0,0,0
2822,1,7,0,1,0,0,0,0,1,0,0
2823,1,2,0,1,1,0,0,0,0,1,0
2824,0,0,0,0,0,0,0,0,0,0,0
2825,1,2,0,1,1,0,0,0,0,0,1
2826,0,1,0,0,1,0,0,0,0,0,0
2827,1,1,0,0,1,0,0,0,0,0,1
2828,1,24,0,0,1,0,0,0,0,0,1
2829,0,1,0,0,1,0,0,0,0,0,0
2830,0,0,1,0,0,0,0,0,0,0,0
2831,1,1,0,0,0,0,0,0,0,1,1
2832,0,0,0,1,1,0,0,0,0,1,1
2833,0,0,0,0,1,0,0,0,0,1,1
2834,1,7,0,0,1,0,0,0,0,0,0
2835,0,6,1,0,1,0,0,0,0,0,0
2836,1,2,0,0,0,0,0,0,0,1,0
2837,1,5,0,0,1,0,0,0,0,0,1
2838,0,7,0,0,0,0,1,0,0,0,0
2839,1,6,0,0,0,0,0,0,0,0,1
2840,0,0,1,0,0,0,0,0,0,0,1
2841,1,5,0,0,1,0,0,0,0,0,0
2842,1,0,0,1,1,0,0,0,0,0,0
2843,1,10,0,0,1,0,0,0,0,0,0
2844,1,2,0,1,1,0,0,0,0,0,0
2845,1,10,0,0,1,0,0,0,0,0,0
2846,0,0,1,0,1,0,0,0,0,1,1
2847,0,0,0,0,1,0,0,0,0,0,1
2848,1,7,0,1,1,0,0,0,0,0,0
2849,1,3,0,0,1,0,0,0,0,0,0
2850,0,7,0,0,1,0,0,0,0,0,0
2851,0,0,0,0,0,0,0,0,0,1,1
2852,0,1,0,0,0,0,1,0,0,0,1
2853,0,1,0,0,1,0,0,0,0,0,0
2854,1,0,0,1,1,0,0,0,0,0,0
2855,0,2,0,0,1,0,0,0,0,0,1
2856,1,1,0,0,1,0,0,0,0,0,1
2857,1,18,0,0,0,0,0,0,0,0,0
2858,1,3,0,0,1,0,0,0,0,1,0
2859,1,0,0,1,0,0,0,0,0,0,0
2860,1,0,0,0,1,0,0,0,0,0,1
2861,1,6,1,0,1,0,0,0,0,0,1
2862,0,4,1,0,1,0,0,0,0,1,0
2863,0,1,0,1,0,0,0,0,0,1,1
2864,1,0,0,1,0,0,0,0,1,0,0
2865,1,0,0,0,0,0,0,0,0,0,1
2866,1,5,0,0,1,0,0,0,0,0,0
2867,0,1,0,0,1,0,0,0,0,0,1
2868,0,2,1,0,0,0,0,0,0,1,0
2869,1,1,0,0,1,0,0,0,0,0,0
2870,1,23,0,0,1,0,0,0,0,0,0
2871,1,25,0,0,1,0,0,0,0,0,1
2872,1,18,0,0,1,0,0,0,0,0,0
2873,0,1,1,0,1,0,0,0,0,0,1
2874,0,11,0,0,1,0,0,0,0,0,0
2875,0,0,0,0,0,0,0,0,0,1,0
2876,1,9,0,0,0,0,1,0,0,0,0
2877,0,9,0,0,0,0,0,0,0,0,0
2878,1,7,0,1,1,0,0,0,0,0,0
2879,1,0,0,1,0,0,0,0,1,0,0
2880,0,0,0,0,0,0,0,0,0,0,0
2881,0,7,0,0,1,0,0,0,0,0,0
2882,1,0,0,0,1,0,0,0,0,1,1
2883,0,1,0,0,1,0,0,0,0,0,0
2884,0,3,0,0,1,0,0,0,0,0,1
2885,1,3,0,0,0,0,1,0,0,0,1
2886,0,3,0,0,1,0,0,0,0,1,0
2887,1,26,0,0,1,0,0,0,0,0,0
2888,0,0,0,0,0,0,0,0,1,1,1
2889,0,1,1,0,0,0,0,0,0,0,0
2890,0,1,1,0,0,0,0,0,0,0,0
2891,0,1,0,1,1,0,0,0,0,0,1
2892,0,0,0,0,1,0,0,0,0,0,0
2893,0,11,1,0,1,0,0,0,0,0,0
2894,0,13,1,0,0,0,0,0,0,0,0
2895,1,9,0,0,1,0,0,0,0,0,0
2896,0,1,0,0,0,0,0,0,0,1,0
2897,1,1,0,0,0,0,0,0,1,0,1
2898,1,0,0,1,0,0,0,0,1,0,1
2899,1,5,0,0,1,0,0,0,0,1,0
2900,0,0,1,0,1,0,0,0,0,0,0
2901,0,0,0,0,0,0,0,0,0,0,0
2902,1,2,0,1,1,0,0,0,0,0,0
2903,1,1,0,1,1,0,0,0,0,0,0
2904,0,10,0,0,1,0,0,0,0,1,0
2905,0,8,0,1,0,0,0,0,0,0,0
2906,1,2,0,0,0,0,0,0,0,1,0
2907,0,0,0,0,0,0,0,0,0,0,0
2908,0,0,0,0,0,0,0,0,0,0,0
2909,1,4,0,0,1,0,0,0,0,0,1
2910,1,0,0,0,1,0,0,0,0,0,0
2911,0,2,1,0,0,0,0,0,0,0,0
2912,1,10,1,0,0,0,0,0,0,1,0
2913,1,0,0,1,1,0,0,0,0,0,0
2914,1,1,0,1,1,0,0,0,0,1,0
2915,1,0,0,0,1,0,0,0,0,0,0
2916,1,1,0,1,1,0,0,0,0,0,0
2917,1,1,0,0,0,0,1,0,0,0,1
2918,1,2,0,1,0,0,0,0,0,0,0
2919,1,0,0,1,1,0,0,0,0,0,0
2920,0,2,0,0,0,0,0,0,0,0,0
2921,0,0,1,0,0,0,0,0,0,1,1
2922,1,1,0,1,1,0,0,0,0,0,0
2923,0,0,0,0,1,0,0,0,0,0,0
2924,0,1,0,1,0,0,0,0,0,0,0
2925,0,0,0,0,0,0,0,0,1,0,1
2926,1,3,0,0,0,0,0,0,0,0,0
2927,0,1,0,0,1,0,0,0,0,1,0
2928,0,3,1,0,0,0,0,0,0,0,1
2929,1,9,1,0,0,0,1,0,0,0,1
2930,0,0,0,0,1,0,0,0,0,0,1
2931,1,0,0,0,0,0,0,0,0,0,1
2932,1,3,0,1,1,0,0,0,0,0,0
2933,0,2,0,1,0,0,0,0,1,0,1
2934,1,3,0,1,1,0,0,0,0,0,0
2935,0,2,1,0,0,0,0,0,0,0,0
2936,0,0,0,0,1,0,0,0,0,0,1
2937,1,0,0,0,0,0,0,0,0,1,0
2938,0,0,0,0,0,0,0,0,0,0,0
2939,1,0,0,1,1,0,0,0,0,0,1
2940,1,0,0,1,0,0,0,0,0,0,0
2941,1,0,0,1,0,0,0,0,1,0,1
2942,1,3,0,0,0,0,0,0,0,0,0
2943,0,0,0,1,0,0,1,0,0,0,1
2944,1,0,0,0,0,0,0,0,0,0,0
2945,0,0,0,0,0,0,0,0,1,0,1
2946,1,7,0,0,1,0,0,0,0,0,0
2947,0,0,1,0,0,0,0,0,0,0,1
2948,0,11,0,0,1,0,0,0,0,1,0
2949,0,7,0,0,1,0,0,0,0,0,0
2950,1,1,0,0,1,0,0,0,0,0,0
2951,1,15,0,0,1,0,0,0,0,1,1
2952,0,9,0,0,0,0,0,0,0,0,1
2953,1,0,0,0,1,0,0,0,0,0,0
2954,0,8,0,0,0,0,0,0,1,0,1
2955,0,0,0,0,0,0,0,0,0,1,1
2956,1,5,0,0,0,0,0,0,0,0,0
2957,1,0,0,0,0,0,0,0,0,0,1
2958,0,4,0,0,1,0,0,0,0,0,0
2959,0,0,0,0,0,0,1,0,0,0,1
2960,1,1,0,0,1,0,0,0,0,0,1
2961,1,5,1,0,0,0,1,0,0,0,0
2962,1,2,0,1,0,0,0,0,0,1,1
2963,0,0,1,0,0,0,0,0,0,0,0
2964,1,1,1,0,0,0,0,0,0,0,0
2965,1,3,0,0,0,0,0,0,0,0,1
2966,1,1,0,0,0,0,0,0,0,0,0
2967,1,0,0,0,1,0,0,0,0,0,1
2968,0,0,0,0,1,0,0,0,0,0,1
2969,0,5,0,0,0,0,0,0,0,0,0
2970,0,0,0,1,1,0,0,0,0,0,0
2971,0,8,0,0,1,0,0,0,0,0,1
2972,0,7,1,0,0,0,0,0,0,0,0
2973,1,3,1,0,1,0,0,0,0,0,1
2974,1,7,1,0,0,0,0,0,0,0,0
2975,1,5,0,0,0,0,0,0,0,0,0
2976,0,3,1,0,0,0,0,0,0,0,1
2977,0,0,0,0,0,0,0,0,0,0,0
2978,0,27,0,0,1,0,0,0,0,0,1
2979,0,5,0,0,1,0,0,0,0,0,0
2980,1,0,0,0,1,0,0,0,0,1,1
2981,1,0,0,1,0,0,0,0,0,0,0
2982,1,2,0,0,0,0,0,0,0,1,0
2983,0,0,0,1,0,0,0,0,0,0,1
2984,1,0,0,1,1,0,0,0,0,0,1
2985,1,1,0,1,1,0,0,0,0,0,1
2986,1,0,0,0,1,0,0,0,0,0,1
2987,0,8,1,0,0,0,0,0,0,0,0
2988,0,1,0,0,1,0,0,0,0,0,1
2989,0,0,0,0,0,0,0,0,0,1,1
2990,0,0,1,0,0,0,0,0,0,0,0
2991,1,16,1,0,0,0,0,0,0,0,0
2992,1,3,0,0,1,0,0,0,0,0,0
2993,0,0,1,0,1,0,0,0,0,0,1
2994,1,3,0,0,0,0,0,0,0,1,0
2995,0,0,0,0,1,0,0,0,0,1,0
2996,0,0,0,1,0,0,1,0,0,0,0
2997,1,3,0,1,0,0,0,0,1,0,1
2998,0,11,0,0,1,0,0,0,0,0,0
2999,1,11,0,0,1,0,0,0,0,0,0
3000,0,4,0,0,1,0,0,0,0,0,1
3001,0,0,0,0,0,0,0,0,1,0,0
3002,1,1,0,1,1,0,0,0,0,1,0
3003,0,1,0,0,0,0,0,0,0,1,0
3004,1,0,0,0,1,0,0,0,0,0,1
3005,1,7,0,0,0,0,0,0,0,0,0
3006,0,1,0,1,1,0,0,0,0,0,0
3007,1,0,0,1,1,0,0,0,0,0,0
3008,0,3,0,0,0,0,0,0,0,1,0
3009,0,1,1,0,1,0,0,0,0,0,1
3010,0,3,1,0,0,0,0,0,0,0,0
3011,1,2,0,0,1,0,0,0,0,0,0
3012,0,0,0,1,1,0,0,0,0,0,1
3013,0,0,1,0,0,0,0,0,0,0,0
3014,0,9,0,0,1,0,0,0,0,0,0
3015,1,2,0,1,1,0,0,0,0,1,0
3016,1,8,0,0,1,0,0,0,0,0,0
3017,0,2,0,0,1,0,0,0,0,1,1
3018,0,5,0,0,1,0,0,0,0,0,1
3019,0,0,0,0,0,0,0,0,1,1,0
3020,1,1,0,1,1,0,0,0,0,0,0
3021,0,2,0,0,1,0,0,0,0,0,1
3022,0,0,0,0,0,0,0,0,0,0,1
3023,0,0,0,0,1,0,0,0,0,0,0
3024,1,2,0,1,1,0,0,0,0,0,0
3025,0,2,1,0,0,0,0,0,0,0,0
3026,1,0,0,0,1,0,0,0,0,1,0
3027,0,2,0,0,1,0,0,0,0,1,0
3028,1,5,0,0,0,0,0,0,0,0,0
3029,1,3,0,1,1,0,0,0,0,0,0
3030,1,3,0,0,0,0,0,0,0,1,1
3031,1,9,1,0,0,0,0,0,0,0,1
3032,1,1,0,1,1,0,0,0,0,1,0
3033,1,2,1,0,1,0,0,0,0,0,1
3034,0,1,1,0,0,0,0,0,0,1,1
3035,1,1,0,1,1,0,0,0,0,0,0
3036,1,3,0,0,0,0,0,0,1,0,1
3037,1,3,0,0,1,0,0,0,0,1,0
3038,0,0,1,0,1,0,0,0,0,0,1
3039,0,2,0,0,1,0,0,0,0,0,0
3040,1,1,0,0,0,0,0,0,0,1,0
3041,0,4,1,0,1,0,0,0,0,0,0
3042,1,21,0,0,1,0,0,0,0,0,1
3043,0,0,0,0,0,0,0,0,0,0,0
3044,0,1,0,0,0,0,0,0,0,0,0
3045,0,2,0,0,0,0,0,0,0,1,0
3046,1,4,0,1,1,0,0,0,0,1,0
3047,1,0,0,0,0,0,0,0,0,1,0
3048,0,4,0,0,0,0,0,0,0,1,0
3049,1,20,0,0,1,0,0,0,0,0,0
3050,1,1,0,1,1,0,0,0,0,0,0
3051,0,0,1,0,1,0,0,0,0,0,1
3052,0,1,0,0,1,0,0,0,0,0,0
3053,1,1,0,1,1,0,0,0,0,0,0
3054,1,0,0,1,1,0,0,0,0,1,0
3055,1,0,0,0,0,0,0,0,0,1,0
3056,0,0,0,1,1,0,0,0,0,0,0
3057,0,4,0,0,1,0,0,0,0,0,0
3058,0,0,0,0,1,0,0,0,0,0,1
3059,1,0,0,1,0,0,0,0,1,0,1
3060,0,0,0,0,0,0,0,0,0,0,0
3061,0,3,0,1,1,0,0,0,0,0,0
3062,1,5,0,0,0,0,0,0,1,0,0
3063,0,5,0,0,0,0,0,0,0,0,0
3064,0,1,1,0,0,0,0,0,0,0,0
3065,1,0,0,1,1,0,0,0,0,0,0
3066,1,7,0,1,1,0,0,0,0,0,0
3067,0,0,0,1,0,0,0,0,0,0,0
3068,1,1,1,0,0,0,1,0,0,0,1
3069,0,13,1,0,1,0,0,0,0,0,0
3070,0,2,0,1,1,0,0,0,0,1,0
3071,0,0,0,0,0,0,1,0,0,0,1
3072,0,7,1,0,0,0,0,0,0,0,0
3073,1,3,0,0,1,0,0,0,0,0,0
3074,1,1,0,1,1,0,0,0,0,0,0
3075,0,0,1,0,1,0,0,0,0,0,0
3076,1,3,0,1,0,0,0,0,0,0,0
3077,0,1,0,0,1,0,0,0,0,0,1
3078,0,0,0,0,0,0,0,0,0,1,1
3079,0,1,1,0,0,0,1,0,0,0,1
3080,0,0,1,0,0,0,0,0,1,0,1
3081,0,1,1,0,1,0,0,0,0,0,1
3082,0,0,0,0,0,0,0,0,1,0,0
3083,0,1,0,0,0,0,0,0,0,0,1
3084,0,0,0,0,1,0,0,0,0,0,1
3085,0,1,1,0,0,0,0,0,0,0,0
3086,0,1,0,0,0,0,0,0,1,1,1
3087,0,7,0,0,1,0,0,0,0,0,0
3088,1,5,0,0,0,0,0,0,0,0,0
3089,0,0,0,0,0,0,0,0,0,1,0
3090,1,2,0,1,0,0,0,0,0,0,0
3091,1,0,0,0,0,0,1,0,0,1,1
3092,0,5,0,0,0,0,1,0,0,0,1
3093,1,1,0,1,0,0,0,0,0,0,0
3094,1,2,0,1,1,0,0,0,0,1,1
3095,1,6,0,0,1,0,0,0,0,0,0
3096,0,0,0,0,1,0,0,0,0,1,1
3097,1,3,1,0,0,0,0,0,0,0,1
3098,0,2,0,1,1,0,0,0,0,1,0
3099,1,4,0,0,0,0,0,0,0,0,0
3100,0,0,1,0,0,0,0,0,0,0,1
3101,1,14,0,1,1,0,0,0,0,0,0
3102,0,11,0,0,1,0,0,0,0,0,0
3103,1,22,1,0,1,0,0,0,0,0,0
3104,0,0,0,1,0,0,0,0,0,0,0
3105,0,5,0,0,1,0,0,0,0,0,1
3106,1,19,1,0,1,0,0,0,0,0,0
3107,1,0,1,0,1,0,0,0,0,0,1
3108,0,1,0,0,0,0,0,0,0,0,1
3109,0,1,1,0,0,0,1,0,0,0,0
3110,0,0,0,0,1,0,0,0,0,0,0
3111,1,0,0,0,0,0,0,0,0,0,0
3112,1,5,0,0,1,0,0,0,0,0,0
3113,0,0,0,0,1,0,0,0,0,1,0
3114,0,1,1,0,0,0,0,0,1,0,1
3115,0,1,0,0,0,0,0,0,0,1,0
3116,1,2,0,0,1,0,0,0,0,0,0
3117,1,9,0,0,1,0,0,0,0,1,0
3118,1,3,0,1,1,0,0,0,0,0,0
3119,0,5,0,0,1,0,0,0,0,0,0
3120,1,11,0,0,1,0,0,0,0,0,1
3121,0,13,1,0,1,0,0,0,0,0,0
3122,1,4,0,0,1,0,0,0,0,0,0
3123,0,1,0,0,0,0,0,0,0,1,1
3124,1,6,0,0,1,0,0,0,0,0,0
3125,1,9,0,0,0,0,0,0,0,0,0
3126,1,4,0,0,0,0,0,0,0,0,1
3127,1,3,0,1,0,0,0,0,0,0,1
3128,0,0,0,0,0,0,0,0,0,0,0
3129,0,1,0,0,0,0,1,0,0,0,0
3130,0,0,0,0,0,0,0,0,0,1,1
3131,1,0,0,0,1,0,0,0,0,0,1
3132,0,1,1,0,0,0,0,0,0,0,0
3133,1,1,0,0,0,0,0,0,0,1,1
3134,0,8,0,0,1,0,0,0,0,0,0
3135,0,0,0,0,1,0,0,0,0,0,0
3136,0,2,0,0,0,0,0,0,0,0,0
3137,1,22,1,0,1,0,0,0,0,0,0
3138,1,4,0,0,0,0,0,0,1,0,1
3139,1,0,1,0,0,0,0,0,0,0,1
3140,1,2,0,0,1,0,0,0,0,0,0
3141,0,1,1,0,0,0,0,0,0,0,1
3142,0,2,1,0,0,0,0,0,0,0,0
3143,1,0,0,0,0,0,0,0,0,0,1
3144,1,6,0,0,1,0,0,0,0,0,0
3145,0,1,0,0,0,0,0,0,0,0,0
3146,0,1,0,0,0,0,1,0,0,0,1
3147,1,5,0,0,0,0,0,0,0,1,1
3148,0,0,0,0,1,0,0,0,0,0,1
3149,0,0,0,0,0,0,0,0,0,0,0
3150,0,3,1,0,0,0,0,0,0,1,1
3151,0,1,1,0,0,0,0,0,1,0,1
3152,0,2,0,0,0,0,1,0,0,0,1
3153,1,4,0,0,0,0,0,0,0,0,0
3154,1,6,0,1,1,0,0,0,0,0,0
3155,1,0,0,0,1,0,0,0,0,1,1
3156,0,5,0,0,1,0,0,0,0,0,0
3157,0,12,0,0,0,0,0,0,0,0,0
3158,1,2,0,0,1,0,0,0,0,1,0
3159,0,0,0,0,1,0,0,0,0,0,0
3160,0,0,0,0,0,0,0,0,0,1,1
3161,1,7,0,0,1,0,0,0,0,0,0
3162,1,0,0,1,1,0,0,0,0,0,0
3163,0,1,0,0,0,0,0,0,0,1,1
3164,0,0,0,0,0,0,0,0,0,0,0
3165,0,2,0,0,1,0,0,0,0,1,0
3166,0,4,1,0,0,0,0,0,0,1,0
3167,0,3,0,0,0,0,0,0,0,0,0
3168,1,5,0,0,0,0,1,0,0,0,1
3169,0,3,0,0,1,0,0,0,0,0,0
3170,1,17,0,0,1,0,0,0,0,0,0
3171,1,3,0,0,0,0,0,0,0,0,0
3172,0,0,0,0,0,0,0,0,1,0,1
3173,1,10,0,0,1,0,0,0,0,0,0
3174,1,5,1,0,0,0,0,0,0,0,1
3175,0,0,0,1,0,0,0,0,0,1,1
3176,1,10,1,0,0,0,0,0,0,0,0
3177,1,16,0,0,1,0,0,0,0,0,0
3178,1,6,0,0,1,0,0,0,0,0,1
3179,1,4,0,0,1,0,0,0,0,0,0
3180,0,0,0,1,1,0,0,0,0,0,0
3181,0,1,0,0,0,0,1,0,0,0,1
3182,0,0,1,0,0,0,0,0,0,1,1
3183,1,1,0,0,0,0,0,0,0,0,0
3184,0,1,0,1,0,0,0,0,0,0,0
3185,1,0,0,0,0,0,0,0,0,0,1
3186,1,14,0,0,1,0,0,0,0,0,0
3187,0,0,1,0,0,0,0,0,0,1,1
3188,0,0,0,1,1,0,0,0,0,1,1
3189,0,0,0,0,0,0,1,0,0,0,1
3190,0,0,0,0,0,0,1,0,0,1,0
3191,1,4,0,0,0,0,0,0,0,1,0
3192,1,0,0,1,0,0,1,0,0,0,1
3193,0,0,1,0,0,0,1,0,0,0,0
3194,1,2,1,0,0,0,0,0,0,0,0
3195,1,2,0,0,0,0,0,0,1,0,1
3196,0,5,0,0,1,0,0,0,0,0,0
3197,1,1,0,0,1,0,0,0,0,0,1
3198,0,1,0,1,1,0,0,0,0,0,0
3199,0,9,1,0,1,0,0,0,0,0,0
3200,0,1,1,0,0,0,0,0,0,0,1
3201,1,2,0,1,1,0,0,0,0,0,0
3202,1,1,1,0,0,0,0,0,0,1,1
3203,0,21,0,0,1,0,0,0,0,0,0
3204,0,1,0,0,1,0,0,0,0,1,0
3205,1,4,0,1,0,0,0,0,0,0,1
3206,1,22,0,0,1,0,0,0,0,1,0
3207,1,0,0,0,0,0,0,0,0,1,1
3208,0,0,0,1,1,0,0,0,0,0,0
3209,1,0,0,0,1,0,0,0,0,0,0
3210,0,0,1,0,0,0,0,0,0,1,1
3211,0,3,1,0,1,0,0,0,0,0,0
3212,1,9,0,0,1,0,0,0,0,0,1
3213,0,0,0,0,0,0,0,0,0,0,1
3214,0,1,0,0,1,0,0,0,0,0,0
3215,0,0,1,0,0,0,0,0,0,0,1
3216,0,2,0,0,1,0,0,0,0,0,0
3217,1,2,0,1,1,0,0,0,0,0,0
3218,0,6,0,0,0,1,0,0,0,0,1
3219,0,0,0,0,0,0,0,0,0,0,1
3220,1,13,0,0,1,0,0,0,0,0,0
3221,0,4,0,0,1,0,0,0,0,0,0
3222,0,1,0,0,1,0,0,0,0,0,1
3223,0,1,0,0,1,0,0,0,0,0,0
3224,0,0,0,0,0,0,0,0,0,0,1
3225,0,0,0,0,0,0,0,0,0,0,0
3226,1,0,0,0,0,0,0,0,0,1,1
3227,0,0,0,0,0,0,1,0,0,0,0
3228,0,19,1,0,1,0,0,0,0,0,0
3229,0,7,1,0,1,0,0,0,0,0,1
3230,0,1,0,0,1,0,0,0,0,1,1
3231,1,5,0,0,0,0,0,0,0,0,0
3232,0,1,0,0,1,0,0,0,0,0,0
3233,0,1,1,0,0,0,0,0,0,0,0
3234,0,1,0,0,0,0,0,0,0,0,0
3235,1,4,0,0,1,0,0,0,0,1,1
3236,1,2,0,0,0,0,1,0,0,1,0
3237,1,3,0,0,0,0,0,0,0,0,0
3238,0,0,0,0,1,0,0,0,0,0,0
3239,0,0,1,0,0,0,0,0,0,0,1
3240,0,0,1,0,0,0,1,0,0,1,1
3241,1,1,0,0,0,0,0,0,0,0,1
3242,1,1,0,0,1,0,0,0,0,1,0
3243,0,0,0,0,0,0,0,0,0,1,1
3244,0,10,1,0,0,0,1,0,0,0,0
3245,1,6,1,0,0,0,0,0,0,0,0
3246,1,8,0,1,1,0,0,0,0,0,0
3247,1,0,0,0,0,0,0,0,0,0,0
3248,1,8,0,0,1,0,0,0,0,0,0
3249,0,20,1,0,1,0,0,0,0,0,1
3250,1,10,0,0,1,0,0,0,0,0,1
3251,1,1,0,1,1,0,0,0,0,0,0
3252,0,4,1,0,1,0,0,0,0,0,0
3253,1,0,0,0,1,0,0,0,0,0,0
3254,1,0,0,0,0,0,0,0,0,0,1
3255,1,2,0,0,1,0,0,0,0,0,0
3256,1,0,0,0,0,0,0,0,0,0,1
3257,0,0,0,1,1,0,0,0,0,0,0
3258,1,2,0,1,0,0,0,0,0,0,0
3259,0,3,0,0,0,0,0,0,0,0,1
3260,0,0,0,0,1,0,0,0,0,1,1
3261,1,11,0,1,1,0,0,0,0,0,0
3262,0,0,1,0,0,0,0,0,0,0,0
3263,1,2,0,1,1,0,0,0,0,0,1
3264,1,7,0,0,1,0,0,0,0,0,0
3265,0,1,0,1,1,0,0,0,0,0,0
3266,0,1,1,0,0,0,0,0,0,0,0
3267,0,3,1,0,0,0,0,0,0,0,0
3268,1,1,0,1,1,0,0,0,0,0,1
3269,0,0,0,0,0,0,0,0,0,1,1
3270,1,0,0,0,0,0,0,0,0,0,1
3271,1,16,0,0,1,0,0,0,0,0,0
3272,0,3,0,0,0,0,1,0,0,0,1
3273,0,0,0,0,1,0,0,0,0,0,1
3274,1,2,0,0,0,0,0,0,0,1,1
3275,1,16,0,0,0,0,0,0,0,0,0
3276,0,1,1,0,1,0,0,0,0,1,0
3277,1,0,0,0,1,0,0,0,0,0,0
3278,0,0,0,0,1,0,0,0,0,0,1
3279,1,19,0,0,1,0,0,0,0,0,0
3280,0,1,0,1,1,0,0,0,0,0,0
3281,0,0,0,0,0,0,0,0,0,0,1
3282,1,13,1,0,1,0,0,0,0,0,0
3283,1,2,0,0,0,0,1,0,0,0,0
3284,1,4,0,0,1,0,0,0,0,0,0
3285,0,0,0,0,0,0,0,0,1,0,1
3286,0,2,0,0,0,0,0,0,0,0,0
3287,0,2,1,0,0,0,0,0,0,0,0
3288,1,14,0,0,1,0,0,0,0,0,0
3289,1,0,0,1,1,0,0,0,0,0,1
3290,0,8,0,0,1,0,0,0,0,0,0
3291,1,4,0,0,0,0,0,0,1,1,0
3292,0,0,0,0,1,0,0,0,0,0,0
3293,0,0,0,0,1,0,0,0,0,0,0
3294,1,0,0,0,1,0,0,0,0,0,0
3295,1,2,0,0,0,0,0,0,0,1,0
3296,1,2,1,0,0,0,0,0,0,0,0
3297,0,0,1,0,0,0,0,0,0,0,1
3298,1,2,0,1,1,0,0,0,0,0,0
3299,1,2,1,0,1,0,0,0,0,1,0
3300,1,0,0,0,1,0,0,0,0,0,1
3301,0,0,0,0,0,0,0,0,0,0,0
3302,1,0,0,1,1,0,0,0,0,1,0
3303,0,1,0,1,0,0,0,0,0,0,0
3304,0,0,0,1,0,0,0,0,0,0,1
3305,0,0,0,0,1,0,0,0,0,0,0
3306,1,5,0,1,1,0,0,0,0,0,0
3307,1,4,0,0,1,0,0,0,0,0,0
3308,1,9,1,0,0,0,0,0,0,0,0
3309,0,3,0,0,1,0,0,0,0,1,1
3310,0,13,0,0,1,0,0,0,0,0,0
3311,0,2,0,0,1,0,0,0,0,0,0
3312,1,0,0,1,0,0,0,0,0,0,0
3313,1,22,0,0,1,0,0,0,0,0,1
3314,1,1,0,0,1,0,0,0,0,0,1
3315,1,4,1,0,0,0,0,0,0,0,1
3316,0,2,0,0,0,0,0,0,0,0,0
3317,0,0,1,0,1,0,0,0,0,0,1
3318,0,0,1,0,0,0,0,0,0,0,0
3319,1,2,0,0,0,0,0,0,0,0,0
3320,1,0,0,0,0,0,0,0,0,1,0
3321,0,1,0,0,0,0,0,0,0,1,0
3322,1,0,0,0,1,0,0,0,0,0,0
3323,1,3,0,1,1,0,0,0,0,0,0
3324,1,0,0,0,1,0,0,0,0,0,1
3325,1,4,0,0,1,0,0,0,0,0,1
3326,0,2,1,0,0,0,0,0,0,0,0
3327,1,1,0,0,0,0,0,0,0,0,0
3328,0,2,0,0,0,0,0,0,1,0,0
3329,0,0,0,1,0,0,1,0,0,0,1
3330,0,2,0,0,0,0,0,0,0,0,1
3331,0,0,0,0,0,0,1,0,0,1,0
3332,0,18,1,0,0,0,1,0,0,0,0
3333,0,0,1,0,0,0,1,0,0,0,1
3334,1,6,0,0,0,0,0,0,1,0,0
3335,1,1,0,1,1,0,0,0,0,0,0
3336,0,0,1,0,0,0,0,0,0,0,1
3337,1,1,0,1,0,0,0,0,0,0,0
3338,0,1,0,1,1,0,0,0,0,1,0
3339,1,9,1,0,0,0,0,0,0,0,0
3340,1,0,0,0,0,0,0,0,0,0,1
3341,0,2,0,0,0,0,0,0,0,0,0
3342,0,3,1,0,0,0,0,0,0,0,0
3343,1,6,1,0,0,0,0,0,0,0,1
3344,0,1,0,1,1,0,0,0,0,0,0
3345,0,2,1,0,0,0,0,0,0,0,0
3346,1,1,0,0,0,0,0,0,0,0,0
3347,0,5,0,0,1,0,0,0,0,0,0
3348,1,1,0,0,0,0,0,0,0,1,1
3349,1,0,0,0,1,0,0,0,0,0,0
3350,0,4,0,0,1,0,0,0,0,0,1
3351,0,0,1,0,0,0,0,0,0,0,1
3352,1,5,0,0,0,0,0,0,0,0,0
3353,0,0,0,1,0,0,0,0,0,1,1
3354,0,0,0,0,0,0,0,0,0,1,1
3355,0,1,0,1,1,0,0,0,0,0,1
3356,0,1,1,0,0,0,0,0,0,0,1
3357,1,0,0,1,1,0,0,0,0,1,0
3358,0,6,0,0,0,0,0,0,0,0,0
3359,1,29,0,0,1,0,0,0,0,0,0
3360,0,1,0,1,0,0,0,0,0,0,0
3361,1,0,0,1,1,0,0,0,0,1,0
3362,1,11,0,0,1,0,0,0,0,0,0
3363,0,0,0,0,1,0,0,0,0,1,1
3364,0,0,0,0,0,0,0,0,1,0,0
3365,0,4,0,0,1,0,0,0,0,1,0
3366,0,0,1,0,0,0,0,0,0,0,1
3367,0,1,0,1,0,0,0,0,0,0,0
3368,0,2,0,0,0,0,0,0,0,0,0
3369,1,6,0,0,0,0,0,0,0,0,0
3370,1,3,0,0,0,0,0,0,0,0,1
3371,1,5,1,0,0,0,0,0,0,0,0
3372,0,0,1,0,0,0,0,0,1,0,0
3373,1,2,0,0,1,0,0,0,0,0,0
3374,0,10,1,0,1,0,0,0,0,0,0
3375,0,0,0,1,1,0,0,0,0,0,1
3376,1,2,0,1,0,0,0,0,0,0,0
3377,0,1,1,0,0,1,0,0,0,0,1
3378,0,0,0,1,0,0,0,0,1,0,0
3379,1,0,0,0,1,0,0,0,0,0,1
3380,0,2,1,0,0,0,0,0,0,0,0
3381,1,4,0,0,0,0,0,0,0,0,1
3382,0,3,1,0,0,0,0,0,0,0,0
3383,1,3,0,1,1,0,0,0,0,0,0
3384,0,13,1,0,1,0,0,0,0,0,0
3385,0,2,1,0,0,0,0,0,0,0,0
3386,0,6,0,0,1,0,0,0,0,0,0
3387,0,1,0,1,1,0,0,0,0,0,1
3388,1,0,0,1,1,0,0,0,0,1,0
3389,1,17,0,0,0,0,0,0,0,0,0
3390,1,0,0,0,0,0,0,0,1,0,0
3391,0,6,1,0,0,0,0,0,0,0,0
3392,0,0,0,0,0,0,0,0,0,1,1
3393,0,19,1,0,1,0,0,0,0,0,0
3394,0,12,1,0,0,0,0,0,0,0,1
3395,1,6,0,0,1,0,0,0,0,0,1
3396,1,0,0,0,1,0,0,0,0,0,1
3397,0,11,1,0,1,0,0,0,0,0,0
3398,0,0,0,0,0,0,0,0,0,0,0
3399,0,7,1,0,0,0,0,0,1,0,0
3400,1,12,0,0,1,0,0,0,0,0,0
3401,0,0,0,0,0,0,0,0,0,1,0
3402,1,1,0,0,1,0,0,0,0,0,1
3403,0,3,0,0,0,0,0,0,0,1,1
3404,0,0,0,0,1,0,0,0,0,0,0
3405,0,4,0,0,1,0,0,0,0,0,0
3406,1,4,0,0,1,0,0,0,0,0,0
3407,1,7,0,0,0,0,0,0,0,0,0
3408,1,15,0,0,1,0,0,0,0,0,1
3409,1,1,0,1,1,0,0,0,0,0,1
3410,1,2,0,0,0,0,0,0,0,0,0
3411,1,0,0,0,0,0,0,0,0,0,0
3412,0,0,0,0,0,0,0,0,0,0,1
3413,0,4,0,0,1,0,0,0,0,0,0
3414,0,7,0,0,1,0,0,0,0,0,0
3415,0,0,0,1,0,0,0,0,0,1,0
3416,1,0,0,0,1,0,0,0,0,0,0
3417,0,0,0,1,0,0,0,0,0,0,0
3418,0,0,0,1,0,0,0,0,0,1,0
3419,0,0,1,0,1,0,0,0,0,1,1
3420,1,0,0,0,1,0,0,0,0,0,1
3421,1,1,1,0,1,0,0,0,0,0,1
3422,0,3,0,0,0,0,0,0,0,1,0
3423,1,3,0,0,1,0,0,0,0,0,0
3424,1,11,0,0,1,0,0,0,0,0,0
3425,0,2,0,1,0,0,0,0,0,1,0
3426,0,7,0,0,1,0,0,0,0,0,0
3427,0,0,0,0,1,0,0,0,0,0,1
3428,0,3,1,0,1,0,0,0,0,0,1
3429,0,0,1,0,0,0,0,0,0,0,0
3430,1,10,0,0,1,0,0,0,0,0,1
3431,0,0,1,0,0,0,0,0,0,0,0
3432,0,0,0,0,1,0,0,0,0,0,0
3433,1,5,1,0,1,0,0,0,0,0,0
3434,0,0,0,0,1,0,0,0,0,0,1
3435,1,0,0,1,1,0,0,0,0,0,0
3436,0,0,0,0,1,0,0,0,0,1,1
3437,1,0,0,1,1,0,0,0,0,0,0
3438,0,0,0,0,0,0,0,0,0,0,0
3439,0,0,0,0,1,0,0,0,0,0,1
3440,0,0,0,0,1,0,0,0,0,0,1
3441,0,1,0,0,1,0,0,0,0,0,1
3442,0,4,0,0,0,0,0,0,0,0,1
3443,0,15,0,0,1,0,0,0,0,0,0
3444,1,6,0,0,1,0,0,0,0,0,0
3445,0,6,0,0,1,0,0,0,0,0,0
3446,0,2,0,0,0,0,0,0,0,1,0
3447,0,1,0,0,1,0,0,0,0,1,0
3448,1,5,0,0,0,0,0,0,0,0,1
3449,1,1,0,1,0,0,0,0,0,0,1
3450,1,8,0,1,0,0,0,0,0,0,0
3451,1,8,0,0,1,0,0,0,0,0,1
3452,0,1,1,0,1,0,0,0,0,1,0
3453,1,2,0,0,0,0,0,0,0,0,0
3454,0,0,1,0,1,0,0,0,0,0,1
3455,0,4,0,1,1,0,0,0,0,0,0
3456,0,5,0,0,0,0,0,0,0,0,1
3457,1,6,0,0,0,0,0,0,0,0,0
3458,0,0,0,0,1,0,0,0,0,0,1
3459,0,2,0,1,0,0,0,0,0,1,1
3460,1,3,0,0,1,0,0,0,0,0,0
3461,0,1,1,0,0,0,0,0,0,1,0
3462,0,1,0,0,1,0,0,0,0,1,0
3463,0,7,1,0,0,0,0,0,0,0,0
3464,0,1,0,0,1,0,0,0,0,0,1
3465,1,3,0,1,0,0,0,0,0,1,1
3466,1,2,0,1,1,0,0,0,0,0,0
3467,0,3,1,0,0,0,0,0,0,0,0
3468,0,0,0,0,0,0,1,0,0,0,0
3469,0,1,1,0,0,0,0,0,0,1,0
3470,1,4,0,0,0,0,1,0,0,0,1
3471,0,1,0,0,1,0,0,0,0,0,1
3472,1,15,1,0,1,0,0,0,0,0,0
3473,0,1,1,0,0,0,1,0,0,0,0
3474,1,0,0,0,1,0,0,0,0,0,1
3475,0,1,0,0,1,0,0,0,0,0,0
3476,1,1,0,1,1,0,0,0,0,0,0
3477,0,0,1,0,1,0,0,0,0,0,1
3478,0,0,0,1,0,0,0,0,1,1,0
3479,1,0,0,1,1,0,0,0,0,0,0
3480,0,2,0,0,0,0,0,0,0,0,1
3481,1,0,0,1,0,0,0,0,1,0,0
3482,0,2,1,0,0,0,0,0,1,0,1
3483,0,1,0,1,0,0,1,0,0,0,0
3484,1,0,0,0,0,0,0,0,0,1,1
3485,0,0,1,0,0,0,0,0,0,0,1
3486,1,5,0,0,0,0,0,0,0,0,1
3487,0,0,1,0,0,0,0,0,1,1,1
3488,0,1,1,0,1,0,0,0,0,0,0
3489,0,0,0,0,0,1,0,0,0,0,1
3490,0,2,0,0,0,0,1,0,0,0,0
3491,0,3,1,0,1,0,0,0,0,0,0
3492,0,0,1,0,1,0,0,0,0,0,0
3493,0,2,0,0,0,0,0,0,0,0,1
3494,0,0,1,0,0,0,0,0,0,1,1
3495,1,3,0,0,0,0,1,0,0,0,0
3496,1,17,0,0,1,0,0,0,0,0,1
3497,0,3,0,0,0,0,0,0,0,0,0
3498,1,2,0,0,0,0,0,0,0,0,0
3499,1,1,0,1,1,0,0,0,0,0,0
3500,0,5,0,0,1,0,0,0,0,0,0
3501,1,9,0,0,1,0,0,0,0,0,1
3502,0,1,1,0,0,0,0,0,0,0,1
3503,1,1,0,0,0,0,0,0,0,0,0
3504,0,0,0,0,1,0,0,0,0,1,0
3505,1,0,1,0,0,0,0,0,0,1,1
3506,0,0,0,0,1,0,0,0,0,1,0
3507,0,1,0,0,0,0,0,0,0,0,0
3508,1,16,0,0,0,0,1,0,0,0,0
3509,0,0,0,0,1,0,0,0,0,1,0
3510,0,0,0,0,1,0,0,0,0,0,1
3511,0,5,0,0,0,0,0,0,0,0,0
3512,1,1,0,1,0,0,1,0,0,0,0
3513,0,0,0,1,1,0,0,0,0,0,0
3514,1,0,0,0,0,0,0,0,0,1,0
3515,1,7,0,1,1,0,0,0,0,0,0
3516,0,0,0,0,0,0,0,0,0,0,1
3517,1,5,0,0,0,0,0,0,0,1,0
3518,0,3,1,0,1,0,0,0,0,0,1
3519,0,0,0,0,1,0,0,0,0,1,1
3520,1,1,0,0,1,0,0,0,0,0,1
3521,0,6,0,0,0,0,0,0,0,1,0
3522,0,0,0,1,1,0,0,0,0,1,1
3523,0,1,0,0,1,0,0,0,0,0,1
3524,1,1,0,0,1,0,0,0,0,0,0
3525,0,0,0,1,1,0,0,0,0,0,1
3526,0,2,0,0,0,0,1,0,0,1,1
3527,1,9,0,0,1,0,0,0,0,0,0
3528,1,9,0,0,1,0,0,0,0,0,0
3529,1,0,0,1,0,0,0,0,0,0,0
3530,1,9,0,0,1,0,0,0,0,0,0
3531,1,9,0,0,0,0,0,0,0,0,0
3532,1,2,0,1,1,0,0,0,0,0,1
3533,1,21,0,0,1,0,0,0,0,0,0
3534,1,3,0,0,0,0,0,0,0,0,0
3535,1,2,1,0,0,0,0,0,0,0,1
3536,0,2,0,1,0,0,1,0,0,0,0
3537,1,3,0,1,0,0,0,0,0,0,1
3538,0,5,1,0,1,0,0,0,0,1,0
3539,0,2,0,0,0,0,0,0,0,1,1
3540,1,0,1,0,1,0,0,0,0,0,0
3541,0,0,0,0,1,0,0,0,0,0,1
3542,1,5,0,0,1,0,0,0,0,0,0
3543,0,14,1,0,1,0,0,0,0,0,0
3544,1,2,0,0,1,0,0,0,0,0,1
3545,1,11,1,0,1,0,0,0,0,0,1
3546,0,0,0,0,0,0,0,0,1,0,1
3547,0,0,0,1,1,0,0,0,0,0,0
3548,1,2,0,1,1,0,0,0,0,0,0
3549,0,0,0,0,1,0,0,0,0,1,0
3550,0,0,1,0,1,0,0,0,0,0,1
3551,1,8,1,0,0,0,0,0,0,1,0
3552,1,3,0,0,0,0,1,0,0,0,0
3553,1,3,1,0,1,0,0,0,0,0,0
3554,0,0,0,0,0,0,0,0,0,0,0
3555,0,1,0,1,1,0,0,0,0,0,0
3556,1,0,0,0,0,0,1,0,0,1,0
3557,1,8,1,0,1,0,0,0,0,0,0
3558,1,6,0,0,1,0,0,0,0,0,1
3559,1,10,0,0,1,0,0,0,0,0,0
3560,1,12,0,0,1,0,0,0,0,0,0
3561,1,4,0,0,1,0,0,0,0,0,0
3562,1,7,0,0,1,0,0,0,0,0,1
3563,1,1,0,0,1,0,0,0,0,0,1
3564,0,2,1,0,1,0,0,0,0,0,0
3565,1,2,0,0,0,0,0,0,0,0,0
3566,0,1,0,1,0,0,0,0,0,0,0
3567,0,3,0,0,1,0,0,0,0,0,0
3568,1,13,0,0,1,0,0,0,0,0,0
3569,0,2,0,0,1,0,0,0,0,0,0
3570,1,0,1,0,0,0,0,0,0,0,1
3571,1,6,0,1,1,0,0,0,0,0,0
3572,1,2,0,0,0,0,1,0,0,0,0
3573,0,0,0,1,0,0,1,0,0,1,1
3574,1,6,0,0,0,0,0,0,0,1,0
3575,1,2,0,1,1,0,0,0,0,0,1
3576,1,12,1,0,1,0,0,0,0,0,0
3577,1,1,0,1,1,0,0,0,0,0,1
3578,0,1,1,0,1,0,0,0,0,0,0
3579,0,6,1,0,0,0,0,0,0,0,0
3580,0,0,0,0,0,0,0,0,0,1,1
3581,0,5,0,0,0,0,0,0,0,0,0
3582,1,0,0,0,1,0,0,0,0,0,0
3583,0,1,1,0,0,0,0,0,0,0,0
3584,0,2,0,0,1,0,0,0,0,1,1
3585,1,0,0,0,1,0,0,0,0,0,0
3586,0,4,0,1,0,0,0,0,1,0,0
3587,0,9,1,0,1,0,0,0,0,0,0
3588,1,9,0,1,1,0,0,0,0,0,1
3589,0,2,0,1,1,0,0,0,0,1,0
3590,0,1,1,0,0,0,1,0,0,0,1
3591,0,2,0,0,1,0,0,0,0,1,0
3592,1,5,0,0,0,0,0,0,1,0,1
3593,1,22,0,0,0,0,0,0,0,1,1
3594,0,0,1,0,1,0,0,0,0,0,1
3595,1,2,0,1,0,0,0,0,1,1,0
3596,0,3,0,0,0,0,0,0,0,1,0
3597,1,1,0,0,0,0,0,0,0,1,0
3598,0,0,0,0,0,0,1,0,0,0,1
3599,1,5,0,0,1,0,0,0,0,0,0
3600,0,4,0,0,1,0,0,0,0,0,0
3601,1,1,0,1,1,0,0,0,0,0,1
3602,0,5,0,0,0,0,0,0,0,0,0
3603,1,0,0,0,0,0,0,0,0,0,1
3604,0,0,0,1,1,0,0,0,0,0,0
3605,1,4,0,0,0,0,0,0,0,0,1
3606,1,11,1,0,1,0,0,0,0,0,1
3607,0,1,0,0,1,0,0,0,0,0,0
3608,1,12,0,0,1,0,0,0,0,0,0
3609,1,13,0,0,1,0,0,0,0,0,0
3610,0,0,0,0,0,0,1,0,0,1,1
3611,1,15,1,0,1,0,0,0,0,0,1
3612,1,3,0,1,1,0,0,0,0,0,0
3613,0,15,0,0,1,0,0,0,0,0,0
3614,0,0,1,0,0,0,0,0,0,0,1
3615,0,12,0,0,1,0,0,0,0,0,0
3616,0,1,1,0,1,0,0,0,0,1,0
3617,1,0,0,1,0,0,0,0,1,0,0
3618,1,0,0,1,1,0,0,0,0,1,0
3619,1,28,1,0,0,0,0,0,0,0,0
3620,1,7,0,0,1,0,0,0,0,0,0
3621,1,4,1,0,0,0,0,0,0,0,0
3622,1,4,0,0,0,0,1,0,0,1,0
3623,1,16,0,0,1,0,0,0,0,0,0
3624,0,0,0,1,1,0,0,0,0,1,1
3625,1,5,0,0,1,0,0,0,0,0,0
3626,0,13,1,0,0,0,0,0,0,0,0
3627,0,0,1,0,0,0,0,0,0,1,0
3628,0,0,1,0,1,0,0,0,0,0,0
3629,0,0,0,0,1,0,0,0,0,1,1
3630,0,0,1,0,0,0,0,0,0,1,1
3631,1,1,0,0,1,0,0,0,0,0,0
3632,1,0,0,1,1,0,0,0,0,0,0
3633,1,0,0,0,0,0,0,0,0,1,1
3634,0,1,0,0,0,0,0,0,0,0,1
3635,0,0,0,0,0,1,0,0,0,0,0
3636,0,0,0,1,0,0,0,0,0,0,0
3637,1,7,0,0,1,0,0,0,0,0,1
3638,0,0,0,1,0,0,0,0,0,1,0
3639,0,0,1,0,1,0,0,0,0,1,0
3640,1,8,0,0,1,0,0,0,0,0,1
3641,1,1,0,0,0,0,1,0,0,0,0
3642,0,5,0,0,0,0,0,0,0,0,0
3643,0,5,0,0,1,0,0,0,0,1,0
3644,1,1,0,0,1,0,0,0,0,0,1
3645,0,1,0,0,0,0,0,0,0,0,0
3646,0,2,0,0,0,0,0,0,0,0,0
3647,0,1,0,0,1,0,0,0,0,1,0
3648,1,11,0,0,0,0,0,0,0,1,0
3649,1,3,0,1,1,0,0,0,0,0,0
3650,0,0,0,0,0,0,0,0,0,0,0
3651,1,1,1,0,0,0,0,0,0,0,0
3652,0,0,0,0,0,0,1,0,0,1,1
3653,0,0,0,1,1,0,0,0,0,1,1
3654,1,6,0,0,1,0,0,0,0,0,0
3655,1,0,0,1,0,0,0,0,1,0,0
3656,1,1,0,1,1,0,0,0,0,0,1
3657,0,2,0,1,0,0,1,0,0,1,1
3658,0,5,0,0,1,0,0,0,0,1,0
3659,1,1,0,1,0,0,0,0,0,0,0
3660,0,3,1,0,0,0,0,0,0,0,1
3661,1,4,0,0,0,0,0,0,0,0,0
3662,0,2,0,0,0,0,0,0,1,0,0
3663,0,2,0,0,0,0,1,0,0,0,0
3664,1,2,0,1,0,0,1,0,0,0,0
3665,1,1,0,1,1,0,0,0,0,0,0
3666,1,0,1,0,1,0,0,0,0,0,1
3667,1,12,1,0,1,0,0,0,0,0,0
3668,0,1,0,0,0,0,0,0,0,0,1
3669,1,8,1,0,0,0,0,0,0,1,1
3670,0,0,0,0,1,0,0,0,0,1,0
3671,1,1,1,0,0,0,0,0,0,0,0
3672,0,6,1,0,1,0,0,0,0,1,0
3673,1,4,0,0,0,0,0,0,0,0,1
3674,0,0,0,0,0,0,0,0,0,0,0
3675,1,9,0,0,1,0,0,0,0,0,0
3676,0,2,1,0,0,0,0,0,0,0,0
3677,1,12,1,0,1,0,0,0,0,0,0
3678,0,1,0,0,0,0,0,0,0,0,0
3679,1,0,0,0,0,0,0,0,1,0,0
3680,1,2,0,0,1,0,0,0,0,1,0
3681,0,1,0,0,0,0,0,0,0,0,0
3682,0,0,1,0,0,0,0,0,0,0,1
3683,0,0,0,0,1,0,0,0,0,0,0
3684,0,1,0,0,0,0,0,0,0,0,0
3685,1,3,0,0,1,0,0,0,0,0,0
3686,1,6,1,0,0,0,0,0,0,1,0
3687,1,1,0,1,1,0,0,0,0,0,0
3688,0,0,0,1,1,0,0,0,0,0,0
3689,1,1,0,0,1,0,0,0,0,1,0
3690,0,0,1,0,1,0,0,0,0,1,0
3691,0,0,1,0,0,0,0,0,0,1,1
3692,0,0,1,0,1,0,0,0,0,0,1
3693,0,0,0,1,1,0,0,0,0,0,1
3694,0,0,0,0,1,0,0,0,0,0,0
3695,1,0,1,0,1,0,0,0,0,0,0
3696,1,10,0,0,1,0,0,0,0,0,0
3697,1,1,0,0,0,0,1,0,0,0,0
3698,0,1,1,0,1,0,0,0,0,0,0
3699,1,2,0,0,1,0,0,0,0,0,0
3700,0,0,0,1,1,0,0,0,0,1,0
3701,0,0,0,0,1,0,0,0,0,0,0
3702,1,5,0,0,0,0,0,0,0,0,0
3703,0,0,1,0,1,0,0,0,0,0,0
3704,0,2,0,0,1,0,0,0,0,0,0
3705,0,1,0,1,0,0,0,0,0,0,1
3706,0,0,1,0,0,0,0,0,1,1,0
3707,1,1,0,0,0,0,0,0,0,0,1
3708,1,0,0,0,0,0,1,0,0,0,0
3709,1,2,1,0,0,0,1,0,0,0,0
3710,0,0,0,0,1,0,0,0,0,0,0
3711,1,1,0,0,0,0,0,0,0,1,1
3712,1,0,0,0,1,0,0,0,0,0,0
3713,1,21,0,0,1,0,0,0,0,0,1
3714,0,0,0,1,0,0,0,0,0,0,1
3715,0,0,0,0,0,0,0,0,0,1,1
3716,1,1,0,1,1,0,0,0,0,0,0
3717,0,3,1,0,1,0,0,0,0,0,0
3718,1,2,0,1,1,0,0,0,0,0,0
3719,0,2,0,0,0,0,0,0,0,0,0
3720,0,3,0,0,1,0,0,0,0,1,0
3721,1,0,0,0,1,0,0,0,0,0,1
3722,1,3,0,0,0,0,0,0,0,0,1
3723,1,0,0,1,1,0,0,0,0,0,1
3724,0,3,0,0,1,0,0,0,0,1,1
3725,0,4,0,0,0,0,0,0,0,1,0
3726,1,1,0,1,1,0,0,0,0,0,0
3727,0,1,0,0,1,0,0,0,0,1,0
3728,1,15,0,0,1,0,0,0,0,1,0
3729,1,0,0,0,1,0,0,0,0,0,0
3730,0,0,0,1,1,0,0,0,0,0,0
3731,1,2,0,0,0,0,0,0,0,0,0
3732,0,0,0,1,0,0,0,0,0,0,0
3733,0,0,0,0,1,0,0,0,0,0,0
3734,0,1,0,0,1,0,0,0,0,0,0
3735,0,3,0,1,1,0,0,0,0,1,0
3736,0,1,0,1,1,0,0,0,0,1,0
3737,1,0,0,0,1,0,0,0,0,0,1
3738,1,2,0,0,0,0,0,0,0,0,1
3739,1,0,0,1,0,0,0,0,0,1,0
3740,1,1,0,1,1,0,0,0,0,0,0
3741,1,4,0,0,0,0,0,0,1,1,1
3742,1,3,0,0,1,0,0,0,0,0,1
3743,1,3,0,1,1,0,0,0,0,1,1
3744,0,0,0,0,1,0,0,0,0,0,1
3745,1,1,0,0,0,0,0,0,0,0,0
3746,1,10,0,0,0,0,0,0,0,0,0
3747,0,0,0,0,0,0,0,0,0,0,0
3748,0,1,1,0,0,0,0,0,0,0,1
3749,1,7,0,0,1,0,0,0,0,0,0
3750,0,0,0,0,0,0,0,0,0,0,0
3751,0,0,0,0,0,0,0,0,0,0,1
3752,0,5,0,0,1,0,0,0,0,0,0
3753,0,0,0,1,1,0,0,0,0,0,0
3754,0,0,0,0,0,0,0,0,0,0,1
3755,1,12,0,0,1,0,0,0,0,0,0
3756,0,4,0,0,0,0,0,0,0,1,1
3757,0,0,0,0,1,0,0,0,0,1,1
3758,0,4,0,0,1,0,0,0,0,0,0
3759,0,1,0,0,0,0,0,0,0,0,0
3760,0,0,0,0,0,0,0,0,0,1,1
3761,1,18,0,0,1,0,0,0,0,0,0
3762,0,2,0,0,1,0,0,0,0,0,0
3763,0,0,0,0,0,0,0,0,1,0,0
3764,0,0,0,0,1,0,0,0,0,1,1
3765,0,1,0,0,0,0,0,0,0,1,0
3766,1,2,0,0,1,0,0,0,0,0,0
3767,0,0,0,0,1,0,0,0,0,1,1
3768,0,3,0,0,0,0,0,0,0,0,1
3769,0,0,0,0,0,0,1,0,0,1,0
3770,0,0,0,0,1,0,0,0,0,1,1
3771,0,0,0,0,0,0,0,0,0,1,1
3772,1,1,0,1,0,0,0,0,0,0,0
3773,0,0,0,1,1,0,0,0,0,0,0
3774,0,0,1,0,0,0,1,0,0,1,1
3775,1,2,0,1,1,0,0,0,0,0,1
3776,1,0,1,0,1,0,0,0,0,0,0
3777,1,1,0,0,1,0,0,0,0,1,0
3778,0,1,0,1,1,0,0,0,0,0,1
3779,1,3,0,0,1,0,0,0,0,0,1
3780,1,5,0,1,1,0,0,0,0,0,0
3781,0,0,0,1,0,0,0,0,1,0,1
3782,0,0,0,1,0,0,0,0,0,1,1
3783,1,2,0,0,0,0,0,0,0,0,0
3784,0,0,0,1,0,0,1,0,0,1,1
3785,1,0,0,1,1,0,0,0,0,1,1
3786,1,0,0,0,0,0,0,0,0,0,0
3787,1,0,0,0,0,0,0,0,0,1,1
3788,1,12,0,0,1,0,0,0,0,0,0
3789,0,2,0,0,1,0,0,0,0,0,0
3790,0,0,0,0,0,0,0,0,0,1,1
3791,1,8,0,0,1,0,0,0,0,0,0
3792,0,0,0,0,0,0,0,0,0,1,0
3793,0,4,1,0,1,0,0,0,0,0,0
3794,0,0,0,0,0,0,0,0,0,1,1
3795,0,2,0,0,0,0,1,0,0,0,1
3796,1,9,0,0,1,0,0,0,0,0,0
3797,0,0,1,0,0,0,0,0,0,0,0
3798,0,1,0,1,1,0,0,0,0,0,1
3799,0,1,0,0,1,0,0,0,0,1,0
3800,0,1,1,0,0,0,0,0,0,0,1
3801,0,2,0,1,0,0,1,0,0,0,0
3802,1,21,1,0,1,0,0,0,0,1,1
3803,0,0,0,0,0,0,0,0,1,0,1
3804,0,0,0,0,0,0,1,0,0,0,0
3805,0,12,1,0,1,0,0,0,0,0,0
3806,0,3,1,0,1,0,0,0,0,0,0
3807,0,2,0,0,0,0,0,0,0,1,1
3808,1,13,0,0,0,0,0,0,0,0,0
3809,1,0,0,1,1,0,0,0,0,0,0
3810,0,3,0,1,0,0,0,0,0,0,0
3811,0,0,0,1,1,0,0,0,0,0,0
3812,0,1,0,0,0,0,0,0,0,0,0
3813,0,1,0,0,0,0,0,0,0,1,1
3814,1,5,1,0,1,0,0,0,0,0,0
3815,1,2,0,0,0,0,0,0,0,0,0
3816,1,0,0,1,1,0,0,0,0,0,0
3817,0,0,0,0,0,0,0,0,1,0,0
3818,0,0,0,0,1,0,0,0,0,0,0
3819,1,1,0,1,1,0,0,0,0,0,0
3820,1,3,0,1,1,0,0,0,0,0,0
3821,0,1,0,1,0,0,0,0,0,0,0
3822,0,0,1,0,0,0,0,0,1,0,1
3823,0,2,0,1,1,0,0,0,0,0,0
3824,0,0,0,0,1,0,0,0,0,1,1
3825,1,0,1,0,0,0,0,0,0,1,1
3826,1,2,0,0,0,0,1,0,0,0,1
3827,0,1,0,0,1,0,0,0,0,0,0
3828,0,13,1,0,0,0,1,0,0,0,0
3829,1,22,1,0,1,0,0,0,0,0,0
3830,1,0,0,0,1,0,0,0,0,0,0
3831,0,2,0,0,0,0,0,0,0,0,0
3832,1,3,0,1,0,0,0,0,0,1,0
3833,0,1,0,0,0,0,1,0,0,0,0
3834,1,0,0,1,0,0,0,0,0,0,0
3835,1,2,0,0,0,0,0,0,0,1,0
3836,1,8,0,0,1,0,0,0,0,0,0
3837,1,0,0,1,1,0,0,0,0,0,1
3838,0,4,0,0,1,0,0,0,0,1,0
3839,1,0,0,0,0,0,0,0,0,0,0
3840,1,7,0,0,0,0,0,0,0,0,0
3841,1,0,0,0,0,0,0,0,1,0,0
3842,1,1,0,0,0,0,0,0,0,0,0
3843,0,0,0,0,1,0,0,0,0,1,1
3844,0,3,1,0,0,0,0,0,0,0,1
3845,1,0,0,1,0,0,0,0,0,0,0
3846,0,5,0,0,1,0,0,0,0,0,0
3847,0,0,0,0,1,0,0,0,0,0,0
3848,1,6,0,0,1,0,0,0,0,0,1
3849,0,1,0,1,1,0,0,0,0,1,1
3850,0,11,0,0,0,0,0,0,0,0,0
3851,0,0,0,1,0,0,0,0,0,0,0
3852,0,2,0,0,1,0,0,0,0,1,0
3853,1,1,1,0,0,0,0,0,0,0,0
3854,0,2,0,0,0,0,1,0,0,0,0
3855,1,17,0,0,1,0,0,0,0,0,0
3856,0,1,1,0,0,0,0,0,0,1,1
3857,0,0,0,0,0,0,0,0,0,0,0
3858,1,0,0,0,0,0,0,0,1,1,1
3859,1,17,1,0,1,0,0,0,0,0,0
3860,0,0,0,0,1,0,0,0,0,1,1
3861,1,3,0,0,0,0,0,0,0,0,1
3862,1,1,0,1,1,0,0,0,0,0,0
3863,0,0,0,0,1,0,0,0,0,0,0
3864,0,2,0,0,1,0,0,0,0,0,1
3865,1,0,0,0,0,0,1,0,0,0,0
3866,0,0,0,0,0,0,0,0,0,0,1
3867,1,1,0,0,1,0,0,0,0,0,0
3868,0,0,0,1,1,0,0,0,0,1,0
3869,0,1,0,1,1,0,0,0,0,1,0
3870,0,0,0,0,0,0,1,0,0,1,1
3871,1,21,0,0,1,0,0,0,0,0,0
3872,1,18,0,0,1,0,0,0,0,0,0
3873,1,0,0,1,0,0,1,0,0,0,1
3874,1,9,0,0,1,0,0,0,0,0,0
3875,0,1,0,1,1,0,0,0,0,0,0
3876,1,0,0,0,1,0,0,0,0,1,0
3877,0,10,0,0,1,0,0,0,0,0,1
3878,0,1,0,0,1,0,0,0,0,0,0
3879,0,0,0,0,1,0,0,0,0,0,0
3880,1,2,0,1,1,0,0,0,0,0,0
3881,1,1,0,0,0,0,0,0,0,0,0
3882,1,1,0,0,1,0,0,0,0,0,1
3883,0,0,0,0,0,0,0,0,0,0,0
3884,0,0,0,0,1,0,0,0,0,0,1
3885,1,3,0,1,0,0,0,0,0,0,0
3886,0,0,0,0,1,0,0,0,0,1,0
3887,1,1,0,1,1,0,0,0,0,0,0
3888,0,0,0,0,0,0,0,0,0,1,0
3889,0,2,1,0,0,0,0,0,0,0,0
3890,1,1,1,0,1,0,0,0,0,1,0
3891,1,4,0,1,1,0,0,0,0,1,0
3892,0,0,0,0,0,0,0,0,0,1,1
3893,1,2,0,1,1,0,0,0,0,0,0
3894,1,4,0,0,1,0,0,0,0,1,0
3895,0,0,0,0,1,0,0,0,0,0,0
3896,1,1,0,0,0,0,0,0,0,0,1
3897,0,3,1,0,0,0,0,0,0,0,0
3898,0,0,0,1,1,0,0,0,0,0,0
3899,1,2,0,1,1,0,0,0,0,0,0
3900,1,3,0,0,1,0,0,0,0,0,0
3901,0,0,0,0,0,0,1,0,0,0,0
3902,0,0,0,0,1,0,0,0,0,1,0
3903,1,0,0,0,1,0,0,0,0,0,1
3904,0,2,1,0,0,0,0,0,0,1,0
3905,0,2,0,0,0,0,0,0,1,1,0
3906,0,0,0,1,0,0,0,0,0,0,1
3907,1,10,0,0,1,0,0,0,0,0,0
3908,1,5,0,0,1,0,0,0,0,0,0
3909,1,4,0,1,1,0,0,0,0,0,0
3910,0,0,0,0,0,0,0,0,0,0,1
3911,1,6,1,0,0,1,0,0,0,1,0
3912,0,1,0,0,0,0,0,0,0,0,1
3913,1,13,0,0,1,0,0,0,0,1,0
3914,1,0,0,0,0,0,0,0,0,0,0
3915,1,1,1,0,0,0,1,0,0,0,0
3916,0,4,1,0,1,0,0,0,0,0,1
3917,0,1,0,0,0,0,1,0,0,0,1
3918,1,2,0,0,1,0,0,0,0,0,0
3919,1,0,0,1,1,0,0,0,0,1,1
3920,1,2,0,0,1,0,0,0,0,0,1
3921,0,0,0,1,1,0,0,0,0,0,0
3922,1,20,1,0,1,0,0,0,0,0,1
3923,0,2,0,1,0,0,0,0,0,0,0
3924,1,2,0,0,0,0,0,0,0,1,0
3925,0,6,0,0,1,0,0,0,0,1,0
3926,1,12,1,0,1,0,0,0,0,0,1
3927,1,4,1,0,1,0,0,0,0,0,0
3928,0,8,1,0,1,0,0,0,0,0,1
3929,0,0,0,0,1,0,0,0,0,0,0
3930,0,0,0,1,0,0,0,0,0,0,0
3931,1,0,0,0,0,0,0,0,0,0,0
3932,1,0,0,0,1,0,0,0,0,0,1
3933,0,2,0,0,0,0,0,0,0,0,0
3934,0,2,0,0,0,0,0,0,0,0,0
3935,1,0,0,0,1,0,0,0,0,1,1
3936,0,7,0,0,1,0,0,0,0,0,0
3937,1,0,1,0,1,0,0,0,0,0,1
3938,1,5,0,0,0,0,0,0,0,0,0
3939,1,16,0,0,1,0,0,0,0,0,1
3940,0,1,0,0,0,0,0,0,1,0,0
3941,0,1,1,0,0,0,0,0,0,1,1
3942,0,2,0,1,1,0,0,0,0,0,0
3943,1,2,0,0,0,0,0,0,0,0,0
3944,1,0,0,0,0,0,1,0,0,0,1
3945,1,6,0,0,1,0,0,0,0,0,0
3946,1,3,0,0,0,0,0,0,0,1,0
3947,0,0,0,1,0,0,0,0,0,0,0
3948,1,0,0,1,1,0,0,0,0,0,0
3949,0,0,0,0,1,0,0,0,0,0,0
3950,0,1,0,0,1,0,0,0,0,0,0
3951,0,2,0,0,0,0,0,1,0,0,1
3952,1,0,0,0,1,0,0,0,0,0,1
3953,0,1,1,0,1,0,0,0,0,0,0
3954,0,0,0,0,1,0,0,0,0,0,0
3955,0,0,1,0,0,0,0,0,0,0,1
3956,0,9,0,0,1,0,0,0,0,1,0
3957,1,0,0,1,0,0,0,0,0,0,1
3958,1,6,0,0,1,0,0,0,0,0,1
3959,1,2,0,1,0,0,0,0,0,0,0
3960,1,4,0,1,0,0,0,0,0,1,1
3961,1,0,0,0,0,0,0,0,0,1,1
3962,1,8,0,0,1,0,0,0,0,0,0
3963,0,3,0,0,0,0,0,0,0,0,0
3964,0,0,1,0,0,0,0,0,0,1,1
3965,0,0,0,0,0,0,1,0,0,0,0
3966,0,0,0,1,0,0,0,0,0,1,0
3967,0,0,1,0,0,0,0,0,1,0,0
3968,0,2,0,0,0,0,0,0,0,0,0
3969,0,1,0,0,0,0,1,0,0,0,1
3970,1,3,0,1,1,0,0,0,0,0,0
3971,0,2,0,0,1,0,0,0,0,0,0
3972,1,11,0,0,1,0,0,0,0,0,1
3973,0,0,0,1,0,0,0,0,0,1,0
3974,1,4,1,0,0,0,0,0,0,0,1
3975,1,15,0,0,1,0,0,0,0,0,0
3976,1,10,0,0,1,0,0,0,0,0,0
3977,0,0,1,0,0,0,0,0,0,0,0
3978,1,3,1,0,0,0,0,0,0,0,1
3979,1,10,1,0,1,0,0,0,0,0,1
3980,1,0,0,1,1,0,0,0,0,0,0
3981,0,9,0,0,1,0,0,0,0,0,0
3982,0,0,1,0,0,0,0,0,0,0,0
3983,0,3,0,1,1,0,0,0,0,0,1
3984,1,2,1,0,0,0,0,0,0,0,0
3985,0,0,0,0,0,1,0,0,0,0,0
3986,1,0,0,0,1,0,0,0,0,0,1
3987,0,5,0,0,1,0,0,0,0,1,0
3988,0,0,1,0,0,0,0,0,0,1,1
3989,0,2,0,0,0,0,0,0,1,0,1
3990,1,4,0,0,0,0,0,0,0,0,0
3991,1,7,0,0,1,0,0,0,0,0,0
3992,1,3,0,0,1,0,0,0,0,0,0
3993,0,0,0,0,1,0,0,0,0,1,0
3994,0,1,0,0,0,0,0,0,0,0,0
3995,0,0,0,0,0,0,0,0,1,1,0
3996,0,1,1,0,1,0,0,0,0,0,0
3997,0,3,0,0,1,0,0,0,0,0,1
3998,1,1,0,0,1,0,0,0,0,0,0
3999,0,8,1,0,0,0,1,0,0,0,0
4000,0,1,0,1,0,0,0,0,0,0,0
4001,1,0,0,1,1,0,0,0,0,1,1
4002,0,0,0,1,1,0,0,0,0,0,1
4003,0,1,1,0,0,0,0,0,0,0,1
4004,0,4,1,0,1,0,0,0,0,0,0
4005,0,1,0,0,0,0,1,0,0,0,1
4006,1,2,0,0,0,0,0,0,0,0,0
4007,0,1,0,0,0,0,1,0,0,0,0
4008,1,5,0,1,1,0,0,0,0,0,0
4009,1,3,1,0,1,0,0,0,0,0,0
4010,1,6,0,0,1,0,0,0,0,0,1
4011,0,1,1,0,0,0,0,0,0,0,0
4012,0,1,0,0,1,0,0,0,0,1,0
4013,0,2,0,0,1,0,0,0,0,1,1
4014,0,0,0,1,0,0,0,0,0,0,0
4015,0,2,0,0,0,0,0,0,0,0,0
4016,0,1,0,0,0,0,0,0,0,0,0
4017,0,0,0,1,0,0,1,0,0,0,1
4018,1,7,0,0,1,0,0,0,0,0,0
4019,0,4,0,0,0,0,1,0,0,0,1
4020,1,2,0,0,1,0,0,0,0,0,0
4021,0,0,1,0,0,0,1,0,0,0,0
4022,0,1,0,0,0,0,0,0,0,1,0
4023,1,16,0,0,1,0,0,0,0,0,1
4024,1,0,0,1,0,0,0,0,0,0,1
4025,1,1,0,0,0,0,1,0,0,1,0
4026,0,0,1,0,0,0,0,0,1,1,0
4027,0,6,1,0,1,0,0,0,0,0,0
4028,0,0,0,0,0,0,0,0,0,0,0
4029,1,1,0,1,1,0,0,0,0,0,0
4030,0,1,0,0,1,0,0,0,0,0,0
4031,0,1,0,1,1,0,0,0,0,0,0
4032,0,0,1,0,1,0,0,0,0,0,0
4033,0,3,0,0,0,0,0,0,0,0,1
4034,1,0,0,0,0,0,0,0,0,0,0
4035,1,6,0,0,0,0,1,0,0,0,0
4036,0,1,0,0,1,0,0,0,0,0,0
4037,1,7,0,0,1,0,0,0,0,0,1
4038,1,7,0,0,1,0,0,0,0,1,1
4039,1,7,0,0,1,0,0,0,0,0,0
4040,0,3,0,0,1,0,0,0,0,0,0
4041,1,5,0,0,0,0,0,0,0,1,0
4042,0,3,1,0,1,0,0,0,0,0,0
4043,1,1,0,1,1,0,0,0,0,0,0
4044,1,7,0,0,1,0,0,0,0,0,0
4045,1,6,0,0,0,0,0,0,0,0,0
4046,0,3,1,0,0,0,0,0,0,0,0
4047,1,4,0,0,0,0,0,0,0,0,0
4048,0,3,0,0,1,0,0,0,0,0,1
4049,0,1,0,0,0,0,1,0,0,0,0
4050,0,3,0,0,0,0,0,0,0,0,1
4051,0,0,1,0,0,0,0,0,0,1,1
4052,1,6,0,0,0,0,0,0,1,0,1
4053,0,4,0,0,1,0,0,0,0,0,1
4054,0,0,0,1,1,0,0,0,0,1,1
4055,1,2,0,0,1,0,0,0,0,0,1
4056,1,5,0,0,1,0,0,0,0,0,1
4057,0,2,0,1,0,0,0,0,0,0,0
4058,1,2,0,1,1,0,0,0,0,1,0
4059,0,1,0,0,1,0,0,0,0,1,0
4060,1,3,0,0,1,0,0,0,0,1,0
4061,1,0,0,1,0,0,0,0,0,0,0
4062,1,4,0,0,1,0,0,0,0,0,1
4063,1,1,0,1,0,0,0,0,0,0,0
4064,1,8,0,0,1,0,0,0,0,0,0
4065,0,5,0,0,0,0,0,0,0,0,1
4066,1,0,1,0,0,0,1,0,0,0,0
4067,0,13,1,0,1,0,0,0,0,0,1
4068,0,0,0,1,0,0,0,0,0,0,0
4069,0,0,1,0,0,0,0,0,0,1,1
4070,0,0,1,0,0,0,0,0,0,1,1
4071,0,16,1,0,1,0,0,0,0,0,0
4072,0,0,0,0,0,0,0,0,0,1,1
4073,0,4,1,0,0,0,0,0,0,0,1
4074,1,1,0,0,1,0,0,0,0,0,1
4075,1,19,0,0,1,0,0,0,0,0,1
4076,0,0,0,0,0,0,0,0,0,0,1
4077,0,3,0,0,1,0,0,0,0,1,1
4078,0,2,0,0,0,0,0,0,0,0,0
4079,1,3,0,1,1,0,0,0,0,0,0
4080,0,2,0,0,0,0,0,0,0,0,0
4081,1,3,0,0,1,0,0,0,0,0,0
4082,1,20,0,0,1,0,0,0,0,0,0
4083,0,13,0,0,1,0,0,0,0,1,0
4084,0,19,0,0,1,0,0,0,0,0,1
4085,1,31,0,0,0,0,0,0,1,0,0
4086,0,0,1,0,0,0,0,0,1,0,1
4087,0,1,0,0,1,0,0,0,0,1,0
4088,1,9,0,0,1,0,0,0,0,0,0
4089,1,2,0,0,1,0,0,0,0,0,0
4090,1,24,0,0,1,0,0,0,0,0,0
4091,0,0,0,0,0,0,0,0,0,0,0
4092,1,0,1,0,0,0,0,0,1,1,0
4093,1,3,1,0,0,0,0,0,0,0,0
4094,0,5,0,0,0,0,0,0,0,0,0
4095,0,0,1,0,0,0,1,0,0,0,1
4096,1,6,0,0,0,0,0,0,0,0,0
4097,1,2,0,1,1,0,0,0,0,0,1
4098,0,2,0,0,1,0,0,0,0,0,0
4099,1,2,0,0,0,0,0,0,0,0,1
4100,1,3,0,1,0,0,0,0,0,0,0
4101,0,0,0,0,1,0,0,0,0,0,0
4102,1,0,0,1,0,0,0,0,1,0,0
4103,1,19,0,0,1,0,0,0,0,0,0
4104,0,0,0,0,0,0,0,0,0,0,0
4105,0,3,0,1,1,0,0,0,0,0,0
4106,0,0,0,0,1,0,0,0,0,0,1
4107,1,3,0,0,1,0,0,0,0,1,0
4108,1,0,0,0,0,0,0,0,0,1,0
4109,1,0,0,0,0,0,0,0,1,0,0
4110,1,24,0,0,1,0,0,0,0,0,0
4111,1,2,0,1,1,0,0,0,0,0,0
4112,0,2,0,0,0,0,0,0,1,0,0
4113,1,4,0,1,1,0,0,0,0,0,0
4114,1,1,0,0,1,0,0,0,0,0,1
4115,1,0,0,0,0,0,0,0,0,1,0
4116,1,0,0,0,1,0,0,0,0,0,1
4117,1,0,0,0,0,0,0,0,0,0,0
4118,0,0,0,0,0,0,0,0,0,0,0
4119,1,2,0,0,1,0,0,0,0,0,0
4120,1,1,0,1,1,0,0,0,0,0,0
4121,0,0,0,0,1,0,0,0,0,1,0
4122,0,0,0,0,1,0,0,0,0,0,1
4123,0,0,0,0,0,0,1,0,0,0,0
4124,0,4,1,0,0,0,0,0,0,1,1
4125,0,2,0,0,0,0,0,0,0,1,1
4126,1,0,0,1,0,0,0,1,0,0,1
4127,0,0,0,0,0,0,0,0,1,0,0
4128,0,1,0,1,0,0,0,0,0,0,0
4129,1,11,0,1,1,0,0,0,0,1,1
4130,0,3,0,0,0,0,0,0,0,0,0
4131,1,4,0,0,1,0,0,0,0,0,0
4132,0,8,1,0,1,0,0,0,0,0,1
4133,1,15,0,0,1,0,0,0,0,0,0
4134,1,2,0,1,1,0,0,0,0,0,1
4135,1,3,0,0,1,0,0,0,0,0,1
4136,0,0,0,0,1,0,0,0,0,1,0
4137,1,5,0,0,1,0,0,0,0,0,0
4138,1,2,0,1,0,0,0,0,0,0,0
4139,1,1,1,0,0,0,0,0,0,0,0
4140,1,2,0,1,1,0,0,0,0,0,0
4141,0,12,0,0,0,0,0,0,0,0,0
4142,0,0,0,0,0,1,0,0,0,0,1
4143,1,0,0,1,1,0,0,0,0,0,0
4144,0,2,1,0,1,0,0,0,0,0,0
4145,1,0,0,1,1,0,0,0,0,0,1
4146,1,17,0,0,1,0,0,0,0,0,0
4147,0,1,1,0,0,0,1,0,0,0,1
4148,0,1,0,0,0,0,0,0,1,1,0
4149,0,2,0,0,1,0,0,0,0,1,1
4150,1,4,0,0,0,0,0,0,0,0,1
4151,1,9,0,1,0,0,0,0,0,1,1
4152,1,1,0,1,1,0,0,0,0,0,0
4153,0,1,1,0,0,0,0,0,0,0,0
4154,0,5,0,0,1,0,0,0,0,0,1
4155,1,0,0,0,0,0,0,0,0,0,0
4156,1,3,0,1,1,0,0,0,0,0,0
4157,0,2,0,0,0,0,1,0,0,0,1
4158,0,0,1,0,0,0,0,0,0,1,0
4159,0,1,0,1,1,0,0,0,0,0,0
4160,1,0,0,0,0,0,0,0,0,0,0
4161,0,0,0,0,0,0,0,0,0,0,1
4162,0,1,0,1,1,0,0,0,0,0,0
4163,1,0,1,0,1,0,0,0,0,0,0
4164,0,0,0,0,1,0,0,0,0,0,0
4165,0,0,0,1,1,0,0,0,0,0,0
4166,0,5,0,0,1,0,0,0,0,0,0
4167,0,8,0,0,1,0,0,0,0,0,1
4168,1,0,0,1,0,0,0,0,0,0,1
4169,0,2,0,0,0,0,0,0,0,0,0
4170,0,0,0,0,1,0,0,0,0,1,0
4171,1,20,0,0,0,0,0,0,0,1,0
4172,1,1,0,0,1,0,0,0,0,0,0
4173,0,5,0,0,1,0,0,0,0,0,0
4174,0,2,0,1,0,0,0,0,1,0,0
4175,1,0,0,0,0,0,0,0,1,0,0
4176,0,1,0,0,1,0,0,0,0,1,1
4177,0,1,0,1,1,0,0,0,0,0,0
4178,1,1,0,0,0,0,1,0,0,0,0
4179,0,0,1,0,0,0,0,0,0,0,0
4180,0,0,0,1,1,0,0,0,0,1,1
4181,0,0,0,0,1,0,0,0,0,1,0
4182,1,13,0,0,1,0,0,0,0,0,0
4183,1,13,0,0,1,0,0,0,0,0,1
4184,1,1,0,0,1,0,0,0,0,0,1
4185,0,0,0,1,1,0,0,0,0,0,0
4186,1,5,0,0,1,0,0,0,0,0,0
4187,1,10,0,0,1,0,0,0,0,0,0
4188,1,3,0,0,0,0,1,0,0,0,1
4189,1,3,1,0,0,0,0,0,0,0,1
4190,1,2,0,1,1,0,0,0,0,0,0
4191,0,0,0,1,0,0,0,0,0,0,0
4192,0,0,0,0,0,0,0,0,0,0,1
4193,0,0,0,1,0,0,0,0,1,1,1
4194,1,2,0,0,0,0,0,0,0,0,0
4195,1,4,0,0,1,0,0,0,0,0,0
4196,0,0,1,0,0,0,0,0,0,0,1
4197,0,6,1,0,1,0,0,0,0,0,1
4198,0,1,0,1,1,0,0,0,0,0,0
4199,1,4,0,0,1,0,0,0,0,0,0
4200,0,0,0,1,0,0,0,0,0,0,0
4201,1,0,0,1,0,0,0,0,0,0,0
4202,1,3,0,0,1,0,0,0,0,0,1
4203,1,8,0,0,1,0,0,0,0,1,0
4204,0,1,0,0,0,0,0,0,0,0,0
4205,1,0,0,1,1,0,0,0,0,0,0
4206,0,1,0,0,1,0,0,0,0,1,1
4207,1,0,0,1,1,0,0,0,0,1,0
4208,0,4,1,0,0,0,0,0,0,0,1
4209,0,0,0,1,0,0,0,0,0,0,0
4210,1,0,0,1,1,0,0,0,0,0,0
4211,0,1,0,0,0,0,0,0,0,0,1
4212,0,1,0,0,1,0,0,0,0,1,0
4213,1,11,0,0,0,0,0,0,0,0,0
4214,0,1,0,0,1,0,0,0,0,0,0
4215,0,0,0,0,0,0,1,0,0,0,1
4216,0,0,0,0,1,0,0,0,0,0,0
4217,1,0,0,1,1,0,0,0,0,0,0
4218,1,1,0,1,1,0,0,0,0,0,0
4219,0,3,0,0,0,0,0,0,0,0,0
4220,1,1,0,1,1,0,0,0,0,0,0
4221,1,0,0,0,1,0,0,0,0,0,1
4222,0,0,0,0,1,0,0,0,0,1,1
4223,0,1,0,0,1,0,0,0,0,0,0
4224,1,7,0,0,1,0,0,0,0,0,0
4225,1,1,0,0,1,0,0,0,0,0,0
4226,0,0,0,0,0,0,1,0,0,1,0
4227,1,0,0,1,0,0,0,0,0,0,1
4228,0,9,0,0,1,0,0,0,0,1,1
4229,1,3,0,0,1,0,0,0,0,0,0
4230,1,1,0,0,0,0,0,0,0,0,0
4231,0,1,0,0,0,0,0,0,0,0,0
4232,1,2,0,0,0,0,1,0,0,0,0
4233,1,6,0,0,1,0,0,0,0,0,0
4234,0,5,1,0,0,0,0,0,0,0,1
4235,1,11,1,0,1,0,0,0,0,1,0
4236,1,2,0,1,0,0,1,0,0,0,0
4237,0,3,0,1,0,0,0,0,0,0,0
4238,0,2,0,1,0,0,0,0,0,0,1
4239,0,0,1,0,0,0,0,0,0,1,0
4240,0,0,0,0,1,0,0,0,0,0,0
4241,1,0,0,1,1,0,0,0,0,0,1
4242,0,0,0,1,0,0,0,0,1,1,1
4243,0,0,1,0,0,0,0,0,0,1,1
4244,0,0,0,1,0,0,0,0,0,0,1
4245,0,8,0,0,0,0,0,0,0,0,0
4246,1,3,0,0,0,0,0,0,0,0,0
4247,0,10,0,0,0,0,0,0,0,0,0
4248,0,1,0,0,1,0,0,0,0,0,0
4249,0,1,0,0,0,0,0,0,0,1,1
4250,0,0,0,0,1,0,0,0,0,0,0
4251,0,0,0,0,1,0,0,0,0,0,0
4252,1,9,1,0,0,0,0,0,0,0,1
4253,1,16,0,0,1,0,0,0,0,0,0
4254,1,1,0,0,1,0,0,0,0,0,0
4255,0,0,0,0,0,0,1,0,0,1,1
4256,0,2,0,0,1,0,0,0,0,1,1
4257,1,0,0,0,1,0,0,0,0,0,1
4258,0,2,0,0,0,0,0,0,1,0,1
4259,0,0,0,0,0,0,0,0,1,0,0
4260,1,6,0,0,1,0,0,0,0,0,1
4261,1,2,0,0,1,0,0,0,0,0,0
4262,1,4,0,1,1,0,0,0,0,0,0
4263,1,1,0,0,0,0,1,0,0,0,0
4264,0,0,1,0,0,0,1,0,0,1,1
4265,0,6,0,0,1,0,0,0,0,0,0
4266,0,0,0,0,0,0,0,0,1,0,1
4267,1,11,0,0,1,0,0,0,0,0,0
4268,0,0,1,0,0,0,0,0,1,0,0
4269,0,0,1,0,0,0,0,0,0,0,1
4270,1,1,1,0,1,0,0,0,0,0,1
4271,1,11,0,0,0,0,0,0,0,0,1
4272,0,1,0,1,1,0,0,0,0,1,0
4273,1,26,1,0,0,0,0,0,0,0,0
4274,1,2,1,0,0,0,0,0,0,0,1
4275,0,1,1,0,0,0,1,0,0,0,0
4276,0,0,0,0,1,0,0,0,0,0,0
4277,0,0,0,0,0,0,0,0,1,0,0
4278,0,1,1,0,1,0,0,0,0,0,0
4279,1,3,0,1,1,0,0,0,0,0,0
4280,1,0,0,0,0,0,0,0,1,0,1
4281,1,0,0,1,0,0,0,0,0,0,0
4282,0,0,0,0,1,0,0,0,0,0,0
4283,0,0,1,0,0,0,0,0,0,0,1
4284,0,0,0,0,1,0,0,0,0,1,1
4285,0,9,0,0,0,0,1,0,0,0,0
4286,1,2,0,0,0,0,1,0,0,0,1
4287,0,0,0,0,1,0,0,0,0,0,0
4288,1,1,0,0,0,0,0,0,0,0,0
4289,0,4,0,1,1,0,0,0,0,0,0
4290,1,0,1,0,1,0,0,0,0,0,0
4291,0,2,1,0,1,0,0,0,0,0,0
4292,0,0,0,1,1,0,0,0,0,0,1
4293,1,3,1,0,1,0,0,0,0,0,0
4294,1,1,0,0,0,0,0,0,0,0,0
4295,0,0,0,0,0,0,0,0,1,0,0
4296,1,8,0,0,1,0,0,0,0,0,0
4297,1,7,0,1,1,0,0,0,0,0,0
4298,0,1,0,0,1,0,0,0,0,0,0
4299,0,4,1,0,0,0,0,0,1,0,0
4300,0,1,0,0,0,0,0,0,0,0,0
4301,0,0,0,1,1,0,0,0,0,0,0
4302,1,28,1,0,0,0,0,0,0,1,0
4303,0,0,1,0,0,0,0,0,0,1,0
4304,0,1,0,0,0,0,0,0,0,0,1
4305,0,0,1,0,0,0,1,0,0,0,1
4306,0,0,0,0,1,0,0,0,0,0,1
4307,1,4,0,0,1,0,0,0,0,0,0
4308,0,0,1,0,0,0,0,0,1,0,1
4309,0,1,1,0,1,0,0,0,0,0,0
4310,1,0,0,1,1,0,0,0,0,0,1
4311,1,0,0,1,0,0,0,0,0,0,0
4312,0,0,0,0,0,0,0,0,0,1,1
4313,1,7,0,0,1,0,0,0,0,0,0
4314,1,2,1,0,0,0,0,0,0,0,1
4315,0,1,1,0,0,0,0,0,1,0,0
4316,1,2,0,1,1,0,0,0,0,1,0
4317,0,0,0,0,0,0,0,0,1,1,1
4318,0,1,1,0,0,0,0,0,1,0,0
4319,0,0,0,0,1,0,0,0,0,0,0
4320,1,8,0,0,1,0,0,0,0,0,0
4321,1,14,1,0,0,0,0,0,0,0,0
4322,0,2,1,0,0,0,0,0,0,0,1
4323,1,2,0,1,1,0,0,0,0,0,0
4324,0,0,1,0,1,0,0,0,0,0,1
4325,0,0,0,0,1,0,0,0,0,0,1
4326,1,11,0,0,1,0,0,0,0,0,0
4327,1,0,0,1,1,0,0,0,0,0,0
4328,1,6,0,0,1,0,0,0,0,0,0
4329,1,2,0,0,1,0,0,0,0,0,0
4330,0,0,0,0,1,0,0,0,0,0,0
4331,0,2,1,0,0,0,0,0,0,1,0
4332,0,0,1,0,0,0,1,0,0,0,1
4333,1,0,0,1,0,0,1,0,0,0,0
4334,1,3,0,1,0,0,0,0,0,0,0
4335,0,0,0,1,1,0,0,0,0,0,0
4336,0,0,0,1,1,0,0,0,0,0,1
4337,1,6,0,0,1,0,0,0,0,0,0
4338,1,8,0,0,1,0,0,0,0,0,0
4339,1,0,1,0,1,0,0,0,0,0,1
4340,1,0,0,1,1,0,0,0,0,1,0
4341,1,3,0,1,1,0,0,0,0,1,0
4342,0,0,0,1,0,0,1,0,0,0,0
4343,0,0,1,0,1,0,0,0,0,0,1
4344,0,3,1,0,0,0,0,0,0,0,1
4345,1,8,0,0,1,0,0,0,0,0,0
4346,0,0,0,0,0,0,1,0,0,0,0
4347,1,2,0,0,0,0,0,0,0,0,1
4348,1,3,0,0,1,0,0,0,0,0,1
4349,1,0,0,0,1,0,0,0,0,0,0
4350,0,1,1,0,0,0,0,0,0,1,1
4351,0,2,0,0,1,0,0,0,0,0,0
4352,0,0,0,1,0,0,0,0,0,0,0
4353,0,2,0,0,0,0,0,0,0,0,0
4354,0,8,0,0,1,0,0,0,0,0,1
4355,1,0,0,1,1,0,0,0,0,0,0
4356,1,5,0,0,0,0,1,0,0,0,0
4357,1,8,1,0,0,0,0,0,0,0,1
4358,0,1,0,0,0,0,0,0,0,0,0
4359,1,5,0,0,0,0,0,0,0,0,0
4360,0,1,1,0,1,0,0,0,0,0,1
4361,1,2,0,0,0,0,0,0,0,0,1
4362,1,3,0,0,0,0,0,0,1,0,0
4363,0,1,0,0,0,0,1,0,0,0,1
4364,1,0,1,0,0,0,0,0,1,0,0
4365,1,0,0,1,1,0,0,0,0,0,0
4366,1,2,0,1,1,0,0,0,0,1,0
4367,1,1,0,0,0,0,0,0,0,0,1
4368,0,7,1,0,1,0,0,0,0,0,0
4369,1,9,0,0,0,0,0,0,0,1,0
4370,0,1,1,0,0,0,0,0,0,0,1
4371,0,12,0,0,1,0,0,0,0,0,0
4372,1,1,0,1,1,0,0,0,0,0,0
4373,1,6,0,0,0,0,0,0,0,1,1
4374,0,2,0,0,1,0,0,0,0,0,0
4375,1,3,0,0,1,0,0,0,0,0,1
4376,1,1,0,1,1,0,0,0,0,0,0
4377,1,19,0,0,1,0,0,0,0,0,0
4378,0,2,0,0,1,0,0,0,0,0,0
4379,1,7,0,0,1,0,0,0,0,0,0
4380,1,8,0,0,1,0,0,0,0,0,0
4381,1,1,0,1,1,0,0,0,0,0,1
4382,0,4,0,0,1,0,0,0,0,1,0
4383,1,0,0,1,0,0,1,0,0,0,0
4384,0,1,0,1,0,0,0,0,0,1,1
4385,1,2,0,0,1,0,0,0,0,0,0
4386,1,11,0,0,1,0,0,0,0,0,1
4387,1,3,0,0,1,0,0,0,0,0,0
4388,0,3,0,0,0,0,0,0,0,0,1
4389,1,13,0,0,0,0,0,0,0,0,0
4390,1,2,0,0,1,0,0,0,0,0,0
4391,1,0,1,0,0,0,0,0,0,1,0
4392,0,1,0,0,0,0,0,0,0,0,1
4393,1,27,0,0,1,0,0,0,0,0,1
4394,0,7,0,0,1,0,0,0,0,0,0
4395,1,4,0,0,0,0,0,0,0,1,1
4396,0,0,0,0,0,0,1,0,0,0,1
4397,0,1,0,0,0,0,0,0,0,0,0
4398,1,2,0,1,1,0,0,0,0,0,1
4399,1,4,0,0,1,0,0,0,0,0,1
4400,0,1,0,0,0,0,0,0,0,0,0
4401,1,0,1,0,0,0,0,0,0,1,0
4402,1,2,0,1,1,0,0,0,0,0,0
4403,1,2,0,0,1,0,0,0,0,1,0
4404,1,8,0,0,1,0,0,0,0,0,1
4405,0,1,0,0,1,0,0,0,0,0,0
4406,1,11,0,0,1,0,0,0,0,0,1
4407,0,1,1,0,0,0,0,0,0,0,0
4408,1,0,0,1,1,0,0,0,0,0,1
4409,0,4,1,0,1,0,0,0,0,0,0
4410,0,0,0,0,0,0,0,0,0,0,1
4411,1,3,0,0,0,0,1,0,0,0,0
4412,0,0,0,0,0,0,0,0,0,0,1
4413,0,0,0,1,0,0,0,0,0,1,0
4414,1,2,0,0,0,0,1,0,0,0,0
4415,0,0,0,0,0,0,1,0,0,0,0
4416,1,3,0,0,1,0,0,0,0,0,1
4417,1,0,0,1,0,0,0,0,0,1,0
4418,1,8,0,0,0,0,0,0,1,0,0
4419,1,0,0,1,0,0,1,0,0,0,0
4420,0,2,0,0,1,0,0,0,0,1,0
4421,0,2,0,0,1,0,0,0,0,0,0
4422,0,0,0,0,1,0,0,0,0,1,0
4423,1,2,0,1,1,0,0,0,0,1,0
4424,0,0,1,0,0,0,1,0,0,0,0
4425,1,1,0,1,1,0,0,0,0,0,0
4426,1,1,0,0,0,0,0,0,0,0,0
4427,0,0,0,0,1,0,0,0,0,0,1
4428,1,17,0,0,0,0,0,0,0,0,0
4429,1,0,0,0,0,0,0,0,0,0,0
4430,0,6,0,0,1,0,0,0,0,0,1
4431,1,8,1,0,1,0,0,0,0,0,1
4432,0,0,0,1,1,0,0,0,0,0,0
4433,0,0,0,0,0,0,0,0,0,1,1
4434,1,0,0,1,1,0,0,0,0,0,0
4435,1,0,0,1,0,0,0,0,0,1,1
4436,0,2,0,0,1,0,0,0,0,0,0
4437,0,0,1,0,0,0,0,0,0,0,1
4438,0,0,1,0,1,0,0,0,0,1,1
4439,0,0,0,0,1,0,0,0,0,1,1
4440,0,0,0,0,0,0,0,0,1,0,0
4441,1,3,0,0,1,0,0,0,0,0,0
4442,1,5,0,1,1,0,0,0,0,0,0
4443,0,8,1,0,1,0,0,0,0,0,0
4444,0,7,0,0,1,0,0,0,0,0,1
4445,1,0,0,1,0,0,0,0,0,0,0
4446,0,4,0,0,1,0,0,0,0,0,1
4447,0,0,1,0,0,0,0,0,0,0,1
4448,0,0,0,0,1,0,0,0,0,0,0
4449,0,0,0,0,1,0,0,0,0,0,0
4450,1,10,0,0,1,0,0,0,0,0,0
4451,0,0,0,1,1,0,0,0,0,0,0
4452,0,8,0,0,1,0,0,0,0,0,0
4453,1,7,1,0,0,0,0,0,0,0,0
4454,0,0,0,0,0,0,0,0,0,0,0
4455,1,5,0,1,0,0,0,0,0,0,1
4456,0,4,0,0,1,0,0,0,0,0,1
4457,0,1,0,0,1,0,0,0,0,0,1
4458,0,0,0,0,0,0,0,0,1,0,1
4459,1,4,0,0,0,0,0,0,0,0,1
4460,1,8,0,0,1,0,0,0,0,1,0
4461,0,0,1,0,0,0,1,0,0,0,1
4462,0,2,0,0,0,0,0,0,0,0,1
4463,0,2,0,0,0,0,0,0,0,0,0
4464,0,0,0,1,0,0,0,0,0,0,0
4465,0,0,0,0,1,0,0,0,0,0,0
4466,0,0,0,0,0,0,0,0,0,1,1
4467,0,1,0,0,0,0,1,0,0,0,0
4468,1,3,0,1,1,0,0,0,0,0,0
4469,0,5,1,0,0,0,0,0,0,0,1
4470,1,1,1,0,0,0,0,0,0,1,1
4471,0,0,0,0,1,0,0,0,0,1,0
4472,0,0,0,0,0,0,1,0,0,0,1
4473,0,0,0,0,1,0,0,0,0,0,1
4474,1,12,0,0,1,0,0,0,0,0,0
4475,1,14,0,0,1,0,0,0,0,0,0
4476,0,0,0,1,0,0,1,0,0,0,0
4477,1,3,0,0,0,0,0,0,0,0,0
4478,0,0,0,0,0,0,0,0,0,1,0
4479,0,0,0,0,1,0,0,0,0,0,1
4480,1,0,0,0,1,0,0,0,0,0,1
4481,1,11,0,1,0,0,0,0,0,0,0
4482,0,0,0,1,1,0,0,0,0,0,1
4483,1,21,1,0,0,0,0,0,0,0,0
4484,0,13,0,0,0,0,0,0,0,0,0
4485,0,2,0,1,1,0,0,0,0,0,1
4486,0,0,0,0,1,0,0,0,0,0,0
4487,1,0,0,1,1,0,0,0,0,1,0
4488,1,10,0,0,0,0,0,0,0,0,0
4489,1,6,0,0,1,0,0,0,0,0,0
4490,1,8,0,0,0,0,1,0,0,0,0
4491,1,19,1,0,1,0,0,0,0,0,0
4492,1,1,0,0,1,0,0,0,0,1,0
4493,0,2,1,0,1,0,0,0,0,0,1
4494,0,0,0,0,0,0,0,0,0,0,0
4495,1,9,0,0,0,0,0,0,0,0,0
4496,0,2,0,0,1,0,0,0,0,0,0
4497,0,1,0,0,1,0,0,0,0,0,1
4498,1,13,0,0,1,0,0,0,0,0,0
4499,0,0,0,1,0,0,0,0,0,0,1
4500,1,7,1,0,1,0,0,0,0,0,1
4501,1,6,0,0,1,0,0,0,0,0,0
4502,1,10,0,0,0,0,0,0,0,0,0
4503,0,0,1,0,0,0,0,0,0,1,0
4504,0,8,1,0,0,0,0,0,0,0,0
4505,1,3,0,1,1,0,0,0,0,0,0
4506,0,7,0,0,1,0,0,0,0,0,1
4507,1,3,0,0,1,0,0,0,0,1,1
4508,1,1,0,0,1,0,0,0,0,0,0
4509,1,0,1,0,0,0,0,0,0,0,1
4510,1,0,0,1,0,0,0,0,0,1,0
4511,1,2,0,1,1,0,0,0,0,0,1
4512,1,8,0,0,1,0,0,0,0,0,1
4513,0,0,0,0,0,0,0,0,0,0,1
4514,1,5,0,0,1,0,0,0,0,0,1
4515,0,1,0,0,0,0,1,0,0,0,1
4516,0,0,1,0,1,0,0,0,0,1,0
4517,0,1,0,0,0,0,0,0,0,0,1
4518,0,0,0,0,1,0,0,0,0,0,0
4519,1,6,0,0,0,0,1,0,0,0,0
4520,0,2,0,0,0,0,0,0,1,0,1
4521,1,6,0,1,0,0,0,0,0,0,0
4522,1,13,0,0,1,0,0,0,0,0,0
4523,0,2,0,1,1,0,0,0,0,0,0
4524,0,2,0,0,0,0,0,0,0,0,0
4525,0,0,0,0,0,0,0,0,0,0,1
4526,0,1,0,0,0,0,0,0,0,1,0
4527,1,2,0,1,1,0,0,0,0,0,0
4528,0,5,1,0,1,0,0,0,0,0,0
4529,0,1,0,0,1,0,0,0,0,0,1
4530,0,10,1,0,0,0,0,0,0,0,1
4531,0,0,1,0,0,0,0,0,0,0,0
4532,0,4,0,0,0,0,0,0,0,0,0
4533,1,15,1,0,1,0,0,0,0,0,0
4534,0,2,1,0,0,0,0,0,0,0,0
4535,1,4,0,0,1,0,0,0,0,0,1
4536,1,2,0,1,0,0,0,0,0,0,0
4537,0,6,0,0,0,0,0,0,0,0,0
4538,1,2,0,1,1,0,0,0,0,0,0
4539,0,0,1,0,0,0,0,0,0,1,1
4540,1,8,1,0,1,0,0,0,0,0,0
4541,1,0,0,1,1,0,0,0,0,0,0
4542,1,0,1,0,0,0,0,0,0,0,1
4543,1,1,0,0,0,0,0,0,0,0,0
4544,1,0,0,0,1,0,0,0,0,0,0
4545,0,1,0,0,1,0,0,0,0,1,1
4546,0,0,1,0,0,0,0,0,0,0,1
4547,1,4,0,0,0,0,0,0,0,0,0
4548,1,5,0,0,1,0,0,0,0,0,0
4549,0,0,0,1,1,0,0,0,0,1,1
4550,0,0,0,0,0,0,0,0,0,0,1
4551,1,5,0,0,1,0,0,0,0,0,1
4552,0,16,0,0,1,0,0,0,0,1,0
4553,1,3,0,1,1,0,0,0,0,0,0
4554,1,1,1,0,1,0,0,0,0,0,0
4555,0,1,1,0,0,0,0,0,0,1,1
4556,0,0,0,1,0,0,0,0,0,1,1
4557,1,4,0,0,1,0,0,0,0,0,0
4558,0,1,1,0,1,0,0,0,0,1,1
4559,1,7,0,1,1,0,0,0,0,0,1
4560,0,1,0,1,0,0,0,0,0,0,0
4561,1,0,0,0,0,0,0,0,0,0,0
4562,0,4,0,0,1,0,0,0,0,0,1
4563,0,2,0,0,1,0,0,0,0,0,0
4564,0,12,0,0,1,0,0,0,0,0,1
4565,0,0,0,1,0,0,0,0,0,0,0
4566,1,5,0,0,1,0,0,0,0,0,0
4567,0,1,1,0,1,0,0,0,0,0,0
4568,0,1,0,1,1,0,0,0,0,0,0
4569,1,1,0,0,1,0,0,0,0,0,0
4570,1,0,0,0,0,0,0,0,0,0,1
4571,1,1,1,0,0,0,1,0,0,1,0
4572,1,1,1,0,0,0,0,0,0,0,0
4573,0,1,0,0,1,0,0,0,0,0,0
4574,1,16,0,0,1,0,0,0,0,0,0
4575,0,0,0,1,0,0,0,0,0,0,0
4576,1,1,0,1,1,0,0,0,0,0,0
4577,0,1,1,0,0,0,0,0,1,0,0
4578,1,1,0,1,1,0,0,0,0,0,1
4579,0,1,0,0,1,0,0,0,0,0,0
4580,1,17,0,0,1,0,0,0,0,0,0
4581,0,0,1,0,0,0,0,0,0,0,1
4582,0,3,0,0,0,0,0,0,0,0,1
4583,0,2,0,0,0,0,1,0,0,0,1
4584,0,0,1,0,0,0,0,0,0,0,1
4585,0,1,0,1,1,0,0,0,0,0,1
4586,0,0,0,0,0,0,0,0,0,0,1
4587,0,0,0,0,0,0,0,0,0,0,0
4588,0,0,0,1,1,0,0,0,0,1,0
4589,0,0,1,0,0,1,0,0,0,0,0
4590,1,0,0,1,1,0,0,0,0,0,1
4591,0,5,0,0,1,0,0,0,0,0,1
4592,1,0,0,1,1,0,0,0,0,1,1
4593,0,0,0,0,1,0,0,0,0,0,1
4594,0,0,0,0,0,0,0,0,0,0,1
4595,1,0,0,0,1,0,0,0,0,0,0
4596,1,1,0,0,0,0,0,0,0,1,1
4597,0,1,0,0,1,0,0,0,0,0,0
4598,1,0,0,1,0,0,0,0,0,0,1
4599,0,1,0,1,1,0,0,0,0,0,0
4600,1,3,1,0,0,0,0,0,0,0,0
4601,1,4,0,0,0,0,0,0,0,0,0
4602,1,8,1,0,1,0,0,0,0,0,1
4603,1,0,0,1,1,0,0,0,0,0,1
4604,0,3,0,0,0,0,0,0,0,0,1
4605,0,0,1,0,0,0,0,0,0,0,0
4606,1,6,0,0,0,0,0,0,1,0,0
4607,0,0,0,1,1,0,0,0,0,0,0
4608,1,0,0,1,1,0,0,0,0,0,0
4609,0,17,0,0,1,0,0,0,0,0,1
4610,1,8,1,0,0,0,0,0,0,0,0
4611,1,2,1,0,0,0,0,0,0,0,0
4612,1,2,0,0,1,0,0,0,0,0,0
4613,0,16,1,0,1,0,0,0,0,0,0
4614,1,0,0,0,0,0,0,0,0,0,0
4615,1,3,0,0,0,0,0,0,0,0,1
4616,0,9,0,0,0,1,0,0,0,0,0
4617,0,1,0,0,0,0,0,0,0,0,0
4618,0,0,0,0,0,0,0,0,0,0,0
4619,1,1,0,1,1,0,0,0,0,1,0
4620,0,0,1,0,0,1,0,0,0,0,1
4621,0,3,0,0,1,0,0,0,0,0,1
4622,0,0,0,1,0,0,1,0,0,0,0
4623,0,0,0,1,0,0,0,0,0,1,1
4624,1,3,0,0,1,0,0,0,0,0,1
4625,1,0,0,1,0,0,0,0,0,0,0
4626,0,14,0,0,0,0,0,0,0,1,0
4627,0,1,0,0,0,0,1,0,0,0,0
4628,0,0,1,0,0,0,0,0,0,0,1
4629,1,3,0,0,0,0,0,0,0,0,0
4630,0,2,1,0,0,0,0,0,0,0,1
4631,0,6,0,0,1,0,0,0,0,0,0
4632,1,6,0,0,1,0,0,0,0,1,0
4633,1,5,0,1,1,0,0,0,0,0,0
4634,0,0,1,0,0,0,1,0,0,0,1
4635,0,1,1,0,0,0,1,0,0,0,0
4636,0,7,0,0,1,0,0,0,0,0,0
4637,0,1,0,0,1,0,0,0,0,1,1
4638,0,0,0,0,0,0,0,0,0,1,1
4639,0,1,0,1,1,0,0,0,0,0,0
4640,1,5,0,0,0,0,0,0,0,0,1
4641,1,7,0,0,0,0,0,0,0,1,0
4642,0,0,0,0,0,0,0,0,1,1,0
4643,0,0,0,0,1,0,0,0,0,0,1
4644,0,1,0,0,0,1,0,0,0,1,0
4645,1,11,0,0,1,0,0,0,0,0,0
4646,0,8,0,0,1,0,0,0,0,0,1
4647,1,6,0,0,1,0,0,0,0,0,0
4648,0,0,1,0,1,0,0,0,0,0,0
4649,1,6,0,0,0,0,1,0,0,0,0
4650,1,0,1,0,0,0,0,0,0,0,1
4651,1,1,0,0,1,0,0,0,0,0,0
4652,0,0,0,0,1,0,0,0,0,0,0
4653,0,5,0,0,0,0,0,0,0,0,0
4654,1,11,0,0,1,0,0,0,0,1,0
4655,0,0,0,1,0,0,0,0,1,1,1
4656,1,3,1,0,1,0,0,0,0,0,0
4657,0,8,0,0,1,0,0,0,0,0,1
4658,0,3,0,0,0,0,0,0,0,1,0
4659,1,1,0,1,0,0,1,0,0,0,0
4660,1,2,0,0,0,0,0,0,0,1,0
4661,1,10,0,0,1,0,0,0,0,0,0
4662,1,8,0,0,1,0,0,0,0,0,1
4663,1,3,0,1,0,0,0,0,0,1,1
4664,0,8,0,0,1,0,0,0,0,0,0
4665,1,12,0,1,1,0,0,0,0,0,0
4666,1,12,0,0,1,0,0,0,0,0,0
4667,0,0,1,0,0,0,0,0,0,1,1
4668,0,0,0,0,0,0,0,0,0,0,0
4669,0,2,0,0,1,0,0,0,0,0,0
4670,0,0,0,0,0,0,0,0,1,0,0
4671,0,6,0,0,0,0,0,0,0,1,0
4672,1,15,0,0,1,0,0,0,0,0,1
4673,0,5,1,0,1,0,0,0,0,1,0
4674,1,6,0,0,1,0,0,0,0,0,0
4675,0,6,0,0,1,0,0,0,0,0,1
4676,0,1,0,1,0,0,0,0,0,1,0
4677,0,0,0,0,1,0,0,0,0,0,0
4678,1,6,1,0,0,0,0,0,1,0,0
4679,0,4,0,0,1,0,0,0,0,0,0
4680,1,3,0,1,1,0,0,0,0,0,1
4681,1,6,0,0,0,0,1,0,0,0,1
4682,0,4,1,0,1,0,0,0,0,0,0
4683,1,0,0,1,0,0,1,0,0,0,0
4684,1,1,0,0,0,0,0,0,1,0,0
4685,1,13,0,0,1,0,0,0,0,1,0
4686,1,1,0,1,1,0,0,0,0,0,0
4687,1,10,0,0,0,0,0,0,0,0,0
4688,1,10,0,0,0,0,0,0,0,0,1
4689,0,0,1,0,0,0,0,0,0,0,0
4690,0,1,1,0,0,0,0,0,0,0,1
4691,0,2,0,0,1,0,0,0,0,0,0
4692,1,0,0,1,1,0,0,0,0,0,0
4693,1,1,0,0,1,0,0,0,0,1,1
4694,1,9,0,0,0,0,0,0,0,0,0
4695,0,2,0,0,1,0,0,0,0,0,0
4696,1,1,0,0,0,0,0,0,0,1,1
4697,1,0,0,1,1,0,0,0,0,0,0
4698,0,0,0,1,1,0,0,0,0,1,0
4699,1,0,1,0,0,0,0,0,0,0,0
4700,1,4,0,0,1,0,0,0,0,0,0
4701,0,7,0,0,1,0,0,0,0,0,0
4702,1,5,0,0,0,0,0,0,0,0,0
4703,0,0,1,0,0,0,0,0,1,0,1
4704,0,0,0,1,1,0,0,0,0,0,1
4705,1,15,0,0,1,0,0,0,0,0,0
4706,0,5,1,0,0,0,0,0,0,0,1
4707,0,2,1,0,0,0,0,0,0,0,1
4708,1,21,1,0,1,0,0,0,0,0,0
4709,0,0,1,0,0,1,0,0,0,0,0
4710,1,3,0,0,0,0,0,0,0,1,0
4711,0,1,0,0,1,0,0,0,0,0,1
4712,1,6,0,0,0,0,0,0,1,0,0
4713,1,7,0,0,0,0,1,0,0,0,0
4714,0,0,0,1,1,0,0,0,0,0,0
4715,0,0,0,0,0,0,0,0,0,0,0
4716,1,0,0,1,0,0,1,0,0,0,0
4717,1,0,0,1,1,0,0,0,0,0,0
4718,1,7,0,0,1,0,0,0,0,0,0
4719,1,18,0,0,1,0,0,0,0,0,0
4720,1,0,1,0,0,0,1,0,0,0,1
4721,1,16,0,0,0,0,0,0,0,0,0
4722,1,0,0,1,1,0,0,0,0,0,0
4723,0,2,0,0,1,0,0,0,0,0,0
4724,1,5,0,0,0,0,0,0,0,0,0
4725,1,0,0,0,0,0,0,0,0,0,0
4726,0,0,0,0,0,0,0,0,0,0,1
4727,1,3,0,1,0,0,1,0,0,0,0
4728,0,7,0,0,1,0,0,0,0,0,0
4729,0,0,0,1,1,0,0,0,0,1,0
4730,0,0,0,0,0,0,0,0,0,0,0
4731,0,0,0,0,1,0,0,0,0,0,0
4732,0,0,0,1,1,0,0,0,0,1,1
4733,1,2,0,0,0,0,0,0,0,1,0
4734,0,0,0,0,1,0,0,0,0,0,0
4735,1,1,0,0,0,0,0,0,0,1,0
4736,1,16,1,0,1,0,0,0,0,0,1
4737,0,0,1,0,0,0,0,0,0,0,0
4738,1,7,0,0,0,0,0,0,0,1,0
4739,1,18,0,0,1,0,0,0,0,0,1
4740,1,0,0,0,1,0,0,0,0,0,0
4741,0,1,0,1,1,0,0,0,0,0,0
4742,1,0,0,1,0,0,0,0,1,0,0
4743,0,7,0,0,1,0,0,0,0,0,0
4744,1,12,0,0,0,0,0,0,0,1,0
4745,0,3,0,0,0,0,1,0,0,0,1
4746,0,6,0,0,0,0,0,0,0,0,0
4747,1,13,0,0,0,0,0,0,1,0,0
4748,1,3,0,0,0,0,0,0,0,0,1
4749,0,1,0,0,0,0,0,0,0,0,1
4750,1,0,0,1,0,0,1,0,0,0,0
4751,0,3,0,0,1,0,0,0,0,0,1
4752,0,1,0,0,1,0,0,0,0,0,0
4753,0,2,1,0,0,0,0,0,0,0,0
4754,1,1,0,1,0,0,1,0,0,0,0
4755,0,1,0,0,0,0,0,0,0,0,0
4756,0,0,0,1,1,0,0,0,0,0,0
4757,0,0,0,1,1,0,0,0,0,0,0
4758,1,6,0,0,1,0,0,0,0,0,1
4759,0,0,0,0,1,0,0,0,0,0,0
4760,1,4,0,0,1,0,0,0,0,0,0
4761,1,2,0,1,1,0,0,0,0,0,0
4762,1,7,0,0,1,0,0,0,0,0,0
4763,1,0,0,0,0,0,0,0,0,1,1
4764,0,5,0,0,0,0,0,0,0,1,0
4765,0,2,0,0,1,0,0,0,0,0,0
4766,0,15,0,0,0,0,0,0,0,0,0
4767,1,4,1,0,1,0,0,0,0,0,0
4768,0,4,0,0,1,0,0,0,0,1,0
4769,1,0,0,1,0,0,0,0,0,0,1
4770,1,7,1,0,1,0,0,0,0,1,0
4771,0,3,0,0,0,0,0,0,0,0,0
4772,0,8,0,0,1,0,0,0,0,0,1
4773,1,7,0,0,1,0,0,0,0,0,0
4774,0,0,0,0,0,0,0,0,0,1,1
4775,1,0,0,1,0,0,0,0,0,0,0
4776,1,0,0,1,1,0,0,0,0,0,0
4777,1,14,0,0,1,0,0,0,0,0,0
4778,0,1,0,0,1,0,0,0,0,0,1
4779,1,5,0,0,0,0,0,0,0,0,0
4780,1,2,0,1,1,0,0,0,0,0,1
4781,0,1,0,1,0,0,0,0,1,1,1
4782,0,0,0,0,1,0,0,0,0,0,1
4783,0,0,0,1,0,0,0,0,0,0,0
4784,0,1,0,0,1,0,0,0,0,1,0
4785,1,0,0,1,1,0,0,0,0,0,1
4786,1,1,0,1,1,0,0,0,0,0,0
4787,1,6,0,0,1,0,0,0,0,0,0
4788,1,10,0,0,0,0,1,0,0,0,0
4789,0,1,0,1,0,0,1,0,0,1,0
4790,0,4,0,0,1,0,0,0,0,0,1
4791,0,0,0,0,1,0,0,0,0,1,1
4792,1,7,1,0,0,0,0,0,0,1,1
4793,0,1,0,0,1,0,0,0,0,0,0
4794,0,0,1,0,0,0,1,0,0,0,0
4795,0,1,0,0,1,0,0,0,0,0,0
4796,0,0,0,0,1,0,0,0,0,0,0
4797,1,10,0,0,0,0,0,0,0,1,0
4798,1,0,1,0,1,0,0,0,0,0,0
4799,0,5,0,1,1,0,0,0,0,0,0
4800,1,1,0,1,1,0,0,0,0,0,0
4801,1,0,0,0,0,0,0,0,0,0,1
4802,0,1,0,1,0,0,0,0,0,0,0
4803,0,1,1,0,0,0,0,0,0,1,0
4804,1,17,0,0,1,0,0,0,0,0,0
4805,1,0,0,0,1,0,0,0,0,0,0
4806,1,8,1,0,1,0,0,0,0,0,0
4807,0,2,1,0,0,0,0,0,0,0,1
4808,1,13,0,0,1,0,0,0,0,0,0
4809,1,4,0,1,1,0,0,0,0,0,0
4810,1,0,1,0,0,0,0,0,0,0,0
4811,0,2,0,0,1,0,0,0,0,0,1
4812,0,0,0,0,0,0,0,0,0,1,1
4813,0,1,0,0,1,0,0,0,0,0,1
4814,1,0,0,1,1,0,0,0,0,0,1
4815,0,2,1,0,0,0,0,0,0,1,1
4816,1,5,0,1,0,0,0,0,0,0,0
4817,0,1,1,0,1,0,0,0,0,0,1
4818,1,8,0,0,1,0,0,0,0,0,1
4819,0,2,1,0,1,0,0,0,0,0,1
4820,0,0,0,0,0,0,0,0,0,0,0
4821,0,0,0,0,0,0,1,0,0,1,1
4822,1,0,0,0,0,0,0,0,1,0,0
4823,1,2,0,0,1,0,0,0,0,0,1
4824,1,4,0,1,1,0,0,0,0,0,0
4825,0,0,0,0,0,0,1,0,0,0,1
4826,0,0,0,1,1,0,0,0,0,1,0
4827,0,6,0,0,1,0,0,0,0,0,0
4828,1,0,0,1,1,0,0,0,0,0,0
4829,0,1,0,0,1,0,0,0,0,0,1
4830,0,2,0,0,1,0,0,0,0,0,0
4831,0,3,1,0,0,0,0,0,0,0,1
4832,1,7,0,0,1,0,0,0,0,0,0
4833,1,6,0,1,1,0,0,0,0,0,0
4834,0,2,0,0,0,0,0,0,0,0,1
4835,0,4,0,0,0,0,0,0,0,0,0
4836,0,3,0,0,1,0,0,0,0,0,0
4837,0,2,0,0,0,0,1,0,0,1,0
4838,0,0,0,0,0,0,0,0,0,0,0
4839,0,1,0,0,1,0,0,0,0,0,0
4840,1,1,0,0,1,0,0,0,0,0,0
4841,0,0,0,1,1,0,0,0,0,0,0
4842,1,11,0,0,0,0,0,0,0,0,0
4843,0,0,0,0,1,0,0,0,0,0,1
4844,0,1,0,0,0,0,0,0,1,0,0
4845,1,14,0,0,1,0,0,0,0,0,0
4846,1,2,0,1,0,0,0,0,0,0,0
4847,0,0,0,0,1,0,0,0,0,0,0
4848,0,0,1,0,1,0,0,0,0,0,0
4849,1,6,0,0,1,0,0,0,0,0,0
4850,1,9,0,0,1,0,0,0,0,0,0
4851,0,2,0,1,1,0,0,0,0,1,0
4852,0,1,1,0,0,0,0,0,0,0,1
4853,0,4,1,0,0,0,0,0,0,0,0
4854,0,0,0,0,1,0,0,0,0,1,1
4855,0,0,0,1,0,0,0,0,0,1,1
4856,0,5,0,0,1,0,0,0,0,1,0
4857,0,1,0,0,0,0,1,0,0,0,0
4858,1,6,0,0,1,0,0,0,0,0,1
4859,0,1,0,0,1,0,0,0,0,0,0
4860,0,0,1,0,0,0,1,0,0,0,0
4861,1,1,1,0,0,0,0,0,0,0,0
4862,1,0,0,0,0,0,0,0,0,0,0
4863,0,5,1,0,1,0,0,0,0,0,1
4864,0,1,1,0,0,0,0,0,0,0,1
4865,1,1,0,0,0,0,0,0,1,0,0
4866,1,2,0,1,0,0,1,0,0,0,0
4867,1,7,0,0,1,0,0,0,0,0,0
4868,1,16,0,0,1,0,0,0,0,0,0
4869,0,0,0,0,0,0,0,0,0,1,1
4870,0,2,0,0,0,0,0,0,0,1,1
4871,0,1,0,0,1,0,0,0,0,1,0
4872,0,0,0,0,0,0,0,0,0,0,1
4873,0,0,0,0,1,0,0,0,0,0,1
4874,0,5,0,0,0,0,0,0,0,0,0
4875,0,0,0,0,1,0,0,0,0,0,0
4876,0,2,0,0,1,0,0,0,0,0,0
4877,1,12,0,0,1,0,0,0,0,0,0
4878,0,1,0,0,0,1,0,0,0,0,0
4879,0,2,0,0,0,0,0,0,0,0,0
4880,0,0,0,0,1,0,0,0,0,0,0
4881,0,19,0,0,1,0,0,0,0,0,0
4882,0,0,0,0,0,0,0,0,0,1,0
4883,0,0,0,0,0,0,0,0,0,0,0
4884,0,0,1,0,0,0,0,0,0,0,0
4885,0,4,0,0,0,0,0,0,0,0,0
4886,1,17,0,0,1,0,0,0,0,0,0
4887,1,4,0,0,1,0,0,0,0,0,0
4888,1,12,0,0,0,0,0,0,0,0,1
4889,0,0,1,0,0,0,0,0,0,1,0
4890,1,4,0,1,1,0,0,0,0,1,0
4891,1,2,0,0,0,0,0,0,0,0,0
4892,0,1,0,0,1,0,0,0,0,1,1
4893,0,0,0,1,0,0,0,0,1,0,0
4894,1,0,0,1,1,0,0,0,0,1,1
4895,0,0,0,0,1,0,0,0,0,0,1
4896,0,0,0,0,1,0,0,0,0,1,1
4897,1,4,1,0,0,0,0,0,0,0,0
4898,0,9,0,0,0,0,1,0,0,0,0
4899,1,7,0,0,1,0,0,0,0,0,0
4900,0,1,0,0,0,0,1,0,0,1,0
4901,0,0,0,1,0,0,0,0,0,1,1
4902,0,12,0,0,0,0,0,0,0,0,0
4903,1,0,0,0,0,0,0,0,0,0,0
4904,0,2,0,0,1,0,0,0,0,0,1
4905,0,0,0,0,1,0,0,0,0,0,1
4906,0,8,0,0,1,0,0,0,0,1,0
4907,1,0,0,0,0,0,0,0,0,1,0
4908,1,0,0,0,0,0,0,0,0,1,1
4909,1,8,0,0,1,0,0,0,0,0,1
4910,0,1,0,0,0,0,0,0,0,1,1
4911,0,3,0,0,0,0,0,0,0,0,0
4912,1,5,0,0,0,0,0,0,0,0,0
4913,1,1,1,0,0,0,0,0,0,0,0
4914,1,0,1,0,0,0,0,0,1,0,0
4915,0,1,0,0,0,0,0,0,0,0,0
4916,0,3,0,0,0,0,0,0,0,0,0
4917,1,0,0,0,0,0,1,0,0,0,1
4918,1,8,0,1,1,0,0,0,0,0,0
4919,0,1,0,1,0,0,0,0,0,0,0
4920,1,13,1,0,0,0,0,0,0,0,1
4921,0,4,0,0,1,0,0,0,0,1,0
4922,1,6,0,0,1,0,0,0,0,1,0
4923,1,4,0,0,0,0,0,0,0,0,1
4924,0,1,0,0,0,0,0,0,0,0,0
4925,0,2,0,0,1,0,0,0,0,0,0
4926,1,8,0,0,1,0,0,0,0,0,1
4927,0,1,0,1,1,0,0,0,0,0,0
4928,0,0,0,0,0,1,0,0,0,0,1
4929,0,1,1,0,0,0,1,0,0,0,1
4930,1,23,0,0,1,0,0,0,0,0,1
4931,0,3,0,0,0,0,0,0,0,0,1
4932,0,7,0,0,1,0,0,0,0,0,0
4933,1,7,0,0,0,0,0,0,0,0,0
4934,0,1,0,1,0,0,0,0,0,0,0
4935,0,0,1,0,0,0,0,0,0,1,1
4936,1,5,0,0,0,0,0,0,0,0,1
4937,0,0,0,0,0,0,1,0,0,1,1
4938,0,1,0,0,1,0,0,0,0,0,1
4939,1,3,0,0,0,0,0,0,0,1,0
4940,0,2,0,1,0,0,0,0,0,0,1
4941,0,0,1,0,0,1,0,0,0,0,0
4942,0,0,0,0,0,0,0,0,0,1,1
4943,1,0,0,0,0,0,0,0,0,1,0
4944,0,1,0,0,0,0,0,0,0,1,0
4945,0,0,0,0,1,0,0,0,0,0,0
4946,0,1,0,0,0,0,1,0,0,0,0
4947,1,2,0,1,1,0,0,0,0,0,0
4948,1,9,0,0,0,0,0,0,0,1,1
4949,0,5,0,0,1,0,0,0,0,1,1
4950,0,3,1,0,1,0,0,0,0,1,0
4951,0,1,0,1,0,0,1,0,0,0,0
4952,0,1,0,1,0,0,1,0,0,1,0
4953,0,3,0,0,0,0,1,0,0,0,0
4954,1,0,0,0,1,0,0,0,0,0,0
4955,0,0,0,0,1,0,0,0,0,1,1
4956,0,0,0,0,0,0,0,0,0,0,0
4957,0,2,0,0,1,0,0,0,0,0,1
4958,0,0,0,0,0,0,0,0,1,1,0
4959,1,2,0,1,1,0,0,0,0,0,1
4960,1,10,0,1,1,0,0,0,0,0,0
4961,1,26,0,0,0,0,1,0,0,0,0
4962,0,5,0,0,0,0,1,0,0,0,0
4963,0,1,1,0,0,0,0,0,0,0,0
4964,1,1,0,1,1,0,0,0,0,0,0
4965,0,0,1,0,0,0,1,0,0,0,1
4966,1,2,0,1,1,0,0,0,0,0,0
4967,0,3,0,0,1,0,0,0,0,0,1
4968,0,0,0,0,0,0,0,0,0,1,1
4969,1,0,0,0,1,0,0,0,0,0,0
4970,0,1,1,0,0,0,0,0,0,0,0
4971,1,9,0,0,1,0,0,0,0,0,1
4972,1,19,0,0,0,0,1,0,0,0,0
4973,0,0,0,1,0,0,0,0,1,0,1
4974,1,1,1,0,0,0,0,0,1,0,1
4975,1,3,0,0,1,0,0,0,0,1,0
4976,0,4,0,0,1,0,0,0,0,0,0
4977,1,12,1,0,0,0,0,0,0,0,0
4978,0,1,0,0,0,0,0,0,1,0,1
4979,0,0,0,0,0,0,0,0,0,0,1
4980,0,2,0,1,1,0,0,0,0,0,0
4981,1,0,0,0,1,0,0,0,0,1,0
4982,0,0,0,0,1,0,0,0,0,0,1
4983,1,5,0,0,0,0,1,0,0,0,0
4984,0,0,0,0,0,0,1,0,0,1,0
4985,0,0,1,0,0,0,0,0,0,1,0
4986,0,1,0,0,0,0,1,0,0,1,1
4987,0,6,0,1,0,0,0,0,0,0,0
4988,0,0,1,0,1,0,0,0,0,0,1
4989,1,0,0,1,1,0,0,0,0,0,0
4990,1,16,0,0,1,0,0,0,0,0,0
4991,0,7,0,0,1,0,0,0,0,0,0
4992,0,3,1,0,0,0,0,0,0,1,0
4993,0,0,0,1,1,0,0,0,0,0,0
4994,1,0,0,0,1,0,0,0,0,0,0
4995,1,2,0,1,1,0,0,0,0,0,1
4996,0,0,0,0,0,0,0,0,0,0,1
4997,1,1,0,1,1,0,0,0,0,0,0
4998,1,5,0,0,0,0,0,0,1,1,0
4999,0,1,0,0,0,0,0,0,0,0,0
5000,0,0,0,0,1,0,0,0,0,0,0
5001,0,0,0,0,1,0,0,0,0,0,1
5002,0,0,0,0,1,0,0,0,0,0,0
5003,1,5,0,0,1,0,0,0,0,1,0
5004,0,0,0,1,0,0,0,0,1,0,1
5005,0,0,1,0,0,0,0,0,0,0,1
5006,1,1,0,1,0,0,0,0,0,0,0
5007,0,5,0,0,1,0,0,0,0,0,1
5008,0,0,1,0,0,0,0,0,0,0,1
5009,1,0,0,0,1,0,0,0,0,0,0
5010,1,2,0,1,1,0,0,0,0,0,0
5011,1,1,0,0,0,0,0,0,0,1,0
5012,1,7,0,0,1,0,0,0,0,1,0
5013,1,1,0,0,0,0,0,0,0,0,1
5014,0,0,1,0,0,0,0,0,0,0,0
5015,1,1,0,0,1,0,0,0,0,0,0
5016,0,0,0,0,1,0,0,0,0,0,0
5017,1,2,0,1,1,0,0,0,0,0,1
5018,1,1,0,0,0,0,1,0,0,0,0
5019,1,4,0,0,0,0,0,0,0,0,0
5020,0,0,0,0,1,0,0,0,0,0,1
5021,0,0,1,0,1,0,0,0,0,1,1
5022,0,1,0,0,1,0,0,0,0,1,1
5023,0,0,1,0,0,0,0,0,1,0,0
5024,1,1,0,1,0,0,0,0,0,0,0
5025,1,3,0,1,0,0,0,0,0,0,1
5026,0,0,0,0,1,0,0,0,0,0,0
5027,0,0,0,1,1,0,0,0,0,0,0
5028,0,0,0,0,0,0,0,0,1,0,1
5029,0,3,0,0,1,0,0,0,0,1,1
5030,0,0,1,0,0,0,0,0,0,0,1
5031,1,7,0,0,0,0,0,0,1,0,0
5032,1,2,0,0,1,0,0,0,0,0,0
5033,1,1,0,1,0,0,0,1,0,0,0
5034,0,0,0,0,0,0,0,0,0,0,1
5035,1,17,0,0,1,0,0,0,0,0,1
5036,0,1,1,0,0,0,1,0,0,0,1
5037,1,1,0,1,1,0,0,0,0,0,0
5038,1,0,1,0,0,0,0,0,0,0,1
5039,0,2,0,0,1,0,0,0,0,0,0
5040,1,1,0,0,1,0,0,0,0,1,1
5041,0,2,0,1,1,0,0,0,0,0,0
5042,0,0,0,0,0,0,0,0,0,1,0
5043,0,0,1,0,0,0,0,0,0,1,1
5044,0,0,0,0,0,0,1,0,0,0,1
5045,0,1,0,1,1,0,0,0,0,0,0
5046,1,1,0,1,1,0,0,0,0,0,1
5047,1,9,0,0,0,0,0,0,0,0,0
5048,0,7,1,0,0,0,0,0,0,0,0
5049,0,1,0,1,1,0,0,0,0,0,0
5050,0,1,1,0,1,0,0,0,0,0,0
5051,1,0,0,0,0,0,0,0,0,1,0
5052,1,0,0,1,1,0,0,0,0,0,0
5053,0,0,0,1,1,0,0,0,0,0,0
5054,0,1,0,0,0,0,0,0,0,1,1
5055,0,0,1,0,0,0,0,0,1,0,0
5056,0,1,0,0,1,0,0,0,0,0,0
5057,0,1,1,0,0,0,0,0,0,0,1
5058,0,1,1,0,0,0,0,0,0,0,0
5059,1,2,0,1,0,0,1,0,0,0,0
5060,0,5,0,0,1,0,0,0,0,0,1
5061,1,4,0,0,0,0,0,0,0,0,1
5062,1,5,0,0,1,0,0,0,0,0,0
5063,0,1,1,0,0,0,0,0,0,0,1
5064,0,2,0,0,1,0,0,0,0,0,1
5065,0,0,0,1,0,0,1,0,0,0,0
5066,1,21,0,0,1,0,0,0,0,0,0
5067,0,0,0,0,1,0,0,0,0,0,1
5068,0,1,0,1,0,0,0,0,1,0,0
5069,1,3,0,0,1,0,0,0,0,0,1
5070,0,1,0,0,1,0,0,0,0,1,0
5071,0,0,0,1,1,0,0,0,0,0,0
5072,0,3,0,0,1,0,0,0,0,0,0
5073,0,0,0,0,0,0,0,0,0,0,1
5074,0,0,1,0,0,0,0,0,0,0,0
5075,1,5,0,0,0,0,0,0,0,0,0
5076,1,1,0,1,1,0,0,0,0,0,0
5077,0,0,1,0,0,0,0,0,0,0,0
5078,0,1,0,0,0,0,0,0,0,0,1
5079,0,0,0,0,0,0,1,0,0,1,1
5080,0,0,0,0,1,0,0,0,0,0,1
5081,1,6,0,0,1,0,0,0,0,0,1
5082,1,0,0,1,0,0,1,0,0,1,1
5083,1,9,1,0,1,0,0,0,0,0,0
5084,1,8,0,1,0,0,0,0,0,0,0
5085,0,2,0,0,0,0,0,0,0,0,1
5086,1,3,0,1,1,0,0,0,0,0,0
5087,0,0,0,0,0,0,0,0,0,1,1
5088,1,7,0,0,1,0,0,0,0,0,0
5089,0,5,1,0,0,0,0,0,0,0,0
5090,1,4,0,0,1,0,0,0,0,0,1
5091,0,1,0,0,1,0,0,0,0,0,0
5092,0,0,0,0,0,0,1,0,0,1,0
5093,1,1,0,0,1,0,0,0,0,1,1
5094,0,10,0,1,0,0,0,0,0,0,0
5095,1,0,0,1,0,0,1,0,0,0,0
5096,1,2,0,0,0,0,0,0,0,0,0
5097,0,0,0,1,0,0,0,0,1,0,0
5098,0,2,0,0,0,0,0,0,0,0,0
5099,1,12,0,0,1,0,0,0,0,0,0
5100,1,2,1,0,0,0,0,0,0,0,1
5101,0,2,0,0,0,0,0,0,0,0,1
5102,1,0,0,0,0,0,0,0,1,0,0
5103,1,1,1,0,0,0,0,0,0,0,0
5104,0,1,0,1,1,0,0,0,0,0,0
5105,1,3,0,1,1,0,0,0,0,0,0
5106,0,5,0,0,1,0,0,0,0,0,0
5107,1,6,0,1,1,0,0,0,0,0,0
5108,1,1,0,1,1,0,0,0,0,0,1
5109,1,2,0,0,0,0,0,0,0,1,0
5110,1,3,1,0,1,0,0,0,0,0,0
5111,1,11,0,0,0,0,0,0,0,0,0
5112,1,7,1,0,0,0,0,0,0,0,0
5113,0,2,1,0,0,0,1,0,0,0,1
5114,1,11,0,0,1,0,0,0,0,0,0
5115,0,1,0,1,1,0,0,0,0,0,0
5116,1,1,1,0,0,0,0,0,0,0,1
5117,0,2,0,0,1,0,0,0,0,0,1
5118,0,0,0,0,0,0,0,0,1,0,1
5119,0,2,0,0,1,0,0,0,0,0,0
5120,0,0,0,1,0,0,0,0,1,0,1
5121,0,0,0,0,0,0,0,0,0,1,0
5122,0,5,0,0,1,0,0,0,0,0,0
5123,0,0,0,1,0,0,0,0,0,0,0
5124,1,0,0,0,1,0,0,0,0,0,0
5125,1,1,0,1,1,0,0,0,0,0,1
5126,0,0,0,1,1,0,0,0,0,1,1
5127,1,0,0,0,0,0,0,0,1,0,0
5128,0,0,0,0,0,0,0,0,0,0,0
5129,1,2,0,1,0,0,0,0,0,0,0
5130,1,1,0,1,0,0,0,0,0,0,0
5131,1,5,0,1,0,0,0,0,0,0,0
5132,1,22,0,0,1,0,0,0,0,0,0
5133,1,0,0,0,0,0,0,0,1,1,0
5134,1,2,1,0,0,0,0,0,0,0,0
5135,0,5,0,0,1,0,0,0,0,0,1
5136,1,12,0,0,1,0,0,0,0,0,1
5137,0,0,0,0,1,0,0,0,0,0,0
5138,0,0,0,1,1,0,0,0,0,0,0
5139,0,0,0,0,1,0,0,0,0,0,0
5140,1,2,0,0,0,0,0,0,1,0,0
5141,0,1,1,0,0,0,0,0,0,0,0
5142,1,0,0,0,0,0,1,0,0,0,1
5143,0,0,0,1,1,0,0,0,0,0,0
5144,0,1,0,1,0,0,0,0,0,0,0
5145,1,0,0,1,0,0,0,0,0,1,0
5146,1,1,0,0,0,0,1,0,0,0,1
5147,1,1,0,0,0,0,0,0,0,0,0
5148,1,3,0,0,1,0,0,0,0,1,1
5149,0,3,0,1,1,0,0,0,0,0,0
5150,1,0,1,0,0,0,1,0,0,1,1
5151,1,11,0,0,1,0,0,0,0,1,0
5152,0,0,0,0,0,0,0,0,0,1,1
5153,1,13,1,0,1,0,0,0,0,0,0
5154,0,9,0,0,1,0,0,0,0,0,1
5155,1,4,0,1,0,0,1,0,0,0,0
5156,0,6,1,0,0,0,0,0,0,0,0
5157,1,2,1,0,1,0,0,0,0,0,0
5158,0,1,0,0,1,0,0,0,0,1,1
5159,1,0,0,0,0,0,0,0,0,0,0
5160,1,1,0,0,0,0,0,0,1,0,0
5161,1,1,0,1,1,0,0,0,0,0,0
5162,0,1,0,0,1,0,0,0,0,0,1
5163,1,20,0,0,1,0,0,0,0,0,0
5164,1,2,0,0,1,0,0,0,0,0,0
5165,1,4,0,1,0,0,1,0,0,0,0
5166,0,6,1,0,0,0,0,0,0,0,0
5167,0,0,0,1,1,0,0,0,0,0,0
5168,0,0,0,1,0,0,0,0,0,0,1
5169,0,0,1,0,0,0,0,0,0,0,1
5170,0,7,0,0,1,0,0,0,0,0,1
5171,0,0,0,0,0,0,0,0,0,0,1
5172,1,3,0,1,0,0,0,0,0,0,0
5173,0,0,0,0,0,0,0,0,0,0,0
5174,1,9,0,0,1,0,0,0,0,0,1
5175,1,2,0,0,0,0,0,0,0,0,0
5176,0,1,0,0,0,0,0,0,0,0,0
5177,0,0,0,1,1,0,0,0,0,0,1
5178,0,0,0,1,0,0,0,0,0,1,1
5179,0,3,0,0,0,0,0,0,0,0,0
5180,1,3,0,0,0,0,0,0,0,0,0
5181,0,1,1,0,0,0,0,0,0,0,0
5182,0,0,0,0,1,0,0,0,0,1,0
5183,1,1,0,1,1,0,0,0,0,0,0
5184,1,1,0,0,1,0,0,0,0,0,0
5185,0,2,0,0,0,0,0,0,0,0,0
5186,0,0,0,0,0,0,0,0,0,0,0
5187,0,3,0,0,0,0,0,0,0,0,0
5188,1,1,0,1,1,0,0,0,0,0,0
5189,0,2,0,0,1,0,0,0,0,0,1
5190,0,0,1,0,0,0,0,0,0,1,1
5191,1,1,0,0,1,0,0,0,0,0,0
5192,0,25,1,0,1,0,0,0,0,0,0
5193,0,0,0,0,0,0,0,0,1,0,1
5194,0,4,0,0,0,0,0,0,0,0,0
5195,0,3,0,0,1,0,0,0,0,0,0
5196,1,0,0,0,0,0,0,0,0,0,0
5197,1,15,0,0,0,0,0,0,0,0,0
5198,0,0,0,0,1,0,0,0,0,0,0
5199,0,0,1,0,0,0,0,0,0,0,1
5200,1,0,0,0,0,0,0,0,0,0,0
5201,0,4,1,0,0,0,0,0,0,1,0
5202,1,3,0,0,1,0,0,0,0,0,0
5203,0,1,0,0,1,0,0,0,0,0,0
5204,0,0,1,0,0,0,1,0,0,0,0
5205,0,0,0,0,1,0,0,0,0,1,0
5206,0,0,0,0,0,0,0,0,0,1,1
5207,1,1,0,0,0,0,0,0,0,0,0
5208,0,0,0,0,1,0,0,0,0,1,1
5209,0,3,0,0,1,0,0,0,0,0,1
5210,1,4,0,1,0,0,0,0,0,0,0
5211,0,0,0,0,1,0,0,0,0,0,0
5212,0,0,1,0,0,0,0,0,0,0,1
5213,0,0,0,0,1,0,0,0,0,1,1
5214,0,0,0,0,0,0,0,0,0,1,1
5215,0,4,0,0,0,0,0,0,0,1,1
5216,0,0,0,1,1,0,0,0,0,1,0
5217,1,5,0,0,0,0,0,0,0,0,0
5218,0,0,0,0,0,0,0,0,0,0,0
5219,0,3,1,0,1,0,0,0,0,0,0
5220,1,8,0,1,1,0,0,0,0,0,0
5221,0,4,0,0,1,0,0,0,0,0,0
5222,1,10,0,0,1,0,0,0,0,0,0
5223,0,2,0,0,0,0,1,0,0,0,0
5224,1,4,0,0,1,0,0,0,0,1,0
5225,0,2,1,0,1,0,0,0,0,0,1
5226,0,3,0,0,0,0,1,0,0,0,1
5227,1,1,0,0,0,0,0,0,1,0,0
5228,0,0,0,0,1,0,0,0,0,0,1
5229,1,0,0,1,1,0,0,0,0,0,1
5230,1,22,1,0,1,0,0,0,0,0,0
5231,1,3,1,0,0,0,0,0,0,1,0
5232,0,0,1,0,0,0,0,0,1,0,0
5233,1,10,0,0,1,0,0,0,0,0,0
5234,0,1,1,0,1,0,0,0,0,0,1
5235,1,1,0,1,1,0,0,0,0,0,0
5236,1,4,0,1,0,0,0,0,0,0,1
5237,1,2,0,0,0,0,0,0,0,1,0
5238,1,3,1,0,0,0,1,0,0,0,0
5239,1,3,0,0,0,0,0,0,0,0,1
5240,1,1,0,1,1,0,0,0,0,0,0
5241,0,0,0,0,0,0,1,0,0,1,0
5242,0,0,0,1,1,0,0,0,0,0,0
5243,1,8,1,0,1,0,0,0,0,0,0
5244,0,5,0,0,1,0,0,0,0,0,0
5245,0,1,0,0,0,0,0,0,0,0,0
5246,1,0,0,0,1,0,0,0,0,1,1
5247,1,1,0,0,0,0,0,0,0,0,0
5248,0,8,0,0,1,0,0,0,0,0,1
5249,1,5,1,0,1,0,0,0,0,0,0
5250,0,0,0,0,1,0,0,0,0,1,1
5251,0,2,0,1,0,0,0,0,0,0,0
5252,0,4,0,0,0,0,0,0,0,0,0
5253,0,21,1,0,1,0,0,0,0,0,0
5254,0,4,0,1,0,0,0,0,0,0,0
5255,1,1,0,0,0,0,0,0,0,0,0
5256,0,0,0,1,0,0,0,0,0,0,1
5257,0,6,0,0,1,0,0,0,0,0,1
5258,1,9,0,0,1,0,0,0,0,0,0
5259,0,15,1,0,1,0,0,0,0,0,1
5260,1,22,1,0,0,0,0,1,0,0,0
5261,0,0,1,0,0,0,0,0,1,1,1
5262,0,1,0,0,1,0,0,0,0,0,1
5263,1,10,1,0,1,0,0,0,0,0,0
5264,0,2,0,1,1,0,0,0,0,0,0
5265,1,5,0,0,1,0,0,0,0,1,0
5266,0,0,0,0,0,0,0,0,1,0,0
5267,0,0,1,0,0,0,1,0,0,0,0
5268,1,2,0,0,0,0,0,0,0,1,0
5269,0,5,0,0,0,0,0,0,0,0,0
5270,0,2,0,0,0,0,0,0,0,0,1
5271,1,8,1,0,0,0,0,0,1,0,0
5272,1,4,0,0,1,0,0,0,0,0,0
5273,0,1,0,0,0,0,0,0,0,0,0
5274,0,0,1,0,0,0,0,0,0,0,0
5275,0,1,1,0,0,0,0,0,0,0,1
5276,1,1,0,0,0,0,0,0,0,1,0
5277,0,4,0,0,0,0,0,0,0,0,0
5278,1,0,0,0,0,0,0,0,1,0,0
5279,1,3,0,1,1,0,0,0,0,0,1
5280,1,3,0,0,0,0,1,0,0,0,1
5281,0,1,0,1,0,0,0,0,0,0,1
5282,1,18,0,0,1,0,0,0,0,0,0
5283,1,1,0,0,1,0,0,0,0,0,1
5284,1,7,0,0,1,0,0,0,0,1,0
5285,0,20,0,0,1,0,0,0,0,0,0
5286,0,1,0,0,1,0,0,0,0,1,1
5287,1,16,0,0,1,0,0,0,0,0,0
5288,1,1,0,0,0,0,0,0,0,0,1
5289,0,7,1,0,0,0,0,0,0,0,0
5290,0,1,0,0,1,0,0,0,0,0,0
5291,1,0,1,0,1,0,0,0,0,0,0
5292,0,2,0,0,1,0,0,0,0,0,0
5293,0,0,1,0,0,0,0,0,0,1,0
5294,0,7,1,0,0,0,0,0,0,0,1
5295,1,2,0,1,0,0,1,0,0,0,0
5296,0,0,0,0,1,0,0,0,0,1,1
5297,0,3,0,1,0,0,0,0,0,0,0
5298,1,11,0,0,1,0,0,0,0,0,0
5299,0,2,0,1,0,0,1,0,0,0,0
5300,1,2,0,0,1,0,0,0,0,0,0
5301,0,0,0,1,1,0,0,0,0,0,0
5302,1,5,0,0,1,0,0,0,0,0,1
5303,1,1,0,0,1,0,0,0,0,0,0
5304,1,17,0,0,1,0,0,0,0,0,0
5305,0,0,0,0,0,0,0,0,0,1,0
5306,0,0,1,0,0,0,0,0,0,0,1
5307,0,0,0,1,1,0,0,0,0,1,0
5308,1,4,0,0,1,0,0,0,0,0,0
5309,1,12,0,0,1,0,0,0,0,0,1
5310,1,0,0,1,1,0,0,0,0,0,1
5311,0,0,0,1,0,0,0,0,1,0,1
5312,0,0,0,0,0,0,1,0,0,0,1
5313,0,1,0,0,0,0,1,0,0,0,1
5314,1,1,1,0,0,0,0,0,0,0,1
5315,0,0,0,1,0,0,0,0,0,0,1
5316,0,2,1,0,1,0,0,0,0,1,0
5317,1,0,0,1,1,0,0,0,0,0,0
5318,0,14,0,0,1,0,0,0,0,0,0
5319,0,1,0,0,1,0,0,0,0,0,0
5320,0,3,0,0,1,0,0,0,0,1,0
5321,1,16,0,0,1,0,0,0,0,0,0
5322,0,1,0,0,0,0,0,0,0,1,1
5323,1,0,0,1,1,0,0,0,0,0,0
5324,1,0,0,1,0,0,0,0,0,0,1
5325,0,1,0,1,0,0,0,0,0,0,1
5326,0,7,0,0,1,0,0,0,0,0,1
5327,0,0,0,0,1,0,0,0,0,0,0
5328,0,0,0,0,0,0,0,0,0,0,0
5329,1,2,0,1,0,0,1,0,0,0,0
5330,0,1,0,0,1,0,0,0,0,0,0
5331,1,22,0,0,1,0,0,0,0,0,0
5332,0,0,1,0,0,0,1,0,0,0,1
5333,1,0,0,1,1,0,0,0,0,0,1
5334,1,9,0,0,1,0,0,0,0,0,0
5335,0,0,0,0,0,0,1,0,0,0,0
5336,0,2,0,0,1,0,0,0,0,0,0
5337,0,1,0,0,1,0,0,0,0,0,0
5338,0,7,0,0,1,0,0,0,0,0,0
5339,0,2,1,0,0,0,0,0,0,1,0
5340,0,0,0,0,0,0,0,0,0,1,1
5341,1,6,0,0,0,0,0,0,0,0,0
5342,1,2,0,0,1,0,0,0,0,0,0
5343,0,1,0,0,0,0,0,0,0,0,1
5344,0,2,0,0,1,0,0,0,0,0,1
5345,1,6,0,0,1,0,0,0,0,0,0
5346,0,0,1,0,0,0,1,0,0,0,1
5347,1,5,0,0,0,0,1,0,0,0,0
5348,1,2,0,1,1,0,0,0,0,0,0
5349,1,29,1,0,1,0,0,0,0,0,0
5350,1,23,0,0,1,0,0,0,0,1,1
5351,0,0,0,0,0,0,1,0,0,0,1
5352,1,3,0,0,1,0,0,0,0,0,0
5353,1,1,0,0,1,0,0,0,0,0,0
5354,1,2,0,1,1,0,0,0,0,0,0
5355,0,5,1,0,1,0,0,0,0,0,0
5356,0,0,0,0,0,0,0,0,0,0,1
5357,0,6,1,0,0,0,0,0,0,1,0
5358,1,16,1,0,1,0,0,0,0,0,0
5359,1,1,0,0,0,0,1,0,0,0,0
5360,0,2,1,0,0,0,0,0,0,0,1
5361,0,0,0,0,0,0,0,0,0,0,1
5362,0,1,0,0,0,0,1,0,0,0,0
5363,0,2,0,0,1,0,0,0,0,1,1
5364,1,4,0,1,0,0,0,0,0,1,0
5365,1,3,0,0,0,0,0,0,0,0,0
5366,0,1,0,1,0,0,0,0,0,0,0
5367,1,1,0,1,0,0,0,0,0,0,0
5368,0,0,0,0,1,0,0,0,0,1,0
5369,1,10,0,0,1,0,0,0,0,0,0
5370,0,0,0,0,0,0,0,0,0,0,1
5371,1,0,0,1,1,0,0,0,0,0,0
5372,0,9,0,0,1,0,0,0,0,0,0
5373,0,1,1,0,0,0,0,0,1,1,0
5374,0,3,1,0,0,0,0,0,1,0,1
5375,0,5,0,0,1,0,0,0,0,0,1
5376,0,0,0,1,1,0,0,0,0,1,0
5377,1,0,1,0,1,0,0,0,0,1,0
5378,1,0,0,1,1,0,0,0,0,1,1
5379,0,0,1,0,0,0,0,0,0,0,0
5380,0,2,1,0,1,0,0,0,0,0,1
5381,1,2,0,1,1,0,0,0,0,0,0
5382,0,1,0,0,0,0,0,0,0,0,0
5383,0,0,1,0,0,0,0,0,0,1,0
5384,0,0,0,1,0,0,0,0,0,0,1
5385,1,10,0,0,0,0,0,0,0,0,0
5386,1,9,0,0,0,0,1,0,0,1,0
5387,1,5,0,0,1,0,0,0,0,1,0
5388,1,4,0,1,1,0,0,0,0,0,0
5389,1,3,0,0,0,0,0,0,0,1,0
5390,0,0,0,1,0,0,0,0,0,1,0
5391,1,8,0,0,0,0,1,0,0,1,1
5392,1,1,0,0,0,0,0,0,0,0,1
5393,1,9,1,0,0,0,0,0,0,0,0
5394,1,4,0,0,1,0,0,0,0,0,0
5395,0,2,0,0,0,0,0,0,0,0,0
5396,1,1,0,1,0,0,0,0,0,0,0
5397,0,0,1,0,0,0,0,0,0,0,0
5398,0,0,0,0,1,0,0,0,0,0,1
5399,1,2,0,0,0,0,0,0,1,0,0
5400,1,6,0,0,1,0,0,0,0,0,0
5401,1,2,0,1,1,0,0,0,0,1,0
5402,0,7,0,1,1,0,0,0,0,1,0
5403,0,0,0,0,0,0,0,0,0,0,1
5404,0,1,0,1,0,0,0,0,0,1,1
5405,0,1,1,0,0,0,0,0,0,0,0
5406,0,7,0,0,0,0,1,0,0,0,0
5407,0,2,0,1,0,0,1,0,0,0,0
5408,0,0,0,0,0,0,0,0,0,1,0
5409,1,13,0,0,1,0,0,0,0,0,0
5410,1,27,0,0,1,0,0,0,0,0,1
5411,0,2,1,0,0,0,0,0,0,0,0
5412,0,0,0,0,0,0,0,0,0,0,0
5413,0,0,0,1,1,0,0,0,0,0,1
5414,1,9,0,0,1,0,0,0,0,1,1
5415,0,3,1,0,0,0,0,0,0,0,0
5416,0,3,0,0,0,0,1,0,0,0,0
5417,0,1,0,1,0,0,0,0,0,0,0
5418,1,3,1,0,1,0,0,0,0,0,0
5419,1,0,0,0,0,0,0,0,0,0,1
5420,1,6,0,0,1,0,0,0,0,0,0
5421,0,6,0,0,1,0,0,0,0,0,1
5422,0,0,0,0,1,0,0,0,0,0,1
5423,0,3,1,0,0,0,0,0,0,0,1
5424,0,1,0,0,1,0,0,0,0,1,1
5425,1,3,0,0,0,0,0,0,0,1,0
5426,0,0,0,1,1,0,0,0,0,0,0
5427,1,1,0,1,0,0,0,0,0,0,0
5428,0,0,0,0,1,0,0,0,0,1,1
5429,0,2,0,0,1,0,0,0,0,0,0
5430,0,0,0,1,0,0,0,0,0,0,0
5431,0,4,1,0,1,0,0,0,0,0,0
5432,1,4,0,1,0,0,0,0,0,0,1
5433,0,2,0,0,1,0,0,0,0,0,0
5434,0,0,0,0,1,0,0,0,0,0,0
5435,1,5,0,1,1,0,0,0,0,0,0
5436,1,0,0,1,1,0,0,0,0,0,1
5437,0,0,0,1,1,0,0,0,0,0,0
5438,0,2,0,0,1,0,0,0,0,0,1
5439,0,0,0,0,1,0,0,0,0,1,1
5440,0,2,0,0,1,0,0,0,0,0,0
5441,0,0,0,0,0,0,1,0,0,0,0
5442,0,1,0,0,0,0,0,0,0,0,1
5443,1,1,0,1,1,0,0,0,0,0,0
5444,0,1,0,0,0,0,0,0,1,0,0
5445,1,0,0,0,1,0,0,0,0,1,0
5446,0,0,0,1,1,0,0,0,0,0,0
5447,0,7,0,1,0,0,0,0,0,1,1
5448,1,6,0,0,0,0,0,0,1,1,0
5449,1,6,0,0,1,0,0,0,0,0,0
5450,0,1,0,1,1,0,0,0,0,1,0
5451,1,8,0,0,1,0,0,0,0,0,0
5452,1,2,0,0,1,0,0,0,0,0,0
5453,0,0,0,0,0,0,0,0,0,0,1
5454,1,8,0,1,1,0,0,0,0,0,0
5455,0,0,1,0,0,0,0,0,0,1,1
5456,1,1,0,1,0,0,0,0,0,0,0
5457,0,0,0,1,1,0,0,0,0,0,1
5458,0,0,1,0,1,0,0,0,0,1,0
5459,0,0,1,0,0,0,0,0,1,0,1
5460,1,0,0,0,1,0,0,0,0,1,0
5461,0,0,0,0,0,0,0,0,0,0,1
5462,0,1,0,1,1,0,0,0,0,1,1
5463,1,2,0,1,1,0,0,0,0,0,0
5464,1,0,0,1,1,0,0,0,0,0,0
5465,0,0,0,1,0,0,0,0,0,0,0
5466,0,3,0,0,1,0,0,0,0,0,1
5467,1,12,1,0,1,0,0,0,0,0,0
5468,1,1,0,1,1,0,0,0,0,0,0
5469,0,1,0,0,1,0,0,0,0,0,0
5470,1,2,0,1,1,0,0,0,0,0,1
5471,0,0,0,1,0,0,1,0,0,0,1
5472,1,4,0,0,1,0,0,0,0,0,0
5473,1,11,0,0,1,0,0,0,0,0,0
5474,0,0,0,1,1,0,0,0,0,0,0
5475,1,1,0,1,1,0,0,0,0,1,0
5476,0,1,0,0,0,0,0,0,1,0,1
5477,1,3,0,0,1,0,0,0,0,0,0
5478,1,6,0,0,1,0,0,0,0,0,0
5479,1,4,0,0,1,0,0,0,0,0,1
5480,1,6,0,0,0,0,0,0,0,0,0
5481,0,0,1,0,0,0,0,0,0,0,0
5482,0,0,0,0,0,0,0,0,0,0,1
5483,0,4,0,0,1,0,0,0,0,0,1
5484,1,3,0,1,1,0,0,0,0,0,0
5485,1,0,1,0,0,0,0,0,0,0,1
5486,1,0,0,0,1,0,0,0,0,0,0
5487,0,0,0,0,1,0,0,0,0,0,0
5488,1,6,0,1,0,0,0,0,0,0,0
5489,0,11,0,0,1,0,0,0,0,0,1
5490,0,2,0,0,1,0,0,0,0,0,1
5491,0,0,1,0,0,0,0,0,0,0,1
5492,1,7,0,0,1,0,0,0,0,0,0
5493,1,0,0,1,1,0,0,0,0,1,0
5494,0,2,1,0,1,0,0,0,0,0,1
5495,1,2,0,0,1,0,0,0,0,0,0
5496,0,27,1,0,0,0,0,0,0,0,1
5497,1,2,1,0,0,0,0,0,1,0,1
5498,1,0,0,0,0,0,0,0,0,0,0
5499,0,1,0,0,0,0,0,0,0,0,1
5500,0,0,0,0,1,0,0,0,0,0,0
5501,1,4,1,0,0,0,1,0,0,1,0
5502,1,2,0,0,1,0,0,0,0,0,0
5503,0,0,1,0,0,0,0,0,1,0,0
5504,1,0,0,1,0,0,1,0,0,0,0
5505,0,8,0,0,1,0,0,0,0,0,0
5506,1,5,0,0,1,0,0,0,0,1,0
5507,1,2,0,0,1,0,0,0,0,1,0
5508,1,2,0,0,1,0,0,0,0,0,0
5509,0,2,0,0,1,0,0,0,0,0,1
5510,1,6,0,0,0,0,0,0,0,0,1
5511,0,20,1,0,1,0,0,0,0,0,0
5512,0,1,1,0,0,0,1,0,0,0,1
5513,0,0,0,0,0,0,0,0,0,0,0
5514,0,0,1,0,0,0,0,0,0,0,0
5515,1,0,0,0,0,0,1,0,0,0,1
5516,1,1,0,0,0,0,0,0,0,0,1
5517,0,0,1,0,0,0,0,0,0,0,0
5518,0,2,0,0,1,0,0,0,0,0,1
5519,0,3,1,0,1,0,0,0,0,1,0
5520,0,0,1,0,1,0,0,0,0,0,0
5521,0,0,0,0,0,0,0,0,0,1,1
5522,0,0,1,0,0,0,1,0,0,1,0
5523,1,10,0,0,1,0,0,0,0,0,0
5524,0,0,1,0,1,0,0,0,0,0,1
5525,1,1,0,0,0,0,0,0,0,0,0
5526,1,0,1,0,1,0,0,0,0,1,0
5527,1,1,1,0,1,0,0,0,0,0,1
5528,1,2,0,1,1,0,0,0,0,0,0
5529,1,4,1,0,1,0,0,0,0,0,0
5530,0,3,1,0,0,0,0,0,0,0,0
5531,0,15,0,0,1,0,0,0,0,0,0
5532,1,8,0,1,1,0,0,0,0,0,0
5533,0,2,0,0,0,0,0,0,0,0,0
5534,0,13,0,0,0,0,1,0,0,0,0
5535,1,1,0,0,1,0,0,0,0,0,1
5536,1,9,0,0,1,0,0,0,0,0,1
5537,0,6,0,0,1,0,0,0,0,0,0
5538,0,1,0,0,1,0,0,0,0,0,1
5539,0,12,1,0,1,0,0,0,0,0,1
5540,1,0,1,0,1,0,0,0,0,0,1
5541,1,3,0,0,1,0,0,0,0,0,0
5542,1,1,0,1,0,0,0,0,0,0,0
5543,0,0,1,0,0,0,0,0,0,1,1
5544,1,7,0,0,1,0,0,0,0,0,0
5545,0,0,0,1,1,0,0,0,0,1,0
5546,0,8,0,0,1,0,0,0,0,0,0
5547,0,9,0,0,1,0,0,0,0,0,0
5548,0,1,0,0,1,0,0,0,0,0,1
5549,0,1,0,0,1,0,0,0,0,0,0
5550,1,5,0,0,1,0,0,0,0,0,0
5551,1,10,0,0,0,0,0,0,0,1,0
5552,1,0,0,0,1,0,0,0,0,1,1
5553,1,5,0,0,1,0,0,0,0,0,0
5554,1,2,0,1,0,0,0,0,0,0,1
5555,1,7,1,0,1,0,0,0,0,0,0
5556,1,2,0,1,1,0,0,0,0,0,0
5557,1,11,0,0,1,0,0,0,0,0,0
5558,0,0,0,0,0,0,1,0,0,0,0
5559,1,4,0,1,0,0,0,0,0,0,1
5560,0,1,0,0,1,0,0,0,0,0,1
5561,0,1,0,0,0,0,0,0,0,0,1
5562,0,0,0,0,1,0,0,0,0,0,1
5563,1,0,1,0,0,0,0,0,0,1,1
5564,0,1,0,0,1,0,0,0,0,0,1
5565,0,4,0,0,1,0,0,0,0,1,0
5566,1,4,0,0,1,0,0,0,0,0,0
5567,1,0,0,0,0,0,0,0,0,0,0
5568,0,0,1,0,1,0,0,0,0,0,1
5569,1,14,0,0,1,0,0,0,0,0,0
5570,1,5,0,0,1,0,0,0,0,0,0
5571,1,15,0,1,1,0,0,0,0,0,0
5572,0,0,1,0,0,0,0,0,0,0,1
5573,1,15,0,0,1,0,0,0,0,1,0
5574,0,0,1,0,0,0,1,0,0,0,0
5575,1,0,0,0,0,0,0,0,0,0,0
5576,1,0,0,1,0,0,0,0,0,0,0
5577,0,10,0,0,1,0,0,0,0,0,0
5578,0,2,0,0,0,0,0,0,0,0,0
5579,0,0,0,0,0,0,0,0,0,0,0
5580,1,1,0,1,1,0,0,0,0,0,0
5581,0,0,0,0,1,0,0,0,0,0,0
5582,1,4,1,0,1,0,0,0,0,0,0
5583,0,0,0,1,1,0,0,0,0,1,1
5584,0,0,0,0,1,0,0,0,0,1,1
5585,0,2,0,1,1,0,0,0,0,1,0
5586,0,1,0,1,0,0,0,0,0,0,0
5587,1,12,1,0,1,0,0,0,0,0,1
5588,1,2,0,0,1,0,0,0,0,1,0
5589,1,5,1,0,0,0,0,0,0,0,0
5590,1,13,0,0,1,0,0,0,0,0,0
5591,0,0,1,0,0,0,0,0,0,1,0
5592,0,0,0,1,1,0,0,0,0,0,1
5593,1,0,0,1,1,0,0,0,0,0,0
5594,1,5,0,0,1,0,0,0,0,0,1
5595,0,1,0,0,0,0,0,0,0,1,1
5596,1,2,0,0,1,0,0,0,0,1,0
5597,1,1,0,1,1,0,0,0,0,0,0
5598,1,3,0,1,1,0,0,0,0,0,0
5599,0,0,0,1,1,0,0,0,0,0,0
5600,0,8,0,0,0,0,0,0,0,0,0
5601,1,0,0,1,1,0,0,0,0,1,1
5602,0,0,0,1,0,0,0,0,0,0,1
5603,1,0,0,0,0,0,0,0,0,1,0
5604,0,0,0,1,1,0,0,0,0,0,1
5605,0,5,0,0,1,0,0,0,0,0,1
5606,1,0,0,1,0,0,0,0,0,0,1
5607,0,0,0,1,1,0,0,0,0,0,0
5608,1,1,0,0,0,0,0,0,0,0,0
5609,1,9,0,0,1,0,0,0,0,0,0
5610,1,0,0,1,1,0,0,0,0,0,0
5611,1,2,0,1,1,0,0,0,0,1,0
5612,1,0,0,1,0,0,0,0,1,0,0
5613,0,0,0,1,1,0,0,0,0,1,0
5614,1,3,0,1,1,0,0,0,0,0,0
5615,0,0,0,0,0,0,0,0,0,0,0
5616,0,0,0,1,0,0,0,0,0,0,0
5617,1,6,0,0,1,0,0,0,0,0,1
5618,1,0,0,1,1,0,0,0,0,0,0
5619,0,0,1,0,0,0,0,0,0,0,0
5620,1,7,0,0,1,0,0,0,0,1,0
5621,0,0,1,0,1,0,0,0,0,1,0
5622,1,9,0,0,1,0,0,0,0,0,1
5623,1,7,1,0,1,0,0,0,0,0,1
5624,1,2,1,0,1,0,0,0,0,1,1
5625,1,6,0,0,1,0,0,0,0,0,0
5626,0,0,1,0,0,0,0,0,0,1,0
5627,1,0,0,0,0,0,0,0,0,0,1
5628,1,0,0,1,1,0,0,0,0,0,1
5629,1,0,0,1,0,0,0,0,0,0,0
5630,0,0,1,0,0,0,0,0,0,0,0
5631,1,5,0,0,0,0,0,0,0,0,0
5632,0,1,0,0,1,0,0,0,0,1,0
5633,0,1,1,0,1,0,0,0,0,0,0
5634,0,5,0,0,0,0,0,0,1,0,1
5635,0,13,1,0,1,0,0,0,0,0,1
5636,0,6,0,0,1,0,0,0,0,1,0
5637,0,0,0,0,1,0,0,0,0,0,0
5638,1,2,0,0,0,0,0,0,0,1,0
5639,0,0,1,0,1,0,0,0,0,0,1
5640,0,1,0,0,0,0,0,0,0,0,1
5641,0,5,1,0,1,0,0,0,0,0,0
5642,0,0,0,1,0,0,0,0,0,0,0
5643,0,0,0,0,0,0,0,0,0,1,0
5644,0,1,0,0,0,0,1,0,0,1,1
5645,1,4,0,0,0,0,0,0,0,0,0
5646,0,6,0,0,1,0,0,0,0,0,1
5647,1,2,0,0,0,0,1,0,0,1,0
5648,0,0,0,0,0,0,0,0,0,0,1
5649,1,3,0,0,0,0,0,0,0,1,0
5650,1,0,1,0,0,0,0,0,0,0,0
5651,0,1,0,0,1,0,0,0,0,1,0
5652,1,5,0,0,1,0,0,0,0,0,0
5653,1,5,1,0,1,0,0,0,0,0,0
5654,0,0,0,1,0,0,0,0,0,0,1
5655,0,2,0,0,1,0,0,0,0,0,0
5656,0,0,0,1,0,0,0,0,1,1,0
5657,1,3,0,0,1,0,0,0,0,0,0
5658,0,1,0,0,1,0,0,0,0,1,0
5659,1,7,0,0,1,0,0,0,0,1,0
5660,0,0,0,0,1,0,0,0,0,0,0
5661,1,2,0,0,1,0,0,0,0,0,1
5662,0,0,1,0,0,0,1,0,0,0,1
5663,1,2,0,1,1,0,0,0,0,0,0
5664,1,2,0,0,0,0,0,0,1,1,1
5665,1,7,0,0,1,0,0,0,0,0,0
5666,1,5,1,0,0,0,1,0,0,0,0
5667,1,0,0,1,0,0,0,0,0,1,1
5668,0,5,1,0,0,0,0,0,0,0,1
5669,1,5,0,0,1,0,0,0,0,0,0
5670,0,1,1,0,1,0,0,0,0,1,0
5671,0,1,0,1,1,0,0,0,0,0,0
5672,1,2,0,0,0,0,0,0,0,0,1
5673,0,0,0,0,0,0,0,0,0,0,1
5674,1,6,0,0,0,0,1,0,0,0,1
5675,1,2,0,0,1,0,0,0,0,0,0
5676,0,0,0,0,1,0,0,0,0,0,0
5677,1,1,0,0,1,0,0,0,0,1,0
5678,0,0,0,0,0,0,1,0,0,1,1
5679,1,11,0,0,1,0,0,0,0,0,1
5680,1,3,0,0,1,0,0,0,0,0,1
5681,1,10,0,0,1,0,0,0,0,1,0
5682,1,0,0,1,1,0,0,0,0,0,0
5683,0,0,1,0,0,0,0,0,0,0,0
5684,0,0,0,0,0,0,0,0,0,1,0
5685,0,4,0,1,1,0,0,0,0,0,1
5686,1,5,0,0,1,0,0,0,0,0,0
5687,1,2,0,1,1,0,0,0,0,0,0
5688,0,1,1,0,0,0,0,0,0,0,1
5689,1,0,0,0,0,0,0,0,0,0,1
5690,1,0,0,0,0,0,0,0,0,0,0
5691,1,12,0,0,1,0,0,0,0,0,0
5692,0,0,1,0,0,0,0,0,0,0,0
5693,0,2,1,0,1,0,0,0,0,0,1
5694,0,0,0,0,1,0,0,0,0,0,0
5695,0,1,0,0,1,0,0,0,0,0,1
5696,0,1,0,0,1,0,0,0,0,0,1
5697,0,0,0,0,1,0,0,0,0,0,1
5698,1,3,0,0,0,0,0,0,0,0,1
5699,1,8,0,0,1,0,0,0,0,0,0
5700,0,1,0,1,1,0,0,0,0,0,1
5701,1,5,0,1,1,0,0,0,0,0,0
5702,0,0,0,0,0,0,0,0,1,0,1
5703,0,4,0,0,0,0,0,0,0,0,0
5704,1,25,1,0,1,0,0,0,0,1,0
5705,0,2,0,0,0,0,0,0,1,0,0
5706,1,0,0,0,0,0,1,0,0,0,0
5707,1,1,0,0,1,0,0,0,0,1,1
5708,1,2,0,0,0,0,1,0,0,0,1
5709,0,9,0,0,1,0,0,0,0,0,0
5710,0,0,0,0,1,0,0,0,0,0,1
5711,0,0,0,1,1,0,0,0,0,1,1
5712,0,4,0,1,1,0,0,0,0,0,0
5713,0,0,0,0,1,0,0,0,0,1,1
5714,1,9,0,0,1,0,0,0,0,0,0
5715,1,0,0,1,1,0,0,0,0,0,1
5716,1,0,0,1,0,0,0,0,0,1,0
5717,0,1,0,1,1,0,0,0,0,0,0
5718,0,0,0,0,1,0,0,0,0,0,1
5719,0,0,0,0,1,0,0,0,0,0,0
5720,0,0,0,0,0,0,0,0,1,0,0
5721,1,9,0,0,1,0,0,0,0,0,0
5722,0,3,1,0,0,0,0,0,0,0,0
5723,0,2,0,0,1,0,0,0,0,0,0
5724,0,0,1,0,0,0,0,0,0,0,1
5725,1,2,0,0,1,0,0,0,0,0,1
5726,0,1,0,1,1,0,0,0,0,0,0
5727,1,3,0,0,1,0,0,0,0,0,0
5728,0,1,0,1,1,0,0,0,0,0,0
5729,1,0,0,1,0,0,0,0,0,0,0
5730,0,0,0,0,1,0,0,0,0,0,0
5731,1,10,0,0,1,0,0,0,0,0,0
5732,0,3,0,0,0,0,0,0,0,0,1
5733,0,0,0,0,0,0,1,0,0,1,1
5734,1,5,1,0,0,0,0,0,1,0,1
5735,0,0,0,0,0,0,0,0,0,0,0
5736,0,0,0,1,1,0,0,0,0,0,1
5737,0,1,0,0,0,0,0,0,1,0,0
5738,0,11,0,0,1,0,0,0,0,0,0
5739,0,4,0,0,0,0,0,0,0,0,0
5740,0,0,0,0,0,0,0,0,1,1,0
5741,1,3,1,0,0,0,0,0,0,0,0
5742,0,0,1,0,0,0,0,0,0,0,1
5743,0,2,0,0,1,0,0,0,0,0,0
5744,0,0,0,0,0,0,0,0,1,0,1
5745,0,4,0,0,1,0,0,0,0,1,0
5746,0,0,0,0,0,0,0,0,0,0,0
5747,1,0,0,0,0,0,1,0,0,1,1
5748,0,2,0,0,0,0,1,0,0,0,1
5749,0,0,0,1,1,0,0,0,0,0,1
5750,1,0,0,0,1,0,0,0,0,0,1
5751,1,2,0,0,1,0,0,0,0,0,0
5752,0,14,0,0,1,0,0,0,0,0,0
5753,1,2,0,0,1,0,0,0,0,0,0
5754,0,0,1,0,0,0,0,0,0,1,1
5755,1,6,0,0,1,0,0,0,0,0,0
5756,0,3,0,0,0,0,0,0,1,0,1
5757,1,0,0,0,0,0,0,0,0,0,0
5758,0,0,0,1,1,0,0,0,0,0,0
5759,0,1,0,1,0,0,0,0,0,0,0
5760,0,1,0,0,1,0,0,0,0,0,0
5761,1,3,0,0,1,0,0,0,0,0,1
5762,0,1,0,0,1,0,0,0,0,0,1
5763,0,0,1,0,0,0,0,0,0,0,1
5764,1,1,0,1,1,0,0,0,0,0,0
5765,0,14,1,0,1,0,0,0,0,0,1
5766,1,0,0,1,0,0,1,0,0,0,0
5767,1,0,0,1,1,0,0,0,0,0,0
5768,1,2,1,0,0,0,0,0,0,0,0
5769,0,6,0,0,1,0,0,0,0,0,0
5770,1,7,1,0,1,0,0,0,0,0,0
5771,1,3,0,0,1,0,0,0,0,1,1
5772,0,4,0,0,1,0,0,0,0,0,0
5773,1,0,0,0,1,0,0,0,0,0,0
5774,0,0,1,0,0,0,0,0,1,0,1
5775,0,0,1,0,1,0,0,0,0,0,1
5776,1,3,0,0,1,0,0,0,0,0,0
5777,1,1,0,1,1,0,0,0,0,1,1
5778,1,13,0,0,1,0,0,0,0,0,0
5779,0,0,0,1,0,0,0,0,0,0,1
5780,0,0,1,0,0,0,0,0,1,0,1
5781,0,0,1,0,0,0,0,0,0,0,1
5782,0,0,0,0,0,0,1,0,0,0,1
5783,0,1,0,0,0,0,0,0,1,0,0
5784,1,0,0,1,1,0,0,0,0,0,0
5785,0,1,1,0,0,0,0,0,1,1,0
5786,1,3,0,0,1,0,0,0,0,0,1
5787,0,0,0,0,0,0,1,0,0,0,1
5788,1,0,0,0,0,0,0,0,0,1,0
5789,0,0,0,0,0,0,0,0,1,1,0
5790,0,0,0,0,1,0,0,0,0,0,0
5791,0,4,1,0,1,0,0,0,0,0,0
5792,1,9,0,0,1,0,0,0,0,0,1
5793,0,1,0,1,1,0,0,0,0,0,1
5794,1,1,0,0,1,0,0,0,0,0,0
5795,1,0,0,0,1,0,0,0,0,1,1
5796,0,0,0,1,1,0,0,0,0,1,1
5797,0,5,0,0,0,0,0,0,1,0,0
5798,1,3,0,0,0,0,1,0,0,0,0
5799,0,1,0,0,0,0,0,0,0,0,0
5800,0,2,0,0,1,0,0,0,0,0,1
5801,0,0,0,0,0,0,0,0,0,0,0
5802,0,1,0,0,0,0,0,0,0,1,0
5803,1,3,0,1,1,0,0,0,0,0,0
5804,1,1,0,1,0,0,0,0,1,0,0
5805,1,4,0,0,1,0,0,0,0,0,0
5806,0,1,0,0,0,0,1,0,0,0,0
5807,0,0,0,0,0,0,0,0,0,1,0
5808,1,0,0,0,0,0,0,0,0,0,1
5809,1,0,0,1,1,0,0,0,0,0,1
5810,0,0,1,0,0,0,0,0,0,1,1
5811,0,0,0,0,0,0,0,0,0,0,0
5812,1,0,0,1,0,0,0,0,0,0,1
5813,1,7,0,0,1,0,0,0,0,0,1
5814,0,0,0,0,0,0,0,0,1,1,1
5815,1,1,0,1,1,0,0,0,0,1,0
5816,1,10,0,0,1,0,0,0,0,0,0
5817,0,1,0,1,0,0,0,0,0,0,1
5818,1,3,0,0,1,0,0,0,0,0,1
5819,0,7,0,0,0,0,0,0,0,0,1
5820,1,3,0,0,0,0,0,0,0,0,0
5821,1,17,0,0,1,0,0,0,0,1,0
5822,0,0,0,0,1,0,0,0,0,0,1
5823,0,1,0,0,0,0,0,0,0,0,0
5824,0,3,0,1,0,0,0,0,0,0,1
5825,0,0,1,0,0,0,0,0,0,1,1
5826,0,2,1,0,0,0,0,0,0,0,1
5827,0,0,0,0,0,0,1,0,0,0,1
5828,0,2,0,0,1,0,0,0,0,0,0
5829,1,38,1,0,1,0,0,0,0,0,0
5830,0,0,0,0,0,0,1,0,0,0,1
5831,0,15,1,0,0,0,0,0,0,1,0
5832,0,0,1,0,0,0,0,0,0,0,0
5833,0,1,1,0,1,0,0,0,0,0,1
5834,0,1,0,0,1,0,0,0,0,0,0
5835,0,1,0,1,1,0,0,0,0,0,1
5836,0,0,1,0,0,0,0,0,0,0,0
5837,1,6,0,0,0,0,1,0,0,0,1
5838,1,2,0,0,0,0,0,0,0,0,0
5839,1,2,0,0,0,0,0,0,0,0,0
5840,0,2,1,0,1,0,0,0,0,0,0
5841,0,1,1,0,0,0,0,0,0,0,0
5842,0,8,1,0,0,0,0,0,0,0,1
5843,1,2,0,0,0,0,0,0,1,0,1
5844,1,17,0,0,0,0,1,0,0,0,0
5845,0,3,0,0,0,0,0,0,0,0,1
5846,0,6,1,0,1,0,0,0,0,0,0
5847,0,0,0,1,1,0,0,0,0,1,0
5848,1,2,0,0,0,0,0,0,0,0,1
5849,0,0,0,1,1,0,0,0,0,0,0
5850,0,0,0,0,0,0,0,0,0,0,0
5851,0,0,1,0,0,0,1,0,0,1,1
5852,0,8,0,0,1,0,0,0,0,0,0
5853,1,1,0,0,0,0,1,0,0,0,1
5854,0,0,0,1,1,0,0,0,0,0,0
5855,0,1,1,0,0,0,0,0,0,0,0
5856,1,11,1,0,1,0,0,0,0,0,1
5857,0,3,1,0,1,0,0,0,0,1,1
5858,1,1,0,0,0,0,0,0,0,0,1
5859,1,5,0,0,1,0,0,0,0,1,0
5860,0,0,0,0,1,0,0,0,0,1,0
5861,1,12,0,0,1,0,0,0,0,0,0
5862,0,0,0,0,0,0,1,0,0,1,0
5863,1,5,0,0,1,0,0,0,0,0,0
5864,1,9,0,0,1,0,0,0,0,0,0
5865,0,0,0,0,0,0,0,0,1,0,1
5866,0,0,0,0,0,0,0,0,0,1,0
5867,1,3,0,1,1,0,0,0,0,0,1
5868,0,3,1,0,0,0,0,0,0,0,1
5869,0,2,1,0,0,0,0,0,0,0,1
5870,1,5,0,0,0,0,0,1,0,1,0
5871,0,0,0,0,1,0,0,0,0,0,1
5872,0,5,0,0,0,0,1,0,0,0,0
5873,1,17,1,0,1,0,0,0,0,0,0
5874,1,1,0,0,0,0,1,0,0,0,0
5875,0,0,0,1,1,0,0,0,0,0,1
5876,0,2,0,0,0,0,0,0,0,0,1
5877,0,0,1,0,0,0,0,0,0,0,1
5878,1,0,0,0,0,0,0,0,0,0,0
5879,0,1,0,0,0,0,0,0,0,0,1
5880,0,14,0,0,0,0,1,0,0,1,0
5881,0,0,1,0,0,0,0,0,1,0,1
5882,1,2,0,1,1,0,0,0,0,1,1
5883,1,1,0,1,0,0,0,0,1,0,0
5884,0,1,1,0,0,0,0,0,0,1,0
5885,1,15,0,0,1,0,0,0,0,0,0
5886,0,0,0,0,0,0,0,0,0,0,0
5887,0,0,0,1,1,0,0,0,0,0,0
5888,1,17,0,0,1,0,0,0,0,0,0
5889,0,1,0,0,0,0,0,0,0,0,0
5890,0,3,0,0,1,0,0,0,0,0,0
5891,0,1,0,0,0,0,0,0,0,0,0
5892,1,8,0,0,1,0,0,0,0,0,1
5893,1,15,0,0,1,0,0,0,0,0,0
5894,0,0,0,0,0,0,0,0,0,1,0
5895,0,0,0,1,0,0,0,0,0,0,0
5896,1,5,0,0,1,0,0,0,0,0,1
5897,1,2,0,0,1,0,0,0,0,0,1
5898,1,0,0,1,1,0,0,0,0,1,0
5899,0,0,1,0,0,0,0,0,0,1,1
5900,1,4,0,0,0,0,0,0,1,0,0
5901,1,3,0,0,1,0,0,0,0,0,0
5902,0,1,0,0,0,0,1,0,0,0,1
5903,0,1,0,0,1,0,0,0,0,1,0
5904,1,8,0,0,0,0,0,0,0,0,0
5905,1,4,0,0,1,0,0,0,0,0,1
5906,1,8,0,0,1,0,0,0,0,1,0
5907,1,8,0,0,1,0,0,0,0,0,0
5908,0,1,0,1,1,0,0,0,0,0,1
5909,1,1,0,0,0,0,0,0,0,1,1
5910,1,4,0,0,0,0,0,0,0,0,0
5911,1,2,1,0,0,0,0,0,0,0,1
5912,0,0,1,0,0,0,0,0,0,0,1
5913,0,10,0,0,1,0,0,0,0,0,0
5914,0,1,0,0,0,0,0,0,0,1,1
5915,1,3,1,0,1,0,0,0,0,0,1
5916,0,0,0,0,0,0,0,0,1,0,0
5917,0,0,0,0,0,0,0,0,0,0,1
5918,0,0,1,0,0,0,0,0,0,1,1
5919,1,13,0,0,1,0,0,0,0,0,0
5920,1,0,0,1,1,0,0,0,0,0,0
5921,1,2,0,0,1,0,0,0,0,0,0
5922,0,1,0,0,1,0,0,0,0,1,0
5923,0,5,0,0,1,0,0,0,0,0,1
5924,1,11,0,0,1,0,0,0,0,0,0
5925,0,4,0,0,1,0,0,0,0,0,1
5926,1,1,0,0,0,0,0,0,0,0,0
5927,0,12,0,1,1,0,0,0,0,0,1
5928,0,11,1,0,1,0,0,0,0,0,0
5929,0,3,0,0,0,0,0,0,0,1,0
5930,0,11,0,0,0,0,0,0,0,0,0
5931,0,0,1,0,0,0,0,0,0,0,0
5932,1,3,0,1,0,0,0,0,0,0,0
5933,1,20,0,0,1,0,0,0,0,0,0
5934,0,6,0,0,0,0,0,0,0,0,0
5935,1,0,1,0,0,0,0,0,0,0,1
5936,1,8,0,0,1,0,0,0,0,0,1
5937,0,1,0,1,0,0,0,0,0,1,1
5938,1,1,0,1,1,0,0,0,0,0,1
5939,1,2,0,0,0,0,0,0,0,0,0
5940,0,1,0,0,1,0,0,0,0,1,0
5941,1,3,1,0,1,0,0,0,0,0,1
5942,1,5,0,1,1,0,0,0,0,0,1
5943,1,1,0,0,1,0,0,0,0,0,0
5944,1,4,0,0,0,0,0,0,0,0,0
5945,0,1,0,0,0,0,1,0,0,1,0
5946,0,0,0,0,0,0,0,0,0,0,1
5947,0,3,0,1,0,0,0,0,1,0,0
5948,1,0,0,0,1,0,0,0,0,1,1
5949,0,0,0,0,0,0,0,0,0,0,1
5950,1,0,0,1,0,0,0,0,0,1,1
5951,1,0,0,0,0,0,0,0,0,0,1
5952,1,5,0,0,1,0,0,0,0,0,1
5953,1,4,1,0,0,0,0,0,0,0,1
5954,1,4,0,0,1,0,0,0,0,0,0
5955,1,0,0,1,1,0,0,0,0,0,1
5956,1,6,0,1,0,0,0,0,1,0,0
5957,0,6,0,0,1,0,0,0,0,1,0
5958,1,20,1,0,0,0,0,0,1,0,0
5959,0,0,0,1,1,0,0,0,0,0,0
5960,0,0,1,0,0,0,0,0,0,0,0
5961,0,2,0,0,0,0,0,0,0,0,0
5962,1,1,0,0,0,0,0,0,1,0,1
5963,1,3,0,0,0,0,0,0,0,1,0
5964,0,7,1,0,0,0,0,0,0,0,0
5965,0,0,0,1,0,0,0,0,0,0,1
5966,1,6,0,0,0,0,0,0,0,0,1
5967,0,0,0,1,1,0,0,0,0,0,1
5968,0,0,0,0,1,0,0,0,0,0,0
5969,1,6,0,0,1,0,0,0,0,0,0
5970,1,4,0,0,0,0,1,0,0,0,0
5971,0,1,0,1,1,0,0,0,0,0,1
5972,0,0,0,1,0,0,0,0,0,0,1
5973,1,3,0,0,1,0,0,0,0,0,1
5974,0,0,1,0,1,0,0,0,0,0,1
5975,0,0,0,0,0,0,0,0,1,1,0
5976,0,0,0,1,1,0,0,0,0,0,0
5977,0,1,0,0,0,0,0,0,0,0,1
5978,1,18,0,0,1,0,0,0,0,0,0
5979,1,0,0,1,0,0,1,0,0,0,1
5980,1,10,0,1,1,0,0,0,0,0,0
5981,1,13,1,0,1,0,0,0,0,0,0
5982,1,2,1,0,1,0,0,0,0,0,0
5983,1,0,1,0,0,0,0,0,0,0,1
5984,0,0,1,0,1,0,0,0,0,1,0
5985,1,4,0,0,1,0,0,0,0,0,0
5986,0,4,1,0,1,0,0,0,0,1,1
5987,1,7,0,0,1,0,0,0,0,1,0
5988,0,9,0,0,1,0,0,0,0,0,0
5989,0,0,0,1,0,0,0,0,1,0,0
5990,1,10,0,0,1,0,0,0,0,0,0
5991,1,11,0,0,0,0,1,0,0,0,0
5992,1,1,0,1,1,0,0,0,0,0,0
5993,0,1,0,0,1,0,0,0,0,1,0
5994,0,0,0,0,0,0,0,0,0,0,0
5995,0,1,0,0,0,0,1,0,0,0,0
5996,0,0,0,1,1,0,0,0,0,0,0
5997,1,9,0,0,1,0,0,0,0,0,1
5998,0,2,1,0,1,0,0,0,0,0,1
5999,1,9,0,0,0,0,0,0,0,0,1
6000,1,3,1,0,0,0,0,0,0,0,0
6001,1,0,0,1,1,0,0,0,0,0,0
6002,1,28,1,0,1,0,0,0,0,0,0
6003,1,14,0,0,1,0,0,0,0,0,0
6004,0,23,0,0,1,0,0,0,0,0,0
6005,0,0,0,0,1,0,0,0,0,0,1
6006,1,4,0,0,0,0,0,0,0,0,0
6007,0,1,0,0,0,0,0,0,0,0,0
6008,0,0,1,0,0,0,0,0,0,0,1
6009,1,3,0,1,1,0,0,0,0,0,0
6010,0,1,0,1,0,0,1,0,0,1,1
6011,0,0,0,1,0,0,0,0,1,0,0
6012,0,2,0,0,1,0,0,0,0,0,1
6013,1,1,0,1,1,0,0,0,0,0,1
6014,0,4,1,0,0,0,0,0,0,0,1
6015,1,7,0,0,0,0,0,0,0,1,0
6016,1,5,0,0,1,0,0,0,0,1,0
6017,1,0,0,0,1,0,0,0,0,0,0
6018,0,1,0,0,1,0,0,0,0,1,1
6019,1,2,0,0,1,0,0,0,0,0,0
6020,0,1,1,0,1,0,0,0,0,0,0
6021,0,5,1,0,0,0,0,0,0,1,0
6022,1,18,0,0,1,0,0,0,0,0,0
6023,0,1,0,0,0,0,0,0,0,0,1
6024,0,0,0,0,1,0,0,0,0,1,0
6025,0,0,1,0,0,0,0,0,0,1,1
6026,1,1,0,1,1,0,0,0,0,0,0
6027,0,0,0,1,0,0,1,0,0,1,1
6028,0,0,0,0,0,0,0,0,0,0,0
6029,1,0,0,1,1,0,0,0,0,0,1
6030,0,4,1,0,1,0,0,0,0,0,1
6031,1,0,0,1,0,0,1,0,0,0,0
6032,1,4,0,1,1,0,0,0,0,0,0
6033,0,1,0,0,0,0,1,0,0,1,1
6034,0,0,1,0,1,0,0,0,0,0,1
6035,0,0,0,0,1,0,0,0,0,0,0
6036,1,9,0,0,1,0,0,0,0,0,0
6037,1,2,0,0,0,0,0,0,0,0,1
6038,0,1,1,0,0,0,0,0,0,0,1
6039,0,0,1,0,0,0,0,0,0,0,0
6040,1,7,1,0,1,0,0,0,0,0,0
6041,1,1,0,0,0,0,0,0,0,0,1
6042,0,1,1,0,0,0,0,0,0,0,0
6043,0,1,1,0,1,0,0,0,0,0,0
6044,0,0,1,0,0,0,0,0,0,0,1
6045,0,0,0,0,0,0,0,0,0,0,0
6046,0,2,1,0,0,0,0,0,0,1,1
6047,0,9,1,0,1,0,0,0,0,1,1
6048,0,1,0,1,0,1,0,0,0,0,1
6049,1,7,1,0,0,0,0,0,0,1,0
6050,1,15,0,0,1,0,0,0,0,0,0
6051,1,2,0,0,1,0,0,0,0,0,1
6052,1,0,0,1,1,0,0,0,0,1,0
6053,1,1,0,1,1,0,0,0,0,0,0
6054,0,5,0,0,0,0,0,0,0,0,0
6055,1,8,0,1,1,0,0,0,0,0,0
6056,1,3,0,0,0,0,0,0,0,0,1
6057,0,1,0,0,1,0,0,0,0,0,0
6058,0,1,0,0,0,0,0,0,0,0,0
6059,1,10,1,0,1,0,0,0,0,0,0
6060,1,0,1,0,0,0,0,0,1,0,0
6061,1,5,0,0,0,0,0,0,0,1,0
6062,1,2,0,1,0,1,0,0,0,0,0
6063,1,8,0,0,1,0,0,0,0,0,0
6064,1,0,0,0,0,0,1,0,0,0,1
6065,1,1,0,1,1,0,0,0,0,1,0
6066,0,0,0,0,0,0,0,0,0,0,0
6067,1,0,0,0,0,0,0,0,0,1,1
6068,0,2,0,1,0,0,1,0,0,0,0
6069,1,3,0,0,1,0,0,0,0,0,0
6070,0,14,1,0,1,0,0,0,0,0,1
6071,1,3,0,0,1,0,0,0,0,1,0
6072,1,16,0,0,1,0,0,0,0,0,1
6073,1,0,0,0,1,0,0,0,0,0,1
6074,0,0,0,1,0,0,1,0,0,0,1
6075,1,4,0,0,0,0,0,0,0,0,0
6076,1,4,0,0,1,0,0,0,0,0,1
6077,1,2,0,0,1,0,0,0,0,1,0
6078,0,0,0,0,0,0,0,0,1,0,1
6079,1,31,1,0,1,0,0,0,0,0,0
6080,0,0,0,0,1,0,0,0,0,0,0
6081,0,5,0,0,1,0,0,0,0,1,0
6082,0,5,0,0,1,0,0,0,0,0,1
6083,1,2,0,0,1,0,0,0,0,0,0
6084,1,1,0,1,1,0,0,0,0,0,0
6085,0,2,1,0,0,0,0,0,0,0,0
6086,1,4,1,0,1,0,0,0,0,0,0
6087,1,4,0,0,0,0,0,0,0,1,0
6088,0,0,0,0,0,0,0,0,0,1,1
6089,1,6,0,0,1,0,0,0,0,1,1
6090,0,0,0,1,1,0,0,0,0,1,0
6091,1,2,0,0,0,1,0,0,0,0,0
6092,0,0,1,0,1,0,0,0,0,0,1
6093,1,3,1,0,0,0,1,0,0,0,1
6094,0,0,1,0,0,0,0,0,0,0,0
6095,0,1,0,0,0,0,0,0,1,1,1
6096,0,1,0,1,0,0,0,0,0,1,0
6097,1,3,0,0,1,0,0,0,0,0,0
6098,0,11,0,0,0,0,0,0,0,0,0
6099,1,1,1,0,0,0,1,0,0,1,0
6100,1,1,0,0,1,0,0,0,0,1,0
6101,1,4,0,0,1,0,0,0,0,1,0
6102,0,4,1,0,1,0,0,0,0,0,0
6103,0,8,1,0,0,0,0,0,0,0,1
6104,0,3,0,0,1,0,0,0,0,0,0
6105,1,9,0,0,1,0,0,0,0,1,0
6106,0,5,0,0,0,0,0,0,0,0,1
6107,1,7,0,0,0,0,0,0,0,0,1
6108,1,1,0,1,1,0,0,0,0,0,0
6109,0,3,0,0,0,0,0,0,0,1,0
6110,1,14,0,0,0,0,0,0,0,0,0
6111,0,1,0,0,0,0,1,0,0,0,1
6112,1,0,0,1,1,0,0,0,0,0,0
6113,1,11,0,0,1,0,0,0,0,0,0
6114,0,2,0,0,0,0,0,0,0,0,0
6115,1,12,0,0,1,0,0,0,0,0,1
6116,0,4,0,0,0,0,0,0,0,0,0
6117,0,2,0,0,1,0,0,0,0,0,1
6118,0,4,1,0,0,0,0,0,0,0,1
6119,0,0,0,0,1,0,0,0,0,0,1
6120,1,3,0,0,0,0,0,0,0,0,1
6121,0,1,0,1,1,0,0,0,0,0,0
6122,0,5,1,0,1,0,0,0,0,0,1
6123,1,7,0,0,1,0,0,0,0,0,0
6124,0,1,0,0,0,0,1,0,0,0,0
6125,0,4,0,0,1,0,0,0,0,0,0
6126,0,0,0,0,0,0,0,0,0,0,1
6127,1,7,0,0,0,0,1,0,0,0,1
6128,1,0,0,1,1,0,0,0,0,0,0
6129,0,1,1,0,0,0,0,0,0,1,1
6130,0,2,0,0,0,0,0,0,0,0,1
6131,1,0,0,0,0,0,0,0,0,0,1
6132,0,0,0,1,1,0,0,0,0,0,1
6133,1,0,0,1,1,0,0,0,0,0,0
6134,0,1,0,0,1,0,0,0,0,0,1
6135,1,4,1,0,1,0,0,0,0,0,1
6136,1,0,1,0,0,0,0,0,0,0,1
6137,0,0,0,1,0,0,1,0,0,0,1
6138,0,1,0,1,0,0,0,0,0,1,0
6139,0,3,1,0,0,0,0,0,0,1,0
6140,0,1,1,0,0,0,0,0,0,1,1
6141,1,7,1,0,1,0,0,0,0,0,1
6142,0,2,1,0,0,0,0,0,0,1,0
6143,1,0,0,1,1,0,0,0,0,1,0
6144,1,4,0,0,0,0,0,0,0,1,1
6145,0,5,0,0,0,0,0,0,0,0,0
6146,0,9,0,0,1,0,0,0,0,0,0
6147,1,14,1,0,0,0,0,0,0,0,0
6148,0,0,0,0,0,0,0,0,0,0,1
6149,1,3,0,0,1,0,0,0,0,0,1
6150,1,2,0,1,1,0,0,0,0,0,1
6151,0,0,0,0,0,0,0,0,0,0,0
6152,0,1,0,0,1,0,0,0,0,0,0
6153,1,2,0,0,0,0,0,0,0,1,1
6154,1,8,0,0,1,0,0,0,0,0,1
6155,0,0,0,0,1,0,0,0,0,0,1
6156,0,1,0,0,1,0,0,0,0,0,0
6157,0,4,0,0,1,0,0,0,0,0,0
6158,0,0,0,1,0,0,0,0,0,0,0
6159,1,0,0,1,1,0,0,0,0,1,1
6160,1,19,0,0,1,0,0,0,0,0,0
6161,0,0,0,0,0,0,1,0,0,0,0
6162,0,0,0,0,0,0,1,0,0,0,0
6163,0,2,0,0,1,0,0,0,0,0,1
6164,1,0,0,1,0,0,0,0,0,0,1
6165,1,0,0,0,1,0,0,0,0,0,1
6166,0,0,0,1,1,0,0,0,0,0,0
6167,0,0,0,1,1,0,0,0,0,0,0
6168,0,0,0,1,1,0,0,0,0,0,0
6169,0,0,1,0,0,0,0,0,1,0,0
6170,0,3,0,0,1,0,0,0,0,1,1
6171,1,2,0,1,0,0,1,0,0,1,0
